model,feature,sample_index,value,p_A,p_B,p_D
random_forest,squad_rating_diff,0,-12.493624205621112,0.20712481530821805,0.45135570936894553,0.3415194753228361
random_forest,squad_rating_diff,1,-12.493624205621112,0.09784550309884567,0.5141921530849461,0.3879623438162085
random_forest,squad_rating_diff,2,-12.493624205621112,0.18857806550602088,0.5344977537667487,0.2769241807272303
random_forest,squad_rating_diff,3,-12.493624205621112,0.14996491044477298,0.47710980090107563,0.37292528865415114
random_forest,squad_rating_diff,4,-12.493624205621112,0.02263608494673548,0.7154325552288561,0.26193135982440846
random_forest,squad_rating_diff,5,-12.493624205621112,0.05350724542063384,0.6909352358540706,0.25555751872529564
random_forest,squad_rating_diff,6,-12.493624205621112,0.05533302155627809,0.6531391255522035,0.2915278528915184
random_forest,squad_rating_diff,7,-12.493624205621112,0.08078887147921829,0.7142640300086766,0.20494709851210494
random_forest,squad_rating_diff,8,-12.493624205621112,0.1832612301885952,0.5595716681368222,0.2571671016745824
random_forest,squad_rating_diff,9,-12.493624205621112,0.4374023496926067,0.2469671709965173,0.3156304793108758
random_forest,squad_rating_diff,10,-12.493624205621112,0.42090333748357106,0.28996982683109723,0.2891268356853319
random_forest,squad_rating_diff,11,-12.493624205621112,0.09364007122610281,0.5340745450120504,0.37228538376184694
random_forest,squad_rating_diff,12,-12.493624205621112,0.16457378275770934,0.47149765588599646,0.3639285613562943
random_forest,squad_rating_diff,13,-12.493624205621112,0.1509738047684416,0.590876464281137,0.25814973095042126
random_forest,squad_rating_diff,14,-12.493624205621112,0.5626408512739367,0.19500250159586985,0.2423566471301937
random_forest,squad_rating_diff,15,-12.493624205621112,0.33036142163182125,0.23890831925655953,0.4307302591116194
random_forest,squad_rating_diff,16,-12.493624205621112,0.5501025385759938,0.14884318979409908,0.301054271629907
random_forest,squad_rating_diff,17,-12.493624205621112,0.4916338142581876,0.24909771754345564,0.2592684681983566
random_forest,squad_rating_diff,18,-12.493624205621112,0.5741282444158292,0.1596799000443013,0.2661918555398695
random_forest,squad_rating_diff,19,-12.493624205621112,0.06601002361626541,0.581919412445446,0.35207056393828867
random_forest,squad_rating_diff,20,-12.493624205621112,0.44820982060560066,0.19963338215295504,0.35215679724144433
random_forest,squad_rating_diff,21,-12.493624205621112,0.03465598918523171,0.7186146090140942,0.24672940180067426
random_forest,squad_rating_diff,22,-12.493624205621112,0.03360250571835557,0.8137539212597423,0.1526435730219022
random_forest,squad_rating_diff,23,-12.493624205621112,0.4586169994398976,0.21287584298037265,0.32850715757972965
random_forest,squad_rating_diff,24,-12.493624205621112,0.10434460512119594,0.6542530792173359,0.24140231566146841
random_forest,squad_rating_diff,25,-12.493624205621112,0.44445298217964035,0.19712297865713066,0.35842403916322896
random_forest,squad_rating_diff,26,-12.493624205621112,0.4356970681581394,0.13678703037938572,0.42751590146247503
random_forest,squad_rating_diff,27,-12.493624205621112,0.12209492804309208,0.46124359326727143,0.41666147868963677
random_forest,squad_rating_diff,28,-12.493624205621112,0.4872590672950261,0.21560545225249672,0.29713548045247673
random_forest,squad_rating_diff,29,-12.493624205621112,0.2901240521295923,0.4486329111752508,0.26124303669515697
random_forest,squad_rating_diff,30,-12.493624205621112,0.04694207558808011,0.553263751543177,0.39979417286874286
random_forest,squad_rating_diff,31,-12.493624205621112,0.01690922435696798,0.7446651094272646,0.2384256662157673
random_forest,squad_rating_diff,32,-12.493624205621112,0.3592161430767768,0.3420813762099506,0.2987024807132726
random_forest,squad_rating_diff,33,-12.493624205621112,0.44190576619501604,0.2726836982522724,0.2854105355527116
random_forest,squad_rating_diff,34,-12.493624205621112,0.3341790212426064,0.41511698421718707,0.2507039945402066
random_forest,squad_rating_diff,35,-12.493624205621112,0.5376342643851001,0.2744269856531907,0.18793874996170934
random_forest,squad_rating_diff,36,-12.493624205621112,0.37723872248002427,0.3821134290443214,0.24064784847565437
random_forest,squad_rating_diff,37,-12.493624205621112,0.023232826333245974,0.8096864237038376,0.16708074996291675
random_forest,squad_rating_diff,38,-12.493624205621112,0.32004320429748345,0.2874446475566492,0.3925121481458674
random_forest,squad_rating_diff,39,-12.493624205621112,0.5725313638706101,0.19669014011860833,0.2307784960107819
random_forest,squad_rating_diff,40,-12.493624205621112,0.32029693377668844,0.44444920022626544,0.23525386599704598
random_forest,squad_rating_diff,41,-12.493624205621112,0.015085031103045122,0.7978738001229059,0.18704116877404886
random_forest,squad_rating_diff,42,-12.493624205621112,0.5021545127242065,0.13908482531914382,0.35876066195664963
random_forest,squad_rating_diff,43,-12.493624205621112,0.1588032002701675,0.44113926226807837,0.4000575374617541
random_forest,squad_rating_diff,44,-12.493624205621112,0.07009033230676966,0.764214749163752,0.1656949185294785
random_forest,squad_rating_diff,45,-12.493624205621112,0.39009074292372764,0.2317072431707826,0.37820201390548974
random_forest,squad_rating_diff,46,-12.493624205621112,0.04887350090833701,0.7102076246200605,0.2409188744716022
random_forest,squad_rating_diff,47,-12.493624205621112,0.14428002473730642,0.5025165258887966,0.35320344937389697
random_forest,squad_rating_diff,48,-12.493624205621112,0.5393990146253477,0.26592838647352474,0.19467259890112765
random_forest,squad_rating_diff,49,-12.493624205621112,0.35714444283149255,0.28347666390313103,0.3593788932653763
random_forest,squad_rating_diff,0,-8.881042743562332,0.20777778103332703,0.45023283878431886,0.34198938018235375
random_forest,squad_rating_diff,1,-8.881042743562332,0.10099861877666777,0.502522580608413,0.39647880061491964
random_forest,squad_rating_diff,2,-8.881042743562332,0.1910282605620538,0.535570402976521,0.273401336461425
random_forest,squad_rating_diff,3,-8.881042743562332,0.15128346953071498,0.47049369024209997,0.3782228402271848
random_forest,squad_rating_diff,4,-8.881042743562332,0.025442449196131766,0.7048795938508059,0.26967795695306257
random_forest,squad_rating_diff,5,-8.881042743562332,0.06564936503518914,0.6650783608411762,0.2692722741236348
random_forest,squad_rating_diff,6,-8.881042743562332,0.06100795563341698,0.6534884112534852,0.28550363311309773
random_forest,squad_rating_diff,7,-8.881042743562332,0.08079475546655494,0.732168219086902,0.1870370254465428
random_forest,squad_rating_diff,8,-8.881042743562332,0.1832612301885952,0.5595716681368222,0.2571671016745824
random_forest,squad_rating_diff,9,-8.881042743562332,0.44098508009562903,0.24698327552319868,0.3120316443811721
random_forest,squad_rating_diff,10,-8.881042743562332,0.42090333748357106,0.28996982683109723,0.2891268356853319
random_forest,squad_rating_diff,11,-8.881042743562332,0.09943745479460382,0.5105916717265249,0.38997087347887166
random_forest,squad_rating_diff,12,-8.881042743562332,0.16895412541513755,0.4659562564061683,0.3650896181786942
random_forest,squad_rating_diff,13,-8.881042743562332,0.15180718562482884,0.5963635995578128,0.25182921481735815
random_forest,squad_rating_diff,14,-8.881042743562332,0.5626408512739367,0.19500250159586985,0.2423566471301937
random_forest,squad_rating_diff,15,-8.881042743562332,0.33128756541920973,0.23841401453250366,0.43029842004828683
random_forest,squad_rating_diff,16,-8.881042743562332,0.5501025385759938,0.14884318979409908,0.301054271629907
random_forest,squad_rating_diff,17,-8.881042743562332,0.4916338142581876,0.24909771754345564,0.2592684681983566
random_forest,squad_rating_diff,18,-8.881042743562332,0.5750543882032176,0.15918559532024543,0.2657600164765369
random_forest,squad_rating_diff,19,-8.881042743562332,0.07000702880629985,0.571763397592375,0.3582295736013252
random_forest,squad_rating_diff,20,-8.881042743562332,0.4491359643929891,0.19913907742889914,0.3517249581781117
random_forest,squad_rating_diff,21,-8.881042743562332,0.04069093145051094,0.6937710600411514,0.26553800850833786
random_forest,squad_rating_diff,22,-8.881042743562332,0.038818807773500816,0.8330483008982466,0.12813289132825298
random_forest,squad_rating_diff,23,-8.881042743562332,0.459543143227286,0.21238153825631675,0.32807531851639704
random_forest,squad_rating_diff,24,-8.881042743562332,0.1084386265931487,0.6577973462949689,0.23376402711188263
random_forest,squad_rating_diff,25,-8.881042743562332,0.4453791259670288,0.19662867393307473,0.35799220009989635
random_forest,squad_rating_diff,26,-8.881042743562332,0.43662321194552783,0.13629272565532982,0.4270840623991425
random_forest,squad_rating_diff,27,-8.881042743562332,0.1282692463819057,0.4438277609760806,0.42790299264201376
random_forest,squad_rating_diff,28,-8.881042743562332,0.48992548495770866,0.2165378695195178,0.2935366455227731
random_forest,squad_rating_diff,29,-8.881042743562332,0.2901240521295923,0.4486329111752508,0.26124303669515697
random_forest,squad_rating_diff,30,-8.881042743562332,0.049763927716917074,0.5068352145363629,0.4434008577467204
random_forest,squad_rating_diff,31,-8.881042743562332,0.025915136351798516,0.7423760405782628,0.23170882306993887
random_forest,squad_rating_diff,32,-8.881042743562332,0.3592161430767768,0.3420813762099506,0.2987024807132726
random_forest,squad_rating_diff,33,-8.881042743562332,0.44283190998240446,0.27218939352821653,0.284978696489379
random_forest,squad_rating_diff,34,-8.881042743562332,0.3341790212426064,0.41511698421718707,0.2507039945402066
random_forest,squad_rating_diff,35,-8.881042743562332,0.5376342643851001,0.2744269856531907,0.18793874996170934
random_forest,squad_rating_diff,36,-8.881042743562332,0.37723872248002427,0.3821134290443214,0.24064784847565437
random_forest,squad_rating_diff,37,-8.881042743562332,0.02389197765531005,0.790807876540358,0.18530014580433216
random_forest,squad_rating_diff,38,-8.881042743562332,0.32096934808487193,0.28695034283259335,0.39208030908253483
random_forest,squad_rating_diff,39,-8.881042743562332,0.5725313638706101,0.19669014011860833,0.2307784960107819
random_forest,squad_rating_diff,40,-8.881042743562332,0.32029693377668844,0.44444920022626544,0.23525386599704598
random_forest,squad_rating_diff,41,-8.881042743562332,0.017127873292638537,0.7884066036036348,0.1944655231037267
random_forest,squad_rating_diff,42,-8.881042743562332,0.5027484312796678,0.13628062354000722,0.36097094518032485
random_forest,squad_rating_diff,43,-8.881042743562332,0.16022147988082525,0.4371616484432767,0.40261687167589794
random_forest,squad_rating_diff,44,-8.881042743562332,0.07284710548378621,0.7617059749573447,0.16544691955886917
random_forest,squad_rating_diff,45,-8.881042743562332,0.39101688671111606,0.23121293844672672,0.37777017484215714
random_forest,squad_rating_diff,46,-8.881042743562332,0.06204896509538429,0.6870493075051812,0.25090172739943434
random_forest,squad_rating_diff,47,-8.881042743562332,0.14542440056846423,0.5012979198926203,0.3532776795389155
random_forest,squad_rating_diff,48,-8.881042743562332,0.5393990146253477,0.26592838647352474,0.19467259890112765
random_forest,squad_rating_diff,49,-8.881042743562332,0.35807058661888097,0.28298235917907516,0.3589470542020437
random_forest,squad_rating_diff,0,-7.403234966954589,0.2067770606652951,0.4569513599471133,0.3362715793875914
random_forest,squad_rating_diff,1,-7.403234966954589,0.10680213828295476,0.5208806483220046,0.37231721339504104
random_forest,squad_rating_diff,2,-7.403234966954589,0.19106457391211404,0.5178381577785832,0.2910972683093027
random_forest,squad_rating_diff,3,-7.403234966954589,0.14950858783279203,0.46764659082338417,0.38284482134382364
random_forest,squad_rating_diff,4,-7.403234966954589,0.02534942875158719,0.6784930594806776,0.2961575117677355
random_forest,squad_rating_diff,5,-7.403234966954589,0.06794516181237718,0.6594568191912596,0.2725980189963633
random_forest,squad_rating_diff,6,-7.403234966954589,0.06261678789500871,0.6386037488718322,0.2987794632331589
random_forest,squad_rating_diff,7,-7.403234966954589,0.08480621786913418,0.7218767212088711,0.19331706092199433
random_forest,squad_rating_diff,8,-7.403234966954589,0.18480609908524573,0.5529650934754871,0.262228807439267
random_forest,squad_rating_diff,9,-7.403234966954589,0.44007876247413463,0.2447938424382741,0.315127395087591
random_forest,squad_rating_diff,10,-7.403234966954589,0.42047879339849076,0.2819847335425246,0.29753647305898473
random_forest,squad_rating_diff,11,-7.403234966954589,0.10223699126451381,0.4915909559337852,0.40617205280170127
random_forest,squad_rating_diff,12,-7.403234966954589,0.17017264988388625,0.4518344266249798,0.37799292349113384
random_forest,squad_rating_diff,13,-7.403234966954589,0.1577947629131625,0.5828030994135305,0.2594021376733069
random_forest,squad_rating_diff,14,-7.403234966954589,0.5626408512739367,0.19023375804011788,0.24712539068594566
random_forest,squad_rating_diff,15,-7.403234966954589,0.33128756541920973,0.23841401453250366,0.43029842004828683
random_forest,squad_rating_diff,16,-7.403234966954589,0.5501025385759938,0.14884318979409908,0.301054271629907
random_forest,squad_rating_diff,17,-7.403234966954589,0.490530371858733,0.2502011599429103,0.2592684681983566
random_forest,squad_rating_diff,18,-7.403234966954589,0.5750543882032176,0.15918559532024543,0.2657600164765369
random_forest,squad_rating_diff,19,-7.403234966954589,0.07199018244694054,0.5513116791928634,0.376698138360196
random_forest,squad_rating_diff,20,-7.403234966954589,0.4491359643929891,0.19913907742889914,0.3517249581781117
random_forest,squad_rating_diff,21,-7.403234966954589,0.04122042127759101,0.6915826918651476,0.26719688685726134
random_forest,squad_rating_diff,22,-7.403234966954589,0.040501490640954645,0.8203468818440981,0.13915162751494747
random_forest,squad_rating_diff,23,-7.403234966954589,0.4631863274438945,0.20873835403970828,0.32807531851639704
random_forest,squad_rating_diff,24,-7.403234966954589,0.10950305018831051,0.6539824384818288,0.23651451132986093
random_forest,squad_rating_diff,25,-7.403234966954589,0.4453791259670288,0.19662867393307473,0.35799220009989635
random_forest,squad_rating_diff,26,-7.403234966954589,0.43662321194552783,0.13629272565532982,0.4270840623991425
random_forest,squad_rating_diff,27,-7.403234966954589,0.12790429063120945,0.44392602893930433,0.4281696804294864
random_forest,squad_rating_diff,28,-7.403234966954589,0.48992548495770866,0.2165378695195178,0.2935366455227731
random_forest,squad_rating_diff,29,-7.403234966954589,0.292424162964426,0.43924864286321985,0.2683271941723541
random_forest,squad_rating_diff,30,-7.403234966954589,0.058920753945523624,0.4963794223398122,0.4446998237146644
random_forest,squad_rating_diff,31,-7.403234966954589,0.028881482651768528,0.7418155648852748,0.22930295246295693
random_forest,squad_rating_diff,32,-7.403234966954589,0.3590434496084598,0.3318872588452908,0.30906929154624946
random_forest,squad_rating_diff,33,-7.403234966954589,0.4433135182057508,0.25688606225878313,0.29980041953546605
random_forest,squad_rating_diff,34,-7.403234966954589,0.33398761884131106,0.41060229426613826,0.25541008689255074
random_forest,squad_rating_diff,35,-7.403234966954589,0.5376342643851001,0.2744269856531907,0.18793874996170934
random_forest,squad_rating_diff,36,-7.403234966954589,0.37723872248002427,0.37734468548856953,0.24541659203140634
random_forest,squad_rating_diff,37,-7.403234966954589,0.02547289718894658,0.7756281153783712,0.19889898743268222
random_forest,squad_rating_diff,38,-7.403234966954589,0.32096934808487193,0.28695034283259335,0.39208030908253483
random_forest,squad_rating_diff,39,-7.403234966954589,0.5725313638706101,0.19669014011860833,0.2307784960107819
random_forest,squad_rating_diff,40,-7.403234966954589,0.32010553137539305,0.4399345102752165,0.2399599583493901
random_forest,squad_rating_diff,41,-7.403234966954589,0.02111991990142235,0.7573404917924851,0.22153958830609247
random_forest,squad_rating_diff,42,-7.403234966954589,0.5027484312796678,0.13628062354000722,0.36097094518032485
random_forest,squad_rating_diff,43,-7.403234966954589,0.164507629173228,0.4285478467864119,0.4069445240403602
random_forest,squad_rating_diff,44,-7.403234966954589,0.07585716771866731,0.7378265931975506,0.18631623908378206
random_forest,squad_rating_diff,45,-7.403234966954589,0.39101688671111606,0.23121293844672672,0.37777017484215714
random_forest,squad_rating_diff,46,-7.403234966954589,0.06432541539919684,0.6858646708447789,0.2498099137560241
random_forest,squad_rating_diff,47,-7.403234966954589,0.1455908033730043,0.507250576682331,0.3471586199446648
random_forest,squad_rating_diff,48,-7.403234966954589,0.5396195387867664,0.2607649740958679,0.19961548711736563
random_forest,squad_rating_diff,49,-7.403234966954589,0.35807058661888097,0.28298235917907516,0.3589470542020437
random_forest,squad_rating_diff,0,-5.8902559371149685,0.21486158647963496,0.44015468089466747,0.3449837326256973
random_forest,squad_rating_diff,1,-5.8902559371149685,0.11670265498026318,0.5100530707116059,0.3732442743081312
random_forest,squad_rating_diff,2,-5.8902559371149685,0.19876477995947026,0.5295487763785173,0.2716864436620122
random_forest,squad_rating_diff,3,-5.8902559371149685,0.1524124919554348,0.46600654254288515,0.3815809655016798
random_forest,squad_rating_diff,4,-5.8902559371149685,0.04620863837501558,0.642893677969267,0.3108976836557176
random_forest,squad_rating_diff,5,-5.8902559371149685,0.07003268487270242,0.639878500288868,0.2900888148384297
random_forest,squad_rating_diff,6,-5.8902559371149685,0.06771268416190881,0.6151239158516683,0.3171633999864229
random_forest,squad_rating_diff,7,-5.8902559371149685,0.08965853053341481,0.7159333607818713,0.19440810868471325
random_forest,squad_rating_diff,8,-5.8902559371149685,0.190089272597433,0.5580314290475766,0.25187929835499023
random_forest,squad_rating_diff,9,-5.8902559371149685,0.4469811755298803,0.24378249341580535,0.3092363310543141
random_forest,squad_rating_diff,10,-5.8902559371149685,0.42305460735874795,0.2829584243430178,0.29398696829823434
random_forest,squad_rating_diff,11,-5.8902559371149685,0.11520561355713427,0.4719234339844139,0.4128709524584521
random_forest,squad_rating_diff,12,-5.8902559371149685,0.18122972453664912,0.43290723504601347,0.3858630404173374
random_forest,squad_rating_diff,13,-5.8902559371149685,0.17739244480447036,0.5602868497683291,0.2623207054272004
random_forest,squad_rating_diff,14,-5.8902559371149685,0.5644913718382458,0.18955541472475534,0.2459532134369992
random_forest,squad_rating_diff,15,-5.8902559371149685,0.3344325306358759,0.2271163230412654,0.4384511463228588
random_forest,squad_rating_diff,16,-5.8902559371149685,0.5528812431521717,0.13659453685215656,0.31052421999567165
random_forest,squad_rating_diff,17,-5.8902559371149685,0.49238089242304195,0.24475407307179584,0.262865034505162
random_forest,squad_rating_diff,18,-5.8902559371149685,0.5774829654804315,0.14555618062608605,0.2769608538934824
random_forest,squad_rating_diff,19,-5.8902559371149685,0.08432497226705726,0.528778420879887,0.38689660685305544
random_forest,squad_rating_diff,20,-5.8902559371149685,0.4515727852873462,0.18510110046867398,0.3633261142439797
random_forest,squad_rating_diff,21,-5.8902559371149685,0.05050331055937534,0.6736731840863829,0.2758235053542418
random_forest,squad_rating_diff,22,-5.8902559371149685,0.04614809508693824,0.8151750752494507,0.13867682966361136
random_forest,squad_rating_diff,23,-5.8902559371149685,0.466130444598471,0.19468612969042287,0.3391834257111059
random_forest,squad_rating_diff,24,-5.8902559371149685,0.11187708837019394,0.6373896860113237,0.25073322561848244
random_forest,squad_rating_diff,25,-5.8902559371149685,0.44787805646942447,0.18441970960409107,0.3677022339264844
random_forest,squad_rating_diff,26,-5.8902559371149685,0.44015456432408834,0.1278115162312178,0.432033919444694
random_forest,squad_rating_diff,27,-5.8902559371149685,0.1354255789267956,0.3987901498294482,0.46578427124375626
random_forest,squad_rating_diff,28,-5.8902559371149685,0.49750238609689973,0.20414719570161757,0.29835041820148234
random_forest,squad_rating_diff,29,-5.8902559371149685,0.294274683528735,0.4385702995478573,0.26715501692340765
random_forest,squad_rating_diff,30,-5.8902559371149685,0.06783404008801162,0.48986471369379037,0.44230124621819816
random_forest,squad_rating_diff,31,-5.8902559371149685,0.027721227067507893,0.7445996997836192,0.22767907314887315
random_forest,squad_rating_diff,32,-5.8902559371149685,0.36284376882764,0.32854989414765795,0.30860633702470197
random_forest,squad_rating_diff,33,-5.8902559371149685,0.4474141127394767,0.24683363845963838,0.30575224880088475
random_forest,squad_rating_diff,34,-5.8902559371149685,0.34572636310973864,0.40132122223863886,0.2529524146516226
random_forest,squad_rating_diff,35,-5.8902559371149685,0.5394847849494091,0.2768179329183793,0.18369728213221168
random_forest,squad_rating_diff,36,-5.8902559371149685,0.3790892430443333,0.376666342173207,0.24424441478245992
random_forest,squad_rating_diff,37,-5.8902559371149685,0.040037155523166605,0.7269480701148513,0.23301477436198223
random_forest,squad_rating_diff,38,-5.8902559371149685,0.32442038768806364,0.2796816495912598,0.3958979627206766
random_forest,squad_rating_diff,39,-5.8902559371149685,0.5743818844349191,0.1912430532474938,0.2343750623175874
random_forest,squad_rating_diff,40,-5.8902559371149685,0.32154756783878946,0.43331225102320053,0.2451401811380098
random_forest,squad_rating_diff,41,-5.8902559371149685,0.031498905738030214,0.7466785026580823,0.22182259160388737
random_forest,squad_rating_diff,42,-5.8902559371149685,0.5063420525935921,0.12671165772196255,0.36694628968444537
random_forest,squad_rating_diff,43,-5.8902559371149685,0.16493279585844065,0.4031553584774114,0.43191184566414803
random_forest,squad_rating_diff,44,-5.8902559371149685,0.08256688461976788,0.7310056464127421,0.18642746896748996
random_forest,squad_rating_diff,45,-5.8902559371149685,0.4001336653140164,0.2196190031194638,0.3802473315665198
random_forest,squad_rating_diff,46,-5.8902559371149685,0.06450879821569958,0.6700209769075086,0.2654702248767916
random_forest,squad_rating_diff,47,-5.8902559371149685,0.1500733134308425,0.5019409582056106,0.34798572836354696
random_forest,squad_rating_diff,48,-5.8902559371149685,0.5419656645345529,0.260123460835353,0.19791087463009407
random_forest,squad_rating_diff,49,-5.8902559371149685,0.36576302514748865,0.2766579871180044,0.3575789877345068
random_forest,squad_rating_diff,0,-4.463617604947137,0.21988910292093253,0.4437619445839697,0.3363489524950976
random_forest,squad_rating_diff,1,-4.463617604947137,0.12198883405324705,0.5079243268557048,0.37008683909104856
random_forest,squad_rating_diff,2,-4.463617604947137,0.20708357570778888,0.5348228770656709,0.25809354722654015
random_forest,squad_rating_diff,3,-4.463617604947137,0.16516854745678436,0.48099716952181065,0.35383428302140496
random_forest,squad_rating_diff,4,-4.463617604947137,0.055539905942205973,0.6410234958311504,0.30343659822664376
random_forest,squad_rating_diff,5,-4.463617604947137,0.07081564859782961,0.6209406191992434,0.308243732202927
random_forest,squad_rating_diff,6,-4.463617604947137,0.07927463306000496,0.5912501513471676,0.3294752155928273
random_forest,squad_rating_diff,7,-4.463617604947137,0.09830680269567471,0.7012703867583497,0.20042281054597513
random_forest,squad_rating_diff,8,-4.463617604947137,0.19457824079507668,0.56346707468233,0.24195468452259314
random_forest,squad_rating_diff,9,-4.463617604947137,0.4510535786399918,0.24488800994501733,0.3040584114149906
random_forest,squad_rating_diff,10,-4.463617604947137,0.4204336850217618,0.28854682417389604,0.2910194908043422
random_forest,squad_rating_diff,11,-4.463617604947137,0.12463673435854787,0.4647179185140122,0.4106453471274403
random_forest,squad_rating_diff,12,-4.463617604947137,0.1826866141309663,0.4194107858268136,0.39790260004222006
random_forest,squad_rating_diff,13,-4.463617604947137,0.18392996849771107,0.5557533984619484,0.26031663304034036
random_forest,squad_rating_diff,14,-4.463617604947137,0.5671446404104681,0.18649879573710604,0.24635656385242624
random_forest,squad_rating_diff,15,-4.463617604947137,0.33393727222908925,0.22251487052855531,0.4435478572423555
random_forest,squad_rating_diff,16,-4.463617604947137,0.5529585900316549,0.13638986091216235,0.31065154905618253
random_forest,squad_rating_diff,17,-4.463617604947137,0.48876728196482294,0.24373377573845345,0.2674989422967235
random_forest,squad_rating_diff,18,-4.463617604947137,0.5794635669353191,0.14201958044140686,0.27851685262327414
random_forest,squad_rating_diff,19,-4.463617604947137,0.0943718834509703,0.5384804735134306,0.3671476430355987
random_forest,squad_rating_diff,20,-4.463617604947137,0.4602586137180236,0.1780229178679208,0.3617184684140555
random_forest,squad_rating_diff,21,-4.463617604947137,0.05594353056850426,0.6767561459020756,0.26730032352942007
random_forest,squad_rating_diff,22,-4.463617604947137,0.05607181445311016,0.8122589933328829,0.13166919221400722
random_forest,squad_rating_diff,23,-4.463617604947137,0.46811104605335857,0.19114952950574363,0.3407394244408975
random_forest,squad_rating_diff,24,-4.463617604947137,0.1323855880854149,0.639144516447322,0.22846989546726323
random_forest,squad_rating_diff,25,-4.463617604947137,0.449858657924312,0.18088310941941185,0.3692582326562761
random_forest,squad_rating_diff,26,-4.463617604947137,0.4421351657789759,0.12427491604653862,0.4335899181744857
random_forest,squad_rating_diff,27,-4.463617604947137,0.14318312672916025,0.38963777775465575,0.46717909551618425
random_forest,squad_rating_diff,28,-4.463617604947137,0.4977427136764931,0.19918387352586142,0.30307341279764516
random_forest,squad_rating_diff,29,-4.463617604947137,0.29349302515947984,0.42884159637369357,0.27766537846682654
random_forest,squad_rating_diff,30,-4.463617604947137,0.07007011789559721,0.510867528114931,0.4190623539894718
random_forest,squad_rating_diff,31,-4.463617604947137,0.0374994480901808,0.7501126637563654,0.21238788815345408
random_forest,squad_rating_diff,32,-4.463617604947137,0.36551407740982395,0.32559534356857395,0.30889057902160205
random_forest,squad_rating_diff,33,-4.463617604947137,0.44939471419436433,0.24329703827495916,0.3073082475306765
random_forest,squad_rating_diff,34,-4.463617604947137,0.34436488935183013,0.41468979128819683,0.2409453193599731
random_forest,squad_rating_diff,35,-4.463617604947137,0.5421380535216312,0.27376131393073,0.18410063254763878
random_forest,squad_rating_diff,36,-4.463617604947137,0.38070239978253095,0.3664772785946242,0.252820321622845
random_forest,squad_rating_diff,37,-4.463617604947137,0.04960486145117448,0.7150855794025509,0.2353095591462744
random_forest,squad_rating_diff,38,-4.463617604947137,0.3313888027081723,0.2704377951068722,0.39817340218495545
random_forest,squad_rating_diff,39,-4.463617604947137,0.5758324958133642,0.19275991936294093,0.23140758482369525
random_forest,squad_rating_diff,40,-4.463617604947137,0.3199851357178319,0.4272837968571325,0.2527310674250355
random_forest,squad_rating_diff,41,-4.463617604947137,0.042168875015046015,0.7444587379402043,0.21337238704474937
random_forest,squad_rating_diff,42,-4.463617604947137,0.5086548792804068,0.125484954592364,0.3658601661272292
random_forest,squad_rating_diff,43,-4.463617604947137,0.1666841687164586,0.38865821398493927,0.4446576172986021
random_forest,squad_rating_diff,44,-4.463617604947137,0.09588385844972018,0.7066971682844819,0.19741897326579771
random_forest,squad_rating_diff,45,-4.463617604947137,0.4021142667689039,0.21608240293478456,0.38180333029631147
random_forest,squad_rating_diff,46,-4.463617604947137,0.0704254726264353,0.6598867019087868,0.2696878254647778
random_forest,squad_rating_diff,47,-4.463617604947137,0.15778471446351797,0.48384198687234165,0.35837329866414036
random_forest,squad_rating_diff,48,-4.463617604947137,0.5397675670085961,0.26174167437399143,0.19849075861741236
random_forest,squad_rating_diff,49,-4.463617604947137,0.36774362660237614,0.27312138693332516,0.35913498646429853
random_forest,squad_rating_diff,0,-2.6569137038243484,0.22886130823613848,0.4367582613836352,0.33438043038022625
random_forest,squad_rating_diff,1,-2.6569137038243484,0.13263700756397181,0.5110007657781558,0.3563622266578727
random_forest,squad_rating_diff,2,-2.6569137038243484,0.22087393991207135,0.5237476648487572,0.25537839523917144
random_forest,squad_rating_diff,3,-2.6569137038243484,0.1713463331823447,0.46268517556117833,0.3659684912564769
random_forest,squad_rating_diff,4,-2.6569137038243484,0.0795215378847977,0.6295653028228761,0.29091315929232636
random_forest,squad_rating_diff,5,-2.6569137038243484,0.08344627009056738,0.618627649981977,0.29792607992745573
random_forest,squad_rating_diff,6,-2.6569137038243484,0.10235076975076544,0.5631001917841105,0.33454903846512374
random_forest,squad_rating_diff,7,-2.6569137038243484,0.10807915634792209,0.6479971210120509,0.24392372264002685
random_forest,squad_rating_diff,8,-2.6569137038243484,0.20544806867114782,0.5446656475247911,0.24988628380406105
random_forest,squad_rating_diff,9,-2.6569137038243484,0.4687095824448216,0.24058176764256392,0.29070864991261425
random_forest,squad_rating_diff,10,-2.6569137038243484,0.4330698144836784,0.2611440543932213,0.3057861311231003
random_forest,squad_rating_diff,11,-2.6569137038243484,0.13585545538854918,0.45786891708016625,0.4062756275312847
random_forest,squad_rating_diff,12,-2.6569137038243484,0.19947231273433655,0.41490835481002475,0.3856193324556387
random_forest,squad_rating_diff,13,-2.6569137038243484,0.19762037608860863,0.5482445868005595,0.25413503711083163
random_forest,squad_rating_diff,14,-2.6569137038243484,0.5859207220421125,0.17431210879791034,0.2397671691599775
random_forest,squad_rating_diff,15,-2.6569137038243484,0.3476325627748406,0.21697492135022037,0.4353925158749394
random_forest,squad_rating_diff,16,-2.6569137038243484,0.5691756958196394,0.13095714006593737,0.2998671641144231
random_forest,squad_rating_diff,17,-2.6569137038243484,0.5022934650518253,0.21743885345128192,0.28026768149689274
random_forest,squad_rating_diff,18,-2.6569137038243484,0.5897721528704644,0.14044428995258157,0.2697835571769541
random_forest,squad_rating_diff,19,-2.6569137038243484,0.09987437634661195,0.554400870918566,0.34572475273482167
random_forest,squad_rating_diff,20,-2.6569137038243484,0.4728648303227878,0.17564299341406409,0.35149217626314805
random_forest,squad_rating_diff,21,-2.6569137038243484,0.06642889177085896,0.6779214067402987,0.25564970148884225
random_forest,squad_rating_diff,22,-2.6569137038243484,0.07184726727905417,0.7599638266032472,0.1681889061176984
random_forest,squad_rating_diff,23,-2.6569137038243484,0.4962945818994724,0.17197822952547606,0.33172718857505124
random_forest,squad_rating_diff,24,-2.6569137038243484,0.15734538880743795,0.6059046961835038,0.23674991500905798
random_forest,squad_rating_diff,25,-2.6569137038243484,0.4691064562066401,0.17750366643729,0.35338987735607
random_forest,squad_rating_diff,26,-2.6569137038243484,0.4595390604972509,0.11744578154381098,0.42301515795893824
random_forest,squad_rating_diff,27,-2.6569137038243484,0.14524174705427947,0.3552720645419401,0.4994861884037805
random_forest,squad_rating_diff,28,-2.6569137038243484,0.5213012203263122,0.18962556397774824,0.2890732156959394
random_forest,squad_rating_diff,29,-2.6569137038243484,0.3106775632049415,0.3893116905316081,0.30001074626345053
random_forest,squad_rating_diff,30,-2.6569137038243484,0.07854872052352911,0.5067399245199647,0.4147113549565061
random_forest,squad_rating_diff,31,-2.6569137038243484,0.08085140548878936,0.6902542584273483,0.22889433608386234
random_forest,squad_rating_diff,32,-2.6569137038243484,0.37629415151926643,0.2959366355954202,0.3277692128853133
random_forest,squad_rating_diff,33,-2.6569137038243484,0.46644874546356996,0.22875194200445928,0.3047993125319706
random_forest,squad_rating_diff,34,-2.6569137038243484,0.3592066800085414,0.3905824317522306,0.25021088823922805
random_forest,squad_rating_diff,35,-2.6569137038243484,0.5596025834853514,0.2403970966667203,0.20000031984792846
random_forest,squad_rating_diff,36,-2.6569137038243484,0.3900159322860642,0.3490428688486267,0.2609411988653094
random_forest,squad_rating_diff,37,-2.6569137038243484,0.06795502621503825,0.7134414753912813,0.2186034983936804
random_forest,squad_rating_diff,38,-2.6569137038243484,0.3520429609246111,0.24628618132192637,0.4016708577534626
random_forest,squad_rating_diff,39,-2.6569137038243484,0.5910308486518312,0.1809306225264492,0.2280385288217198
random_forest,squad_rating_diff,40,-2.6569137038243484,0.32842069138862057,0.3935938509611086,0.2779854576502707
random_forest,squad_rating_diff,41,-2.6569137038243484,0.06983445397047285,0.69240993231169,0.23775561371783704
random_forest,squad_rating_diff,42,-2.6569137038243484,0.5272490393622195,0.11553805680121389,0.35721290383656656
random_forest,squad_rating_diff,43,-2.6569137038243484,0.20022264179033922,0.37500892510796735,0.4247684331016936
random_forest,squad_rating_diff,44,-2.6569137038243484,0.12051485726387536,0.6679270077901581,0.2115581349459663
random_forest,squad_rating_diff,45,-2.6569137038243484,0.4203217204146203,0.20489798573366866,0.3747802938517111
random_forest,squad_rating_diff,46,-2.6569137038243484,0.09185420612793686,0.6506720867211173,0.2574737071509457
random_forest,squad_rating_diff,47,-2.6569137038243484,0.16979419658202458,0.44201768182469703,0.38818812159327853
random_forest,squad_rating_diff,48,-2.6569137038243484,0.5516715041731726,0.24629712133766932,0.20203137448915806
random_forest,squad_rating_diff,49,-2.6569137038243484,0.39853540532629617,0.2582916602998709,0.3431729343738326
random_forest,squad_rating_diff,0,-1.2357995383823117,0.22999544191581747,0.4122082203383486,0.3577963377458336
random_forest,squad_rating_diff,1,-1.2357995383823117,0.1580157013139705,0.48069521606006765,0.3612890826259621
random_forest,squad_rating_diff,2,-1.2357995383823117,0.25162565096985123,0.49265846659267626,0.2557158824374725
random_forest,squad_rating_diff,3,-1.2357995383823117,0.1995989056001719,0.4325267793042346,0.36787431509559326
random_forest,squad_rating_diff,4,-1.2357995383823117,0.09208590540932038,0.6063577240800543,0.3015563705106254
random_forest,squad_rating_diff,5,-1.2357995383823117,0.10941903544505728,0.5914465090160294,0.2991344555389133
random_forest,squad_rating_diff,6,-1.2357995383823117,0.11675311334919336,0.5465310379411231,0.3367158487096829
random_forest,squad_rating_diff,7,-1.2357995383823117,0.1254768828333471,0.6446871940254917,0.22983592314116097
random_forest,squad_rating_diff,8,-1.2357995383823117,0.22753283754512058,0.5128354224200332,0.25963174003484607
random_forest,squad_rating_diff,9,-1.2357995383823117,0.493319351946752,0.22047572213369493,0.2862049259195527
random_forest,squad_rating_diff,10,-1.2357995383823117,0.45853450896556064,0.23652279854188865,0.3049426924925506
random_forest,squad_rating_diff,11,-1.2357995383823117,0.15903847840451033,0.41698410262690766,0.4239774189685821
random_forest,squad_rating_diff,12,-1.2357995383823117,0.21632188001027353,0.3818971517400644,0.40178096824966186
random_forest,squad_rating_diff,13,-1.2357995383823117,0.223486353077938,0.5165299265693543,0.2599837203527077
random_forest,squad_rating_diff,14,-1.2357995383823117,0.6160040285034901,0.16574179683554222,0.21825417466096805
random_forest,squad_rating_diff,15,-1.2357995383823117,0.3589324832850685,0.21580642230463076,0.425261094410301
random_forest,squad_rating_diff,16,-1.2357995383823117,0.5968392918559301,0.12409399359492358,0.2790667145491464
random_forest,squad_rating_diff,17,-1.2357995383823117,0.523870021877633,0.19376050750175786,0.282369470620609
random_forest,squad_rating_diff,18,-1.2357995383823117,0.6202799423976371,0.1356990423135171,0.24402101528884593
random_forest,squad_rating_diff,19,-1.2357995383823117,0.12195251048003856,0.5361152065521836,0.34193228296777733
random_forest,squad_rating_diff,20,-1.2357995383823117,0.5012400687956955,0.16334695789787415,0.3354129733064304
random_forest,squad_rating_diff,21,-1.2357995383823117,0.08568418195719002,0.6475436074281756,0.26677221061463424
random_forest,squad_rating_diff,22,-1.2357995383823117,0.09467527672514803,0.7244380030578129,0.18088672021703892
random_forest,squad_rating_diff,23,-1.2357995383823117,0.5197353315143238,0.16099466210426103,0.31927000638141495
random_forest,squad_rating_diff,24,-1.2357995383823117,0.18352435761377436,0.57437278937532,0.2421028530109055
random_forest,squad_rating_diff,25,-1.2357995383823117,0.4949981063611701,0.1601363743566002,0.3448655192822299
random_forest,squad_rating_diff,26,-1.2357995383823117,0.4818572641018392,0.10231010978799554,0.41583262611016525
random_forest,squad_rating_diff,27,-1.2357995383823117,0.15924070700943607,0.32861826733947913,0.5121410256510849
random_forest,squad_rating_diff,28,-1.2357995383823117,0.5342528589571999,0.18967203583618317,0.27607510520661677
random_forest,squad_rating_diff,29,-1.2357995383823117,0.3392191307216648,0.344557502228273,0.31622336705006227
random_forest,squad_rating_diff,30,-1.2357995383823117,0.09966704237412531,0.48804746396827187,0.41228549365760264
random_forest,squad_rating_diff,31,-1.2357995383823117,0.09876690307277003,0.6668568751199473,0.2343762218072828
random_forest,squad_rating_diff,32,-1.2357995383823117,0.392882218429756,0.28383146995299086,0.32328631161725324
random_forest,squad_rating_diff,33,-1.2357995383823117,0.4847002936747162,0.2061226166519082,0.3091770896733753
random_forest,squad_rating_diff,34,-1.2357995383823117,0.37756042935253964,0.3722893408392103,0.25015022980825
random_forest,squad_rating_diff,35,-1.2357995383823117,0.5794446992168981,0.22620906238267077,0.19434623840043116
random_forest,squad_rating_diff,36,-1.2357995383823117,0.42918387351268955,0.2988378514061049,0.2719782750812057
random_forest,squad_rating_diff,37,-1.2357995383823117,0.08918430087043772,0.6861203419128646,0.22469535721669762
random_forest,squad_rating_diff,38,-1.2357995383823117,0.3720842951370698,0.2321513917158289,0.3957643131471014
random_forest,squad_rating_diff,39,-1.2357995383823117,0.6221620619689462,0.16975498233503886,0.2080829556960153
random_forest,squad_rating_diff,40,-1.2357995383823117,0.36180056509236813,0.34523023467144975,0.29296920023618184
random_forest,squad_rating_diff,41,-1.2357995383823117,0.08340546726952504,0.6801417296634734,0.2364528030670016
random_forest,squad_rating_diff,42,-1.2357995383823117,0.5535210775144603,0.11268329284750406,0.3337956296380356
random_forest,squad_rating_diff,43,-1.2357995383823117,0.23256773123765093,0.3678387000559697,0.3995935687063796
random_forest,squad_rating_diff,44,-1.2357995383823117,0.14351590912201978,0.6243441134145229,0.23213997746345727
random_forest,squad_rating_diff,45,-1.2357995383823117,0.44060622349819645,0.19272758123702016,0.3666661952647832
random_forest,squad_rating_diff,46,-1.2357995383823117,0.11410112556299758,0.6243986541310546,0.2615002203059477
random_forest,squad_rating_diff,47,-1.2357995383823117,0.19380717928179556,0.4191885498435503,0.38700427087465417
random_forest,squad_rating_diff,48,-1.2357995383823117,0.5619233200793062,0.2279214600855398,0.21015521983515376
random_forest,squad_rating_diff,49,-1.2357995383823117,0.42457125317623484,0.24706528704005112,0.32836345978371373
random_forest,squad_rating_diff,0,-0.055231051990132514,0.2317074477306349,0.4073063980083657,0.36098615426099917
random_forest,squad_rating_diff,1,-0.055231051990132514,0.16210792488817646,0.47333683373094254,0.36455524138088097
random_forest,squad_rating_diff,2,-0.055231051990132514,0.25821402589535386,0.49365363694470576,0.24813233715994024
random_forest,squad_rating_diff,3,-0.055231051990132514,0.2095800696704154,0.4216538235139096,0.36876610681567484
random_forest,squad_rating_diff,4,-0.055231051990132514,0.11123334450600038,0.5883714894108334,0.3003951660831663
random_forest,squad_rating_diff,5,-0.055231051990132514,0.11036343377503977,0.5825075275738139,0.3071290386511463
random_forest,squad_rating_diff,6,-0.055231051990132514,0.11037146635383151,0.5333803371116531,0.3562481965345147
random_forest,squad_rating_diff,7,-0.055231051990132514,0.13400132808903936,0.6325966108837505,0.23340206102720987
random_forest,squad_rating_diff,8,-0.055231051990132514,0.22724752565186276,0.46912875686919736,0.30362371747893974
random_forest,squad_rating_diff,9,-0.055231051990132514,0.49687740397762464,0.1987172773870138,0.3044053186353613
random_forest,squad_rating_diff,10,-0.055231051990132514,0.44144163561488897,0.23877193812795072,0.3197864262571603
random_forest,squad_rating_diff,11,-0.055231051990132514,0.16480102189956936,0.41781712910655017,0.4173818489938805
random_forest,squad_rating_diff,12,-0.055231051990132514,0.2133307462681859,0.3792507969333243,0.4074184567984896
random_forest,squad_rating_diff,13,-0.055231051990132514,0.23518846661602208,0.47842604275570894,0.2863854906282689
random_forest,squad_rating_diff,14,-0.055231051990132514,0.597272223835426,0.15486942077352692,0.24785835539104753
random_forest,squad_rating_diff,15,-0.055231051990132514,0.37266839676033453,0.20249101392858512,0.4248405893110807
random_forest,squad_rating_diff,16,-0.055231051990132514,0.602596127662233,0.11551129293257723,0.2818925794051898
random_forest,squad_rating_diff,17,-0.055231051990132514,0.52185742479017,0.17510497463375221,0.3030376005760776
random_forest,squad_rating_diff,18,-0.055231051990132514,0.6086219560545693,0.1307182626615774,0.2606597812838534
random_forest,squad_rating_diff,19,-0.055231051990132514,0.1296043499016338,0.5180726675245294,0.3523229825738365
random_forest,squad_rating_diff,20,-0.055231051990132514,0.4948214687658208,0.16209867587764154,0.34307985535653773
random_forest,squad_rating_diff,21,-0.055231051990132514,0.09376200784193854,0.626693618124711,0.27954437403335014
random_forest,squad_rating_diff,22,-0.055231051990132514,0.10008418405116244,0.7054432060933765,0.19447260985546078
random_forest,squad_rating_diff,23,-0.055231051990132514,0.5257666267361891,0.14588984774925182,0.32834352551455903
random_forest,squad_rating_diff,24,-0.055231051990132514,0.20923541124388093,0.5330554632839171,0.2577091254722018
random_forest,squad_rating_diff,25,-0.055231051990132514,0.5025346876669684,0.1518486759558895,0.3456166363771423
random_forest,squad_rating_diff,26,-0.055231051990132514,0.4802155385540589,0.09245445098344374,0.42733001046249747
random_forest,squad_rating_diff,27,-0.055231051990132514,0.16831883104145104,0.31465885750481676,0.5170223114537323
random_forest,squad_rating_diff,28,-0.055231051990132514,0.5252687960559587,0.17807763904018617,0.296653564903855
random_forest,squad_rating_diff,29,-0.055231051990132514,0.34419775174062134,0.31880115148139593,0.33700109677798284
random_forest,squad_rating_diff,30,-0.055231051990132514,0.11172870079635999,0.46624152682009773,0.42202977238354206
random_forest,squad_rating_diff,31,-0.055231051990132514,0.09923303437043955,0.6527415658115575,0.2480253998180029
random_forest,squad_rating_diff,32,-0.055231051990132514,0.3994231686363466,0.2616075210973761,0.3389693102662774
random_forest,squad_rating_diff,33,-0.055231051990132514,0.48111839783749244,0.20167268992526724,0.3172089122372401
random_forest,squad_rating_diff,34,-0.055231051990132514,0.3936973872991187,0.33955423122541656,0.26674838147546487
random_forest,squad_rating_diff,35,-0.055231051990132514,0.5738431575507318,0.20464950531696466,0.22150733713230375
random_forest,squad_rating_diff,36,-0.055231051990132514,0.43892692409152656,0.2713818980928664,0.2896911778156073
random_forest,squad_rating_diff,37,-0.055231051990132514,0.1034635109225378,0.6604659764440143,0.2360705126334478
random_forest,squad_rating_diff,38,-0.055231051990132514,0.3724599597317713,0.23189319298792455,0.39564684728030436
random_forest,squad_rating_diff,39,-0.055231051990132514,0.6077469249660882,0.1567222028683848,0.2355308721655273
random_forest,squad_rating_diff,40,-0.055231051990132514,0.3726819187148915,0.31293412264844833,0.3143839586366602
random_forest,squad_rating_diff,41,-0.055231051990132514,0.0772527764145944,0.6629235635142612,0.25982366007114427
random_forest,squad_rating_diff,42,-0.055231051990132514,0.5479786680899215,0.10606523016393365,0.3459561017461447
random_forest,squad_rating_diff,43,-0.055231051990132514,0.23422201744371166,0.36581922541368267,0.3999587571426058
random_forest,squad_rating_diff,44,-0.055231051990132514,0.16346008890503141,0.596354607646347,0.24018530344862155
random_forest,squad_rating_diff,45,-0.055231051990132514,0.45231685706809527,0.18416641778403123,0.3635167251478733
random_forest,squad_rating_diff,46,-0.055231051990132514,0.11742391849900785,0.6067815160259851,0.27579456547500697
random_forest,squad_rating_diff,47,-0.055231051990132514,0.19323866429419892,0.40696595205410646,0.39979538365169454
random_forest,squad_rating_diff,48,-0.055231051990132514,0.5499400461259788,0.20196144588213136,0.24809850799188993
random_forest,squad_rating_diff,49,-0.055231051990132514,0.42026770325076906,0.24284940761211074,0.33688288913711983
random_forest,squad_rating_diff,0,1.1016480020015194,0.2605865388544832,0.3609946098247585,0.3784188513207585
random_forest,squad_rating_diff,1,1.1016480020015194,0.21163612788636488,0.39780943612972486,0.3905544359839103
random_forest,squad_rating_diff,2,1.1016480020015194,0.292915262748616,0.4608739617676712,0.24621077548371273
random_forest,squad_rating_diff,3,1.1016480020015194,0.24884332802784284,0.3739998499245824,0.3771568220475747
random_forest,squad_rating_diff,4,1.1016480020015194,0.1643708180277225,0.5212746254941301,0.3143545564781474
random_forest,squad_rating_diff,5,1.1016480020015194,0.16065289815650927,0.5145942466191018,0.3247528552243888
random_forest,squad_rating_diff,6,1.1016480020015194,0.12496982995079875,0.5112159488012943,0.3638142212479063
random_forest,squad_rating_diff,7,1.1016480020015194,0.17361064558922334,0.5829687129400706,0.24342064147070583
random_forest,squad_rating_diff,8,1.1016480020015194,0.29491410069958485,0.4309124041000049,0.2741734952004103
random_forest,squad_rating_diff,9,1.1016480020015194,0.5636580890218149,0.15122664785610226,0.28511526312208274
random_forest,squad_rating_diff,10,1.1016480020015194,0.5225136958021919,0.19753380543982557,0.2799524987579826
random_forest,squad_rating_diff,11,1.1016480020015194,0.2105465713269881,0.3824711028769781,0.40698232579603394
random_forest,squad_rating_diff,12,1.1016480020015194,0.25417335742915,0.3496318302577621,0.3961948123130881
random_forest,squad_rating_diff,13,1.1016480020015194,0.277810744841807,0.4442180914371661,0.2779711637210266
random_forest,squad_rating_diff,14,1.1016480020015194,0.6813229996972514,0.09671181969758008,0.2219651806051688
random_forest,squad_rating_diff,15,1.1016480020015194,0.3837300815244388,0.19273919998259362,0.42353071849296775
random_forest,squad_rating_diff,16,1.1016480020015194,0.671484862217901,0.08015751252670943,0.2483576252553896
random_forest,squad_rating_diff,17,1.1016480020015194,0.5873167645512364,0.14366873696557733,0.269014498483186
random_forest,squad_rating_diff,18,1.1016480020015194,0.6932454052132675,0.0902913105458006,0.2164632842409321
random_forest,squad_rating_diff,19,1.1016480020015194,0.166825767927091,0.4896677489854597,0.34350648308744886
random_forest,squad_rating_diff,20,1.1016480020015194,0.5549546568415863,0.13394845333242925,0.31109688982598455
random_forest,squad_rating_diff,21,1.1016480020015194,0.16781922497077115,0.5134863782708732,0.31869439675835537
random_forest,squad_rating_diff,22,1.1016480020015194,0.15617455813465106,0.6068654211003582,0.23696002076499023
random_forest,squad_rating_diff,23,1.1016480020015194,0.5911567519505723,0.1278363924985973,0.2810068555508303
random_forest,squad_rating_diff,24,1.1016480020015194,0.255282772078622,0.5040445918729153,0.24067263604846256
random_forest,squad_rating_diff,25,1.1016480020015194,0.537856248837675,0.1364454736230828,0.3256982775392423
random_forest,squad_rating_diff,26,1.1016480020015194,0.5419670162260616,0.061120325126974774,0.39691265864696373
random_forest,squad_rating_diff,27,1.1016480020015194,0.22527562851754745,0.29724351516229813,0.4774808563201545
random_forest,squad_rating_diff,28,1.1016480020015194,0.5614247811662135,0.15222268279701992,0.28635253603676647
random_forest,squad_rating_diff,29,1.1016480020015194,0.45026130530148284,0.2518495206187546,0.29788917407976284
random_forest,squad_rating_diff,30,1.1016480020015194,0.15118863076704323,0.40147566563202347,0.4473357036009333
random_forest,squad_rating_diff,31,1.1016480020015194,0.15715213073293025,0.562392696385673,0.2804551728813966
random_forest,squad_rating_diff,32,1.1016480020015194,0.48270781920198447,0.26362168221724175,0.25367049858077384
random_forest,squad_rating_diff,33,1.1016480020015194,0.5654305285440905,0.18499986722987738,0.24956960422603183
random_forest,squad_rating_diff,34,1.1016480020015194,0.40653418656175444,0.3458245346034729,0.24764127883477258
random_forest,squad_rating_diff,35,1.1016480020015194,0.6549916992254138,0.161677729998622,0.18333057077596412
random_forest,squad_rating_diff,36,1.1016480020015194,0.4561487387105494,0.263109061768022,0.2807421995214287
random_forest,squad_rating_diff,37,1.1016480020015194,0.17193915561228526,0.563989090072298,0.2640717543154163
random_forest,squad_rating_diff,38,1.1016480020015194,0.39970015640292483,0.21660224158879746,0.3836976020082776
random_forest,squad_rating_diff,39,1.1016480020015194,0.7000168101949771,0.09255672981352225,0.20742645999150086
random_forest,squad_rating_diff,40,1.1016480020015194,0.40029216902134096,0.29897313425959854,0.30073469671906056
random_forest,squad_rating_diff,41,1.1016480020015194,0.1186788431603873,0.5990131852132946,0.2823079716263179
random_forest,squad_rating_diff,42,1.1016480020015194,0.5745033786341066,0.08224038543262381,0.34325623593326965
random_forest,squad_rating_diff,43,1.1016480020015194,0.28779584044214673,0.31389791066061545,0.398306248897238
random_forest,squad_rating_diff,44,1.1016480020015194,0.1917337120703518,0.539471944409891,0.2687943435197571
random_forest,squad_rating_diff,45,1.1016480020015194,0.45269574869123336,0.17736109838175676,0.36994315292700986
random_forest,squad_rating_diff,46,1.1016480020015194,0.17019010505935916,0.5350637636307877,0.2947461313098529
random_forest,squad_rating_diff,47,1.1016480020015194,0.23497074862078704,0.39269133227159797,0.3723379191076149
random_forest,squad_rating_diff,48,1.1016480020015194,0.6228373770629366,0.16529106683044026,0.2118715561066231
random_forest,squad_rating_diff,49,1.1016480020015194,0.44726731479807524,0.22638467229729017,0.3263480129046344
random_forest,squad_rating_diff,0,2.489408001870376,0.2598246745254355,0.35611275517868535,0.38406257029587926
random_forest,squad_rating_diff,1,2.489408001870376,0.24864676430545776,0.3663457573932672,0.3850074783012751
random_forest,squad_rating_diff,2,2.489408001870376,0.34214840985370754,0.43987915743342726,0.21797243271286523
random_forest,squad_rating_diff,3,2.489408001870376,0.26907553168022086,0.36760458822419567,0.3633198800955835
random_forest,squad_rating_diff,4,2.489408001870376,0.17250770316971786,0.5212761062561136,0.30621619057416843
random_forest,squad_rating_diff,5,2.489408001870376,0.17066358738169965,0.5065800454783906,0.3227563671399097
random_forest,squad_rating_diff,6,2.489408001870376,0.14506597905283777,0.48630257384385,0.36863144710331164
random_forest,squad_rating_diff,7,2.489408001870376,0.18847394293086664,0.5745033789402264,0.23702267812890657
random_forest,squad_rating_diff,8,2.489408001870376,0.3186026108168155,0.41739235482180564,0.26400503436137873
random_forest,squad_rating_diff,9,2.489408001870376,0.5799066837244755,0.14308728045998348,0.27700603581554073
random_forest,squad_rating_diff,10,2.489408001870376,0.6063858222967525,0.1689732031304627,0.22464097457278476
random_forest,squad_rating_diff,11,2.489408001870376,0.22390344543154897,0.3820236670063244,0.39407288756212694
random_forest,squad_rating_diff,12,2.489408001870376,0.2718186065966928,0.347290637602823,0.38089075580048415
random_forest,squad_rating_diff,13,2.489408001870376,0.29038927887442434,0.4282039832566147,0.28140673786896075
random_forest,squad_rating_diff,14,2.489408001870376,0.7076367937278998,0.0799539987436918,0.21240920752840844
random_forest,squad_rating_diff,15,2.489408001870376,0.39607496448399754,0.18353530960363404,0.42038972591236856
random_forest,squad_rating_diff,16,2.489408001870376,0.6849840591490143,0.06648819937338164,0.24852774147760395
random_forest,squad_rating_diff,17,2.489408001870376,0.6233919482893584,0.12756160395947633,0.24904644775116494
random_forest,squad_rating_diff,18,2.489408001870376,0.7075909583395573,0.08341263102239126,0.20899641063805166
random_forest,squad_rating_diff,19,2.489408001870376,0.17530459222042918,0.4866395775457848,0.33805583023378577
random_forest,squad_rating_diff,20,2.489408001870376,0.5749989307667985,0.12373308891913942,0.30126798031406204
random_forest,squad_rating_diff,21,2.489408001870376,0.18602572509979262,0.5121361300913222,0.301838144808885
random_forest,squad_rating_diff,22,2.489408001870376,0.17767251200984427,0.5813179290785188,0.24100955891163678
random_forest,squad_rating_diff,23,2.489408001870376,0.602948178518259,0.12345098610535844,0.2736008353763824
random_forest,squad_rating_diff,24,2.489408001870376,0.2856657776211455,0.4772848104148864,0.237049411963968
random_forest,squad_rating_diff,25,2.489408001870376,0.5529162523098217,0.12963476300808363,0.31744898468209487
random_forest,squad_rating_diff,26,2.489408001870376,0.5684376694648324,0.061259340137147573,0.37030299039802
random_forest,squad_rating_diff,27,2.489408001870376,0.22899465219603607,0.2975180249032644,0.4734873229006995
random_forest,squad_rating_diff,28,2.489408001870376,0.5801703613954763,0.14550469658485124,0.2743249420196725
random_forest,squad_rating_diff,29,2.489408001870376,0.5250929425366088,0.24362103383428416,0.23128602362910713
random_forest,squad_rating_diff,30,2.489408001870376,0.16557333895810358,0.39719321336898616,0.4372334476729101
random_forest,squad_rating_diff,31,2.489408001870376,0.17565204419524347,0.5374328203725487,0.2869151354322077
random_forest,squad_rating_diff,32,2.489408001870376,0.535019185934699,0.23807457590474376,0.22690623816055722
random_forest,squad_rating_diff,33,2.489408001870376,0.6025182816051203,0.17034725604073866,0.2271344623541406
random_forest,squad_rating_diff,34,2.489408001870376,0.45188786605318976,0.30946094314454353,0.2386511908022667
random_forest,squad_rating_diff,35,2.489408001870376,0.6924456003679539,0.1401857770170448,0.1673686226150011
random_forest,squad_rating_diff,36,2.489408001870376,0.5022011152528667,0.25571820400001927,0.24208068074711406
random_forest,squad_rating_diff,37,2.489408001870376,0.17880613936441794,0.5652243135810974,0.25596954705448427
random_forest,squad_rating_diff,38,2.489408001870376,0.4269418016150596,0.20927536274704037,0.3637828356379
random_forest,squad_rating_diff,39,2.489408001870376,0.7421526176918399,0.07088528873435654,0.18696209357380367
random_forest,squad_rating_diff,40,2.489408001870376,0.429045219840189,0.2765742961206653,0.2943804840391458
random_forest,squad_rating_diff,41,2.489408001870376,0.136333795524147,0.5854341652361359,0.27823203923971696
random_forest,squad_rating_diff,42,2.489408001870376,0.5887404450191295,0.07642668993684197,0.33483286504402865
random_forest,squad_rating_diff,43,2.489408001870376,0.30688543311345234,0.30599573078749687,0.3871188360990509
random_forest,squad_rating_diff,44,2.489408001870376,0.20872132677613894,0.5311957729700827,0.2600829002537782
random_forest,squad_rating_diff,45,2.489408001870376,0.4824772346029105,0.1683836524985237,0.34913911289856575
random_forest,squad_rating_diff,46,2.489408001870376,0.18278762183563171,0.5250147525156194,0.2921976256487488
random_forest,squad_rating_diff,47,2.489408001870376,0.2636980902002841,0.3775859147824905,0.35871599501722556
random_forest,squad_rating_diff,48,2.489408001870376,0.6569607448959959,0.1413056800487048,0.2017335750552991
random_forest,squad_rating_diff,49,2.489408001870376,0.46648182976057445,0.2278146308951052,0.30570353934432026
random_forest,squad_rating_diff,0,3.9016561267087777,0.2543953145447081,0.3524252345966881,0.3931794508586039
random_forest,squad_rating_diff,1,3.9016561267087777,0.2369765128311926,0.36239002803614834,0.4006334591326591
random_forest,squad_rating_diff,2,3.9016561267087777,0.34738313498579654,0.43504411105558144,0.217572753958622
random_forest,squad_rating_diff,3,3.9016561267087777,0.2719735817072662,0.365556307457974,0.3624701108347597
random_forest,squad_rating_diff,4,3.9016561267087777,0.17507091642920833,0.5212148141369083,0.3037142694338833
random_forest,squad_rating_diff,5,3.9016561267087777,0.17120318739283794,0.502644538850101,0.326152273757061
random_forest,squad_rating_diff,6,3.9016561267087777,0.151827120544086,0.4889348602102697,0.35923801924564364
random_forest,squad_rating_diff,7,3.9016561267087777,0.20183685117556413,0.573139443817332,0.22502370500710375
random_forest,squad_rating_diff,8,3.9016561267087777,0.3173447295431776,0.41280532654389895,0.2698499439129233
random_forest,squad_rating_diff,9,3.9016561267087777,0.5820727685095557,0.14351300116158214,0.274414230328862
random_forest,squad_rating_diff,10,3.9016561267087777,0.6511134620969794,0.15590874994163514,0.19297778796138532
random_forest,squad_rating_diff,11,3.9016561267087777,0.2202097523521657,0.38032025504519235,0.3994699926026422
random_forest,squad_rating_diff,12,3.9016561267087777,0.2782966346461463,0.34431232604593126,0.37739103930792245
random_forest,squad_rating_diff,13,3.9016561267087777,0.2862708314301529,0.4245484843118741,0.2891806842579728
random_forest,squad_rating_diff,14,3.9016561267087777,0.7292807065753548,0.07033656390393393,0.20038272952071132
random_forest,squad_rating_diff,15,3.9016561267087777,0.39152863429574647,0.1696009985729869,0.4388703671312668
random_forest,squad_rating_diff,16,3.9016561267087777,0.6812083388057754,0.06729512668778524,0.25149653450643933
random_forest,squad_rating_diff,17,3.9016561267087777,0.6331026300578814,0.11337889658206007,0.25351847336005817
random_forest,squad_rating_diff,18,3.9016561267087777,0.7107821823144665,0.08304682008305556,0.20617099760247823
random_forest,squad_rating_diff,19,3.9016561267087777,0.16620207682530308,0.48274657101221496,0.3510513521624816
random_forest,squad_rating_diff,20,3.9016561267087777,0.5858253818886813,0.11284354905667383,0.3013310690546448
random_forest,squad_rating_diff,21,3.9016561267087777,0.17682762082020775,0.5110368868452912,0.3121354923345008
random_forest,squad_rating_diff,22,3.9016561267087777,0.19054454157578327,0.5767207774387509,0.23273468098546557
random_forest,squad_rating_diff,23,3.9016561267087777,0.6043265773648934,0.1258982897991563,0.2697751328359501
random_forest,squad_rating_diff,24,3.9016561267087777,0.28610414846869686,0.47356963689527115,0.24032621463603177
random_forest,squad_rating_diff,25,3.9016561267087777,0.553351425610876,0.12976449672184118,0.31688407766728316
random_forest,squad_rating_diff,26,3.9016561267087777,0.5771545513095272,0.06101471740829068,0.3618307312821823
random_forest,squad_rating_diff,27,3.9016561267087777,0.23189270222308137,0.2954697441370428,0.47263755363987575
random_forest,squad_rating_diff,28,3.9016561267087777,0.5907123414315241,0.1432446478967007,0.26604301067177527
random_forest,squad_rating_diff,29,3.9016561267087777,0.5269473791578382,0.23978809414242666,0.2332645266997351
random_forest,squad_rating_diff,30,3.9016561267087777,0.1753897310905762,0.3946956728763001,0.4299145960331235
random_forest,squad_rating_diff,31,3.9016561267087777,0.19313185853864456,0.5350137275005142,0.27185441396084103
random_forest,squad_rating_diff,32,3.9016561267087777,0.5389699311116244,0.2231331821578213,0.2378968867305544
random_forest,squad_rating_diff,33,3.9016561267087777,0.6161941530169271,0.17087123633569443,0.21293461064737806
random_forest,squad_rating_diff,34,3.9016561267087777,0.4836539717831028,0.2800529078463817,0.2362931203705154
random_forest,squad_rating_diff,35,3.9016561267087777,0.742040868176879,0.10682549775690714,0.1511336340662138
random_forest,squad_rating_diff,36,3.9016561267087777,0.5194824904525798,0.24147630486031768,0.23904120468710266
random_forest,squad_rating_diff,37,3.9016561267087777,0.17649725371150404,0.5611875809931908,0.26231516529530485
random_forest,squad_rating_diff,38,3.9016561267087777,0.44608661507034375,0.20315417706119202,0.3507592078684642
random_forest,squad_rating_diff,39,3.9016561267087777,0.7631209095941384,0.05671662188900652,0.18016246851685544
random_forest,squad_rating_diff,40,3.9016561267087777,0.435916356163891,0.2728641862619566,0.2912194575741525
random_forest,squad_rating_diff,41,3.9016561267087777,0.14927145882542575,0.5807713798610284,0.2699571613135457
random_forest,squad_rating_diff,42,3.9016561267087777,0.6077065053756365,0.07283050333669515,0.3194629912876684
random_forest,squad_rating_diff,43,3.9016561267087777,0.30467279905992023,0.30444004809570996,0.3908871528443698
random_forest,squad_rating_diff,44,3.9016561267087777,0.20840236972722062,0.5362912499738626,0.2553063802989168
random_forest,squad_rating_diff,45,3.9016561267087777,0.48876166162658524,0.1579108673581868,0.3533274710152278
random_forest,squad_rating_diff,46,3.9016561267087777,0.18267527826057997,0.5230456688614795,0.2942790528779404
random_forest,squad_rating_diff,47,3.9016561267087777,0.25769076037116084,0.3725448590499027,0.36976438057893657
random_forest,squad_rating_diff,48,3.9016561267087777,0.7101720197126401,0.1173776653354114,0.17245031495194799
random_forest,squad_rating_diff,49,3.9016561267087777,0.4597477718884078,0.22302323021902848,0.3172289978925634
random_forest,squad_rating_diff,0,5.604052725341094,0.2940868700870598,0.3194003383417167,0.38651279157122365
random_forest,squad_rating_diff,1,5.604052725341094,0.2670898086573342,0.3506706459870539,0.382239545355612
random_forest,squad_rating_diff,2,5.604052725341094,0.3639043105263904,0.4231089640838417,0.21298672538976784
random_forest,squad_rating_diff,3,5.604052725341094,0.305788452143834,0.34927175718104214,0.3449397906751239
random_forest,squad_rating_diff,4,5.604052725341094,0.1955770596489161,0.518870919588163,0.285552020762921
random_forest,squad_rating_diff,5,5.604052725341094,0.20861928102508706,0.4865753900627296,0.3048053289121833
random_forest,squad_rating_diff,6,5.604052725341094,0.193882711340702,0.470451243094501,0.33566604556479657
random_forest,squad_rating_diff,7,5.604052725341094,0.23441470061848144,0.5498881983460335,0.2156971010354848
random_forest,squad_rating_diff,8,5.604052725341094,0.3461885933644872,0.3954864372253922,0.25832496941012045
random_forest,squad_rating_diff,9,5.604052725341094,0.6909371518852209,0.11412304706253967,0.19493980105223951
random_forest,squad_rating_diff,10,5.604052725341094,0.6990790961497421,0.11767029857793214,0.18325060527232565
random_forest,squad_rating_diff,11,5.604052725341094,0.2358951176264279,0.37507863906327454,0.38902624331029795
random_forest,squad_rating_diff,12,5.604052725341094,0.2986955099362844,0.3381880058656765,0.363116484198039
random_forest,squad_rating_diff,13,5.604052725341094,0.3294204789359513,0.40932960103986327,0.26124992002418507
random_forest,squad_rating_diff,14,5.604052725341094,0.765430848345984,0.04461935409099995,0.1899497975630161
random_forest,squad_rating_diff,15,5.604052725341094,0.4991783739521718,0.14952545554141414,0.3512961705064142
random_forest,squad_rating_diff,16,5.604052725341094,0.7602397573652072,0.04033889157595812,0.19942135105883466
random_forest,squad_rating_diff,17,5.604052725341094,0.6872504694039958,0.07782920597996605,0.23492032461603785
random_forest,squad_rating_diff,18,5.604052725341094,0.7569270899660913,0.04875134528264547,0.19432156475126336
random_forest,squad_rating_diff,19,5.604052725341094,0.21236511274299533,0.450297128103132,0.3373377591538725
random_forest,squad_rating_diff,20,5.604052725341094,0.6011805702464129,0.08173492631894887,0.31708450343463834
random_forest,squad_rating_diff,21,5.604052725341094,0.19460476264477009,0.5013774377841967,0.304017799571033
random_forest,squad_rating_diff,22,5.604052725341094,0.21004256222759865,0.5661373936819327,0.22382004409046852
random_forest,squad_rating_diff,23,5.604052725341094,0.6570621272137799,0.09084217317298698,0.2520956996132327
random_forest,squad_rating_diff,24,5.604052725341094,0.31663918097326726,0.45532955001977177,0.22803126900696077
random_forest,squad_rating_diff,25,5.604052725341094,0.6250019969121181,0.10848765595433917,0.26651034713354255
random_forest,squad_rating_diff,26,5.604052725341094,0.6216605013490759,0.029762168144527385,0.3485773305063968
random_forest,squad_rating_diff,27,5.604052725341094,0.26403028348675456,0.2751036141599532,0.46086610235329206
random_forest,squad_rating_diff,28,5.604052725341094,0.6514114985304634,0.12305340413255116,0.2255350973369851
random_forest,squad_rating_diff,29,5.604052725341094,0.5308591672575411,0.2301171439387385,0.2390236888037203
random_forest,squad_rating_diff,30,5.604052725341094,0.1933235351684365,0.3871211758809787,0.41955528895058475
random_forest,squad_rating_diff,31,5.604052725341094,0.22193347915605788,0.5199558595588395,0.2581106612851024
random_forest,squad_rating_diff,32,5.604052725341094,0.5654462718784016,0.19302490691693164,0.241528821204667
random_forest,squad_rating_diff,33,5.604052725341094,0.6371326566405373,0.16377266113220415,0.19909468222725815
random_forest,squad_rating_diff,34,5.604052725341094,0.5672632784757964,0.23248098214890964,0.20025573937529398
random_forest,squad_rating_diff,35,5.604052725341094,0.8211273204907493,0.06379178353654448,0.11508089597270604
random_forest,squad_rating_diff,36,5.604052725341094,0.5513554647924062,0.23234274655373435,0.2163017886538596
random_forest,squad_rating_diff,37,5.604052725341094,0.19092573024936235,0.5482357590857475,0.26083851066488983
random_forest,squad_rating_diff,38,5.604052725341094,0.4686009663190924,0.19220354548310337,0.33919548819780415
random_forest,squad_rating_diff,39,5.604052725341094,0.8241439946236953,0.03187445271771387,0.14398155265859083
random_forest,squad_rating_diff,40,5.604052725341094,0.48891321360129614,0.23940957734024693,0.2716772090584571
random_forest,squad_rating_diff,41,5.604052725341094,0.17618028751878342,0.5650650542816636,0.25875465819955284
random_forest,squad_rating_diff,42,5.604052725341094,0.6356035431865407,0.030436227286328273,0.33396022952713095
random_forest,squad_rating_diff,43,5.604052725341094,0.3326619094220992,0.2870058696509141,0.38033222092698665
random_forest,squad_rating_diff,44,5.604052725341094,0.24605267785921023,0.5162029145542517,0.23774440758653784
random_forest,squad_rating_diff,45,5.604052725341094,0.5540788729287014,0.12911685736617584,0.31680426970512265
random_forest,squad_rating_diff,46,5.604052725341094,0.2213534672381978,0.4986548610406123,0.2799916717211897
random_forest,squad_rating_diff,47,5.604052725341094,0.2848285802277571,0.3594465929178974,0.3557248268543456
random_forest,squad_rating_diff,48,5.604052725341094,0.7945116490786551,0.08298288738649355,0.12250546353485108
random_forest,squad_rating_diff,49,5.604052725341094,0.5333113209374357,0.17025272726167995,0.2964359518008844
random_forest,squad_rating_diff,0,7.137228572254349,0.2840498218600487,0.31712565720148106,0.3988245209384705
random_forest,squad_rating_diff,1,7.137228572254349,0.2638224949403783,0.349708445776443,0.38646905928317893
random_forest,squad_rating_diff,2,7.137228572254349,0.3639043105263904,0.4231089640838417,0.21298672538976784
random_forest,squad_rating_diff,3,7.137228572254349,0.29575140391682286,0.3469970760408064,0.35725152004237076
random_forest,squad_rating_diff,4,7.137228572254349,0.18554001142190504,0.5165962384479272,0.2978637501301678
random_forest,squad_rating_diff,5,7.137228572254349,0.198582232798076,0.4843007089224938,0.31711705827943004
random_forest,squad_rating_diff,6,7.137228572254349,0.195704482656741,0.470451243094501,0.33384427424875757
random_forest,squad_rating_diff,7,7.137228572254349,0.23441470061848144,0.5498881983460335,0.2156971010354848
random_forest,squad_rating_diff,8,7.137228572254349,0.3461885933644872,0.3954864372253922,0.25832496941012045
random_forest,squad_rating_diff,9,7.137228572254349,0.6854458618095115,0.11199581528225289,0.2025583229082357
random_forest,squad_rating_diff,10,7.137228572254349,0.7034839765714717,0.10837462371258717,0.188141399715941
random_forest,squad_rating_diff,11,7.137228572254349,0.23262780390947188,0.3741164388526636,0.39325575723786477
random_forest,squad_rating_diff,12,7.137228572254349,0.2919257754262293,0.3368755249360516,0.37119869963771895
random_forest,squad_rating_diff,13,7.137228572254349,0.3294204789359513,0.40932960103986327,0.26124992002418507
random_forest,squad_rating_diff,14,7.137228572254349,0.7798861578697168,0.03706857342399152,0.18304526870629154
random_forest,squad_rating_diff,15,7.137228572254349,0.494572590542322,0.14463571096440322,0.36079169849327486
random_forest,squad_rating_diff,16,7.137228572254349,0.7650390665645529,0.039744966043165235,0.19521596739228175
random_forest,squad_rating_diff,17,7.137228572254349,0.6861769068330069,0.0755363596803324,0.23828673348666055
random_forest,squad_rating_diff,18,7.137228572254349,0.7588454222015768,0.04543401737192581,0.19572056042649746
random_forest,squad_rating_diff,19,7.137228572254349,0.2090977990260393,0.449334927892521,0.3415672730814394
random_forest,squad_rating_diff,20,7.137228572254349,0.6068005632342184,0.08058766772918673,0.312611769036595
random_forest,squad_rating_diff,21,7.137228572254349,0.19133744892781404,0.5004152375735859,0.30824731349859985
random_forest,squad_rating_diff,22,7.137228572254349,0.21004256222759865,0.5661373936819327,0.22382004409046852
random_forest,squad_rating_diff,23,7.137228572254349,0.6548188837255663,0.09230216968996297,0.2528789465844703
random_forest,squad_rating_diff,24,7.137228572254349,0.3184609522893062,0.45532955001977177,0.2262094976909218
random_forest,squad_rating_diff,25,7.137228572254349,0.6097754500993139,0.10481940675453962,0.28540514314614623
random_forest,squad_rating_diff,26,7.137228572254349,0.6289771637152363,0.027513964464472098,0.34350887182029183
random_forest,squad_rating_diff,27,7.137228572254349,0.25399323525974354,0.2728289330197175,0.47317783172053884
random_forest,squad_rating_diff,28,7.137228572254349,0.6383244833019913,0.12834766910614212,0.23332784759186623
random_forest,squad_rating_diff,29,7.137228572254349,0.5296583813705135,0.22583322018629984,0.2445083984431866
random_forest,squad_rating_diff,30,7.137228572254349,0.18655380065838142,0.3858086949513539,0.4276375043902647
random_forest,squad_rating_diff,31,7.137228572254349,0.22193347915605788,0.5199558595588395,0.2581106612851024
random_forest,squad_rating_diff,32,7.137228572254349,0.5701894463117368,0.18068798903088334,0.2491225646573801
random_forest,squad_rating_diff,33,7.137228572254349,0.6245000300391875,0.16908461321243717,0.20641535674837505
random_forest,squad_rating_diff,34,7.137228572254349,0.5699074102298796,0.22379008490676477,0.20630250486335575
random_forest,squad_rating_diff,35,7.137228572254349,0.8243281348558537,0.06518071791444809,0.11049114722969822
random_forest,squad_rating_diff,36,7.137228572254349,0.5519322626854885,0.2310015881155285,0.21706614919898318
random_forest,squad_rating_diff,37,7.137228572254349,0.18088868202235123,0.5459610779455117,0.27315024003213667
random_forest,squad_rating_diff,38,7.137228572254349,0.46632988706780343,0.19127952130059866,0.34239059163159796
random_forest,squad_rating_diff,39,7.137228572254349,0.8357222101958611,0.029481570347792363,0.13479621945634665
random_forest,squad_rating_diff,40,7.137228572254349,0.4913857291430066,0.23797333566755294,0.27064093518944066
random_forest,squad_rating_diff,41,7.137228572254349,0.17618028751878342,0.5650650542816636,0.25875465819955284
random_forest,squad_rating_diff,42,7.137228572254349,0.6407398249445323,0.028872983711954747,0.3303871913435128
random_forest,squad_rating_diff,43,7.137228572254349,0.32262486119508815,0.2847311885106784,0.3926439502942336
random_forest,squad_rating_diff,44,7.137228572254349,0.24605267785921023,0.5162029145542517,0.23774440758653784
random_forest,squad_rating_diff,45,7.137228572254349,0.5448237000028978,0.1266740571349223,0.3285022428621798
random_forest,squad_rating_diff,46,7.137228572254349,0.21458373272814268,0.49734238011098747,0.2880738871608696
random_forest,squad_rating_diff,47,7.137228572254349,0.2848285802277571,0.3594465929178974,0.3557248268543456
random_forest,squad_rating_diff,48,7.137228572254349,0.8010873353848686,0.08279543475100004,0.11611722986413113
random_forest,squad_rating_diff,49,7.137228572254349,0.5323510001622388,0.1686654902235003,0.29898350961426096
random_forest,squad_rating_diff,0,9.003251326478807,0.2849435734720252,0.3140895329989704,0.40096689352900466
random_forest,squad_rating_diff,1,9.003251326478807,0.2638224949403783,0.349708445776443,0.38646905928317893
random_forest,squad_rating_diff,2,9.003251326478807,0.3573277209315202,0.42241103621472814,0.22026124285375162
random_forest,squad_rating_diff,3,9.003251326478807,0.29850905394143573,0.3459951039348194,0.3554958421237449
random_forest,squad_rating_diff,4,9.003251326478807,0.1797685333973178,0.5182298263455439,0.3020016402571383
random_forest,squad_rating_diff,5,9.003251326478807,0.1938574585145466,0.4834126580224019,0.32272988346305137
random_forest,squad_rating_diff,6,9.003251326478807,0.18912789306187075,0.46975331522538744,0.3411187917127414
random_forest,squad_rating_diff,7,9.003251326478807,0.2278381110236111,0.5491902704769199,0.22297161849946867
random_forest,squad_rating_diff,8,9.003251326478807,0.3405057553815935,0.39175238515376803,0.26774185946463835
random_forest,squad_rating_diff,9,9.003251326478807,0.686118351527063,0.10619567536900659,0.20768597310393055
random_forest,squad_rating_diff,10,9.003251326478807,0.677073245180662,0.09916067619273118,0.22376607862660672
random_forest,squad_rating_diff,11,9.003251326478807,0.23262780390947188,0.3741164388526636,0.39325575723786477
random_forest,squad_rating_diff,12,9.003251326478807,0.2919257754262293,0.3368755249360516,0.37119869963771895
random_forest,squad_rating_diff,13,9.003251326478807,0.31710745322680867,0.40737345886112103,0.27551908791206997
random_forest,squad_rating_diff,14,9.003251326478807,0.7888717148552352,0.030900279631787885,0.1802280055129768
random_forest,squad_rating_diff,15,9.003251326478807,0.4975344808394985,0.1439609278382841,0.3585045913222175
random_forest,squad_rating_diff,16,9.003251326478807,0.7764459179144927,0.033640109838909533,0.18991397224659767
random_forest,squad_rating_diff,17,9.003251326478807,0.696432765973254,0.061804651968271666,0.24176258205847434
random_forest,squad_rating_diff,18,9.003251326478807,0.7598974855516282,0.037382875203378595,0.20271963924499348
random_forest,squad_rating_diff,19,9.003251326478807,0.2090977990260393,0.449334927892521,0.3415672730814394
random_forest,squad_rating_diff,20,9.003251326478807,0.6264150616293775,0.0716052199621582,0.3019797184084645
random_forest,squad_rating_diff,21,9.003251326478807,0.19133744892781404,0.5004152375735859,0.30824731349859985
random_forest,squad_rating_diff,22,9.003251326478807,0.19874119834919893,0.5645514149127272,0.23670738673807365
random_forest,squad_rating_diff,23,9.003251326478807,0.6654827353079388,0.08209261776205683,0.252424646930004
random_forest,squad_rating_diff,24,9.003251326478807,0.311884362694436,0.45463162215065817,0.23348401515490558
random_forest,squad_rating_diff,25,9.003251326478807,0.6309846253042705,0.09467308103192412,0.2743422936638052
random_forest,squad_rating_diff,26,9.003251326478807,0.6390532032657444,0.023863186294830082,0.33708361043942575
random_forest,squad_rating_diff,27,9.003251326478807,0.24822175723515624,0.27446252091733425,0.4773157218475094
random_forest,squad_rating_diff,28,9.003251326478807,0.638576655068735,0.11988866862347423,0.24153467630779066
random_forest,squad_rating_diff,29,9.003251326478807,0.5093687141215723,0.22081020563154433,0.2698210802468834
random_forest,squad_rating_diff,30,9.003251326478807,0.181829026374852,0.384920644051262,0.43325032957388593
random_forest,squad_rating_diff,31,9.003251326478807,0.2106321152776582,0.5183698807896341,0.2709980039327075
random_forest,squad_rating_diff,32,9.003251326478807,0.5504566527123386,0.17531734393688647,0.274226003350775
random_forest,squad_rating_diff,33,9.003251326478807,0.6287907958641008,0.16389653608535346,0.2073126680505455
random_forest,squad_rating_diff,34,9.003251326478807,0.5475181069743564,0.21864875880077686,0.23383313422486673
random_forest,squad_rating_diff,35,9.003251326478807,0.8113382174106406,0.060314890830200245,0.1283468917591592
random_forest,squad_rating_diff,36,9.003251326478807,0.5455030829146575,0.22662729162087683,0.22786962546446585
random_forest,squad_rating_diff,37,9.003251326478807,0.18088868202235123,0.5459610779455117,0.27315024003213667
random_forest,squad_rating_diff,38,9.003251326478807,0.46510704031816297,0.19258463619647193,0.34230832348536516
random_forest,squad_rating_diff,39,9.003251326478807,0.8506357747034429,0.024802786784189092,0.124561438512368
random_forest,squad_rating_diff,40,9.003251326478807,0.47356903310822224,0.23481600548373657,0.29161496140804133
random_forest,squad_rating_diff,41,9.003251326478807,0.16487892364038373,0.5634790755124582,0.27164200084715795
random_forest,squad_rating_diff,42,9.003251326478807,0.6565081617071327,0.023137309716678888,0.3203545285761884
random_forest,squad_rating_diff,43,9.003251326478807,0.31790008691155874,0.2838431376105865,0.39825677547785493
random_forest,squad_rating_diff,44,9.003251326478807,0.24223373828895278,0.5145030145791512,0.24326324713189582
random_forest,squad_rating_diff,45,9.003251326478807,0.5454612205493032,0.12447682842606726,0.33006195102462943
random_forest,squad_rating_diff,46,9.003251326478807,0.21458373272814268,0.49734238011098747,0.2880738871608696
random_forest,squad_rating_diff,47,9.003251326478807,0.2848285802277571,0.3594465929178974,0.3557248268543456
random_forest,squad_rating_diff,48,9.003251326478807,0.7813922157950581,0.07843388681595946,0.1401738973889822
random_forest,squad_rating_diff,49,9.003251326478807,0.5292253324154301,0.16786413239407552,0.3029105351904943
random_forest,squad_rating_diff,0,13.033997161221729,0.2849435734720252,0.3140895329989704,0.40096689352900466
random_forest,squad_rating_diff,1,13.033997161221729,0.2638224949403783,0.349708445776443,0.38646905928317893
random_forest,squad_rating_diff,2,13.033997161221729,0.3573277209315202,0.42241103621472814,0.22026124285375162
random_forest,squad_rating_diff,3,13.033997161221729,0.2974936759785954,0.34540172182047574,0.35710460220092893
random_forest,squad_rating_diff,4,13.033997161221729,0.1797685333973178,0.5182298263455439,0.3020016402571383
random_forest,squad_rating_diff,5,13.033997161221729,0.19284208055170626,0.4828192759080583,0.32433864354023534
random_forest,squad_rating_diff,6,13.033997161221729,0.18912789306187075,0.46975331522538744,0.3411187917127414
random_forest,squad_rating_diff,7,13.033997161221729,0.2278381110236111,0.5491902704769199,0.22297161849946867
random_forest,squad_rating_diff,8,13.033997161221729,0.3405057553815935,0.39175238515376803,0.26774185946463835
random_forest,squad_rating_diff,9,13.033997161221729,0.6822416211661237,0.1045251705411115,0.2132332082927649
random_forest,squad_rating_diff,10,13.033997161221729,0.6857742989718969,0.10050688646427125,0.21371881456383165
random_forest,squad_rating_diff,11,13.033997161221729,0.23262780390947188,0.3741164388526636,0.39325575723786477
random_forest,squad_rating_diff,12,13.033997161221729,0.2919257754262293,0.3368755249360516,0.37119869963771895
random_forest,squad_rating_diff,13,13.033997161221729,0.3264132276773822,0.40681801275307444,0.26676875956954305
random_forest,squad_rating_diff,14,13.033997161221729,0.7907562477465623,0.02707897746935062,0.18216477478408707
random_forest,squad_rating_diff,15,13.033997161221729,0.5020607167406096,0.14468617966198224,0.3532531035974083
random_forest,squad_rating_diff,16,13.033997161221729,0.7823096399351158,0.03056121348834087,0.18712914657654314
random_forest,squad_rating_diff,17,13.033997161221729,0.7072548386166777,0.05870874398733542,0.23403641739598693
random_forest,squad_rating_diff,18,13.033997161221729,0.7488148456901951,0.036734037827171405,0.21445111648263374
random_forest,squad_rating_diff,19,13.033997161221729,0.2090977990260393,0.449334927892521,0.3415672730814394
random_forest,squad_rating_diff,20,13.033997161221729,0.6281536435186048,0.0691886648840417,0.3026576915973537
random_forest,squad_rating_diff,21,13.033997161221729,0.19133744892781404,0.5004152375735859,0.30824731349859985
random_forest,squad_rating_diff,22,13.033997161221729,0.19874119834919893,0.5645514149127272,0.23670738673807365
random_forest,squad_rating_diff,23,13.033997161221729,0.6638544646530664,0.08131955228468878,0.25482598306224463
random_forest,squad_rating_diff,24,13.033997161221729,0.311884362694436,0.45463162215065817,0.23348401515490558
random_forest,squad_rating_diff,25,13.033997161221729,0.6417088473418275,0.09567883925983818,0.26261231339833413
random_forest,squad_rating_diff,26,13.033997161221729,0.6376654023317399,0.023344190755284194,0.33899040691297616
random_forest,squad_rating_diff,27,13.033997161221729,0.24822175723515624,0.27446252091733425,0.4773157218475094
random_forest,squad_rating_diff,28,13.033997161221729,0.6405733752246564,0.1174599255088435,0.2419666992664998
random_forest,squad_rating_diff,29,13.033997161221729,0.5244521385505242,0.2194824544884972,0.25606540696097846
random_forest,squad_rating_diff,30,13.033997161221729,0.18081364841201164,0.38432726193691824,0.43485908965106995
random_forest,squad_rating_diff,31,13.033997161221729,0.2106321152776582,0.5183698807896341,0.2709980039327075
random_forest,squad_rating_diff,32,13.033997161221729,0.5612124876599061,0.17638458900306508,0.26240292333702886
random_forest,squad_rating_diff,33,13.033997161221729,0.63768113903195,0.1629248095803053,0.19939405138774458
random_forest,squad_rating_diff,34,13.033997161221729,0.5540451163362178,0.2174119152897153,0.22854296837406693
random_forest,squad_rating_diff,35,13.033997161221729,0.817610682544486,0.05872650082511415,0.1236628166303998
random_forest,squad_rating_diff,36,13.033997161221729,0.554808857365231,0.22607184551283024,0.21911929712193892
random_forest,squad_rating_diff,37,13.033997161221729,0.18088868202235123,0.5459610779455117,0.27315024003213667
random_forest,squad_rating_diff,38,13.033997161221729,0.46510704031816297,0.19258463619647193,0.34230832348536516
random_forest,squad_rating_diff,39,13.033997161221729,0.8595182738726329,0.022981860137657156,0.11749986598971
random_forest,squad_rating_diff,40,13.033997161221729,0.4828748075587957,0.23426055937569,0.2828646330655144
random_forest,squad_rating_diff,41,13.033997161221729,0.16487892364038373,0.5634790755124582,0.27164200084715795
random_forest,squad_rating_diff,42,13.033997161221729,0.663896634791907,0.018999301110397996,0.3171040640976949
random_forest,squad_rating_diff,43,13.033997161221729,0.3199226053471073,0.2835362370836953,0.39654115756919756
random_forest,squad_rating_diff,44,13.033997161221729,0.24223373828895278,0.5145030145791512,0.24326324713189582
random_forest,squad_rating_diff,45,13.033997161221729,0.5419860086495146,0.1253412813135568,0.3326727100369285
random_forest,squad_rating_diff,46,13.033997161221729,0.21356835476530234,0.49674899799664374,0.2896826472380536
random_forest,squad_rating_diff,47,13.033997161221729,0.2848285802277571,0.3594465929178974,0.3557248268543456
random_forest,squad_rating_diff,48,13.033997161221729,0.7900187661827424,0.07678309754728291,0.13319813626997445
random_forest,squad_rating_diff,49,13.033997161221729,0.5279440088662735,0.16695377103170972,0.3051022201020169
random_forest,possession_diff,0,-13.41482194575934,0.1895267393803476,0.40838186752407596,0.40209139309557645
random_forest,possession_diff,1,-13.41482194575934,0.10280956222589964,0.5618525482835507,0.33533788949055016
random_forest,possession_diff,2,-13.41482194575934,0.18597534320369022,0.5587566044523262,0.25526805234398353
random_forest,possession_diff,3,-13.41482194575934,0.16126344817494828,0.494049165153372,0.3446873866716797
random_forest,possession_diff,4,-13.41482194575934,0.023090982949845452,0.7144191958177818,0.26248982123237274
random_forest,possession_diff,5,-13.41482194575934,0.056227767043355796,0.6972440171192998,0.246528215837344
random_forest,possession_diff,6,-13.41482194575934,0.06551254109028475,0.6327638552240072,0.3017236036857081
random_forest,possession_diff,7,-13.41482194575934,0.08903149329833808,0.7096481249582345,0.20132038174342715
random_forest,possession_diff,8,-13.41482194575934,0.1843649578151251,0.5367694439871807,0.27886559819769435
random_forest,possession_diff,9,-13.41482194575934,0.47893781803034835,0.17665962952528294,0.3444025524443686
random_forest,possession_diff,10,-13.41482194575934,0.5364876969051694,0.22859783680143075,0.23491446629339977
random_forest,possession_diff,11,-13.41482194575934,0.09624733145379653,0.5125038578064649,0.39124881073973866
random_forest,possession_diff,12,-13.41482194575934,0.16249568813091034,0.5015491382968084,0.3359551735722813
random_forest,possession_diff,13,-13.41482194575934,0.18896456242930204,0.5492348972943497,0.26180054027634825
random_forest,possession_diff,14,-13.41482194575934,0.6215251108241583,0.10197326344108786,0.27650162573475406
random_forest,possession_diff,15,-13.41482194575934,0.37603949687759064,0.20009201908195293,0.42386848404045624
random_forest,possession_diff,16,-13.41482194575934,0.5710520880117486,0.11340710524394783,0.3155408067443038
random_forest,possession_diff,17,-13.41482194575934,0.5869427606655028,0.14428592228554513,0.26877131704895235
random_forest,possession_diff,18,-13.41482194575934,0.649083398857412,0.0924921395889494,0.2584244615536388
random_forest,possession_diff,19,-13.41482194575934,0.07974163754239336,0.5521518167012202,0.3681065457563866
random_forest,possession_diff,20,-13.41482194575934,0.47302720226657163,0.12950788947380437,0.39746490825962416
random_forest,possession_diff,21,-13.41482194575934,0.03313152573251107,0.7080926218126851,0.258775852454804
random_forest,possession_diff,22,-13.41482194575934,0.03496203972831046,0.8309818251352349,0.13405613513645487
random_forest,possession_diff,23,-13.41482194575934,0.4700482098349143,0.12759258146135702,0.4023592087037287
random_forest,possession_diff,24,-13.41482194575934,0.1300710505299317,0.638861578338813,0.23106737113125533
random_forest,possession_diff,25,-13.41482194575934,0.4526139020157107,0.1600937013214116,0.3872923966628776
random_forest,possession_diff,26,-13.41482194575934,0.5405648446643007,0.11195004102890808,0.34748511430679124
random_forest,possession_diff,27,-13.41482194575934,0.13082682753356947,0.4024492616828353,0.46672391078359526
random_forest,possession_diff,28,-13.41482194575934,0.49987546175227937,0.17480319047533285,0.32532134777238786
random_forest,possession_diff,29,-13.41482194575934,0.30966533631408916,0.32887040632818726,0.36146425735772364
random_forest,possession_diff,30,-13.41482194575934,0.04948652292181338,0.530916213513313,0.41959726356487376
random_forest,possession_diff,31,-13.41482194575934,0.018361362389355255,0.7436433626715354,0.2379952749391093
random_forest,possession_diff,32,-13.41482194575934,0.39082462255306266,0.3208220046371598,0.2883533728097777
random_forest,possession_diff,33,-13.41482194575934,0.4874098780020557,0.20032056484122726,0.31226955715671695
random_forest,possession_diff,34,-13.41482194575934,0.3334534133455897,0.3628141133582772,0.3037324732961331
random_forest,possession_diff,35,-13.41482194575934,0.6169409240904359,0.14303829773666696,0.24002077817289733
random_forest,possession_diff,36,-13.41482194575934,0.37805576211149833,0.3086114059529016,0.31333283193560035
random_forest,possession_diff,37,-13.41482194575934,0.02727802061193431,0.7633844460277026,0.20933753336036331
random_forest,possession_diff,38,-13.41482194575934,0.3711012418061357,0.22868844239093897,0.40021031580292515
random_forest,possession_diff,39,-13.41482194575934,0.6816186226788218,0.10855426929064604,0.20982710803053228
random_forest,possession_diff,40,-13.41482194575934,0.3107227202621839,0.41423155259159805,0.27504572714621806
random_forest,possession_diff,41,-13.41482194575934,0.016208546013118705,0.7946668341865294,0.1891246198003519
random_forest,possession_diff,42,-13.41482194575934,0.49857706315404976,0.09393328668735935,0.4074896501585908
random_forest,possession_diff,43,-13.41482194575934,0.1676950297798668,0.46908193262497794,0.36322303759515556
random_forest,possession_diff,44,-13.41482194575934,0.08972945703541109,0.7328874101684395,0.17738313279614937
random_forest,possession_diff,45,-13.41482194575934,0.3904004053355035,0.21255431691112683,0.39704527775336956
random_forest,possession_diff,46,-13.41482194575934,0.05432362137875251,0.7039744606600592,0.24170191796118778
random_forest,possession_diff,47,-13.41482194575934,0.11618409329101748,0.5704729574938848,0.3133429492150977
random_forest,possession_diff,48,-13.41482194575934,0.6229099509846755,0.159645015886601,0.21744503312872365
random_forest,possession_diff,49,-13.41482194575934,0.37538391932435017,0.22591001931120788,0.39870606136444176
random_forest,possession_diff,0,-9.883297269568475,0.18764124787774605,0.4071752188055924,0.40518353331666157
random_forest,possession_diff,1,-9.883297269568475,0.10773139745446723,0.542740449902528,0.34952815264300535
random_forest,possession_diff,2,-9.883297269568475,0.18926913140383125,0.5533595320467103,0.2573713365494584
random_forest,possession_diff,3,-9.883297269568475,0.1618771556924473,0.4995823282113074,0.3385405160962452
random_forest,possession_diff,4,-9.883297269568475,0.023956501168118666,0.7242299134228434,0.25181358540903814
random_forest,possession_diff,5,-9.883297269568475,0.05755076563147776,0.6903618754473434,0.2520873589211787
random_forest,possession_diff,6,-9.883297269568475,0.06365906831397292,0.6214227641183468,0.31491816756768015
random_forest,possession_diff,7,-9.883297269568475,0.08972500139247262,0.7027273308945633,0.20754766771296376
random_forest,possession_diff,8,-9.883297269568475,0.1843649578151251,0.5367694439871807,0.27886559819769435
random_forest,possession_diff,9,-9.883297269568475,0.4796425199248217,0.17754005018371433,0.34281742989146397
random_forest,possession_diff,10,-9.883297269568475,0.5364876969051694,0.22859783680143075,0.23491446629339977
random_forest,possession_diff,11,-9.883297269568475,0.10128041781295939,0.48774674275166574,0.4109728394353749
random_forest,possession_diff,12,-9.883297269568475,0.16360734004810737,0.4933614471785841,0.3430312127733084
random_forest,possession_diff,13,-9.883297269568475,0.18896456242930204,0.5492348972943497,0.26180054027634825
random_forest,possession_diff,14,-9.883297269568475,0.6215251108241583,0.10197326344108786,0.27650162573475406
random_forest,possession_diff,15,-9.883297269568475,0.37603949687759064,0.19087571048820293,0.43308479263420624
random_forest,possession_diff,16,-9.883297269568475,0.5766867829071557,0.10615340196858508,0.31715981512425934
random_forest,possession_diff,17,-9.883297269568475,0.5869427606655028,0.14428592228554513,0.26877131704895235
random_forest,possession_diff,18,-9.883297269568475,0.6488430831010897,0.08693410014773666,0.26422281675117376
random_forest,possession_diff,19,-9.883297269568475,0.08246390047818804,0.5503626752462524,0.3671734242755597
random_forest,possession_diff,20,-9.883297269568475,0.47842158140565666,0.12591245535097892,0.3956659632433647
random_forest,possession_diff,21,-9.883297269568475,0.03492704767720509,0.7126511459999314,0.2524218063228638
random_forest,possession_diff,22,-9.883297269568475,0.03711344605133343,0.8347835617195724,0.1281029922290946
random_forest,possession_diff,23,-9.883297269568475,0.47568290473032143,0.12033887818599426,0.4039782170836843
random_forest,possession_diff,24,-9.883297269568475,0.12622221588682683,0.6398071621839371,0.23397062192923604
random_forest,possession_diff,25,-9.883297269568475,0.4526139020157107,0.1508773927276616,0.3965087052566276
random_forest,possession_diff,26,-9.883297269568475,0.5461995395597078,0.10469633775354537,0.34910412268674684
random_forest,possession_diff,27,-9.883297269568475,0.132750965663068,0.39075353942006935,0.4764954949168627
random_forest,possession_diff,28,-9.883297269568475,0.49963514599595715,0.16924515103412016,0.3311197029699228
random_forest,possession_diff,29,-9.883297269568475,0.30966533631408916,0.32887040632818726,0.36146425735772364
random_forest,possession_diff,30,-9.883297269568475,0.05026224589803343,0.5279969718441506,0.42174078225781614
random_forest,possession_diff,31,-9.883297269568475,0.01914591860742316,0.7371465124291493,0.2437075689634273
random_forest,possession_diff,32,-9.883297269568475,0.39082462255306266,0.3208220046371598,0.2883533728097777
random_forest,possession_diff,33,-9.883297269568475,0.48954500455344924,0.19984830874959744,0.31060668669695324
random_forest,possession_diff,34,-9.883297269568475,0.3334534133455897,0.3628141133582772,0.3037324732961331
random_forest,possession_diff,35,-9.883297269568475,0.6169409240904359,0.14303829773666696,0.24002077817289733
random_forest,possession_diff,36,-9.883297269568475,0.37805576211149833,0.3086114059529016,0.31333283193560035
random_forest,possession_diff,37,-9.883297269568475,0.026271483696351645,0.7633054751457405,0.21042304115790797
random_forest,possession_diff,38,-9.883297269568475,0.37086092604981347,0.22313040294972622,0.4060086710004602
random_forest,possession_diff,39,-9.883297269568475,0.6816186226788218,0.10855426929064604,0.20982710803053228
random_forest,possession_diff,40,-9.883297269568475,0.3090816175439269,0.41587265530985507,0.27504572714621806
random_forest,possession_diff,41,-9.883297269568475,0.016092550924033527,0.7774020671812308,0.20650538189473547
random_forest,possession_diff,42,-9.883297269568475,0.5039714422931347,0.0903378525645339,0.4056907051423313
random_forest,possession_diff,43,-9.883297269568475,0.17207495844192625,0.4611522397326195,0.3667728018254544
random_forest,possession_diff,44,-9.883297269568475,0.08752172511056328,0.7321918912953067,0.18028638359413007
random_forest,possession_diff,45,-9.883297269568475,0.39044008198616686,0.20579591939699746,0.4037639986168357
random_forest,possession_diff,46,-9.883297269568475,0.05660389226079377,0.6913154382485883,0.2520806694906177
random_forest,possession_diff,47,-9.883297269568475,0.11909143969663055,0.5621634649287482,0.3187450953746212
random_forest,possession_diff,48,-9.883297269568475,0.6229099509846755,0.159645015886601,0.21744503312872365
random_forest,possession_diff,49,-9.883297269568475,0.37775936163206586,0.22177949406704078,0.400461144300893
random_forest,possession_diff,0,-7.828776447953092,0.1883780540371045,0.40208983891148864,0.4095321070514069
random_forest,possession_diff,1,-7.828776447953092,0.1090612073136813,0.5467810734544426,0.3441577192318767
random_forest,possession_diff,2,-7.828776447953092,0.19387670272960303,0.5479614833839895,0.25816181388640735
random_forest,possession_diff,3,-7.828776447953092,0.16250631145279473,0.48862698340449234,0.34886670514271284
random_forest,possession_diff,4,-7.828776447953092,0.023062100549070777,0.721199142895634,0.2557387565552954
random_forest,possession_diff,5,-7.828776447953092,0.05884563843558108,0.6955656170734481,0.2455887444909706
random_forest,possession_diff,6,-7.828776447953092,0.06456265358231676,0.6248442597528251,0.31059308666485813
random_forest,possession_diff,7,-7.828776447953092,0.0875469197126949,0.7109171855680615,0.20153589471924335
random_forest,possession_diff,8,-7.828776447953092,0.18570526597113302,0.5275783185976997,0.2867164154311674
random_forest,possession_diff,9,-7.828776447953092,0.4860813128013477,0.16401755756416073,0.34990112963449155
random_forest,possession_diff,10,-7.828776447953092,0.5364876969051694,0.22859783680143075,0.23491446629339977
random_forest,possession_diff,11,-7.828776447953092,0.10163660683852586,0.4933225944293353,0.4050407987321388
random_forest,possession_diff,12,-7.828776447953092,0.16293661493275083,0.49093737274064847,0.34612601232660073
random_forest,possession_diff,13,-7.828776447953092,0.18918521932375296,0.5470309709473787,0.26378380972886833
random_forest,possession_diff,14,-7.828776447953092,0.6215251108241583,0.10197326344108786,0.27650162573475406
random_forest,possession_diff,15,-7.828776447953092,0.37603949687759064,0.19087571048820293,0.43308479263420624
random_forest,possession_diff,16,-7.828776447953092,0.5766867829071557,0.10615340196858508,0.31715981512425934
random_forest,possession_diff,17,-7.828776447953092,0.5869427606655028,0.14428592228554513,0.26877131704895235
random_forest,possession_diff,18,-7.828776447953092,0.6488430831010897,0.08693410014773666,0.26422281675117376
random_forest,possession_diff,19,-7.828776447953092,0.08348109014717749,0.5424340013396319,0.37408490851319054
random_forest,possession_diff,20,-7.828776447953092,0.47842158140565666,0.12591245535097892,0.3956659632433647
random_forest,possession_diff,21,-7.828776447953092,0.03664894535754679,0.7131444222602971,0.2502066323821564
random_forest,possession_diff,22,-7.828776447953092,0.037771941297267374,0.8230055931976527,0.1392224655050802
random_forest,possession_diff,23,-7.828776447953092,0.47568290473032143,0.12033887818599426,0.4039782170836843
random_forest,possession_diff,24,-7.828776447953092,0.129463395295441,0.6461369172187135,0.2243996874858455
random_forest,possession_diff,25,-7.828776447953092,0.4526139020157107,0.1508773927276616,0.3965087052566276
random_forest,possession_diff,26,-7.828776447953092,0.5461995395597078,0.10469633775354537,0.34910412268674684
random_forest,possession_diff,27,-7.828776447953092,0.13317446721954682,0.4026771751283218,0.4641483576521315
random_forest,possession_diff,28,-7.828776447953092,0.49963514599595715,0.16924515103412016,0.3311197029699228
random_forest,possession_diff,29,-7.828776447953092,0.3141111366433987,0.32442460599887774,0.36146425735772364
random_forest,possession_diff,30,-7.828776447953092,0.051021416145600164,0.5148460781574793,0.4341325056969209
random_forest,possession_diff,31,-7.828776447953092,0.02105895933679278,0.7330327220510698,0.24590831861213716
random_forest,possession_diff,32,-7.828776447953092,0.39082462255306266,0.3208220046371598,0.2883533728097777
random_forest,possession_diff,33,-7.828776447953092,0.4886808335471558,0.19587859035476474,0.3154405760980793
random_forest,possession_diff,34,-7.828776447953092,0.3334534133455897,0.3628141133582772,0.3037324732961331
random_forest,possession_diff,35,-7.828776447953092,0.6169409240904359,0.14303829773666696,0.24002077817289733
random_forest,possession_diff,36,-7.828776447953092,0.3801619322321239,0.30170937525100333,0.318128692516873
random_forest,possession_diff,37,-7.828776447953092,0.028211420919549254,0.764399838346714,0.20738874073373695
random_forest,possession_diff,38,-7.828776447953092,0.37086092604981347,0.22313040294972622,0.4060086710004602
random_forest,possession_diff,39,-7.828776447953092,0.6816186226788218,0.10855426929064604,0.20982710803053228
random_forest,possession_diff,40,-7.828776447953092,0.31639301672587383,0.4061173683878476,0.2774896148862785
random_forest,possession_diff,41,-7.828776447953092,0.016924964517340668,0.7636520623054458,0.2194229731772133
random_forest,possession_diff,42,-7.828776447953092,0.5039714422931347,0.0903378525645339,0.4056907051423313
random_forest,possession_diff,43,-7.828776447953092,0.1757406208358171,0.45612606460433075,0.36813331455985226
random_forest,possession_diff,44,-7.828776447953092,0.08417696778733706,0.7266771253366798,0.18914590687598312
random_forest,possession_diff,45,-7.828776447953092,0.39182927628927905,0.19718492727986184,0.41098579643085903
random_forest,possession_diff,46,-7.828776447953092,0.06239801855871305,0.6849278063541746,0.2526741750871121
random_forest,possession_diff,47,-7.828776447953092,0.11976096797897591,0.5682038516812596,0.31203518033976446
random_forest,possession_diff,48,-7.828776447953092,0.6229099509846755,0.159645015886601,0.21744503312872365
random_forest,possession_diff,49,-7.828776447953092,0.37977411503504716,0.2147625078376384,0.4054633771273142
random_forest,possession_diff,0,-6.33631005080907,0.19290233535856857,0.40055012657289146,0.4065475380685401
random_forest,possession_diff,1,-6.33631005080907,0.10860647146701864,0.5415160078002438,0.349877520732738
random_forest,possession_diff,2,-6.33631005080907,0.19470239013402016,0.5503622435478687,0.25493536631811103
random_forest,possession_diff,3,-6.33631005080907,0.16625107212584955,0.47263523675116687,0.36111369112298336
random_forest,possession_diff,4,-6.33631005080907,0.026233751005917585,0.716868488171123,0.2568977608229595
random_forest,possession_diff,5,-6.33631005080907,0.05826014879196492,0.6861123796555497,0.2556274715524853
random_forest,possession_diff,6,-6.33631005080907,0.06575867981257812,0.6321579206432972,0.30208339954412466
random_forest,possession_diff,7,-6.33631005080907,0.08617359035732812,0.7188113850724517,0.19501502457022
random_forest,possession_diff,8,-6.33631005080907,0.18855151394920763,0.5478858195986659,0.2635626664521267
random_forest,possession_diff,9,-6.33631005080907,0.4860813128013477,0.16401755756416073,0.34990112963449155
random_forest,possession_diff,10,-6.33631005080907,0.5364876969051694,0.22859783680143075,0.23491446629339977
random_forest,possession_diff,11,-6.33631005080907,0.1081458384904183,0.47981523646825025,0.4120389250413316
random_forest,possession_diff,12,-6.33631005080907,0.16627685414292245,0.48679610705093873,0.3469270388061388
random_forest,possession_diff,13,-6.33631005080907,0.1900126948521348,0.5456673518433549,0.2643199533045101
random_forest,possession_diff,14,-6.33631005080907,0.6215251108241583,0.10197326344108786,0.27650162573475406
random_forest,possession_diff,15,-6.33631005080907,0.37603949687759064,0.19087571048820293,0.43308479263420624
random_forest,possession_diff,16,-6.33631005080907,0.5766867829071557,0.10615340196858508,0.31715981512425934
random_forest,possession_diff,17,-6.33631005080907,0.5869427606655028,0.14428592228554513,0.26877131704895235
random_forest,possession_diff,18,-6.33631005080907,0.6488430831010897,0.08693410014773666,0.26422281675117376
random_forest,possession_diff,19,-6.33631005080907,0.08388281828962457,0.5311890826060568,0.3849280991043185
random_forest,possession_diff,20,-6.33631005080907,0.47962775377440137,0.11998882482166029,0.4003834214039386
random_forest,possession_diff,21,-6.33631005080907,0.038517537415933716,0.7122087988122501,0.2492736637718165
random_forest,possession_diff,22,-6.33631005080907,0.04000710720296004,0.818531431478509,0.14146146131853118
random_forest,possession_diff,23,-6.33631005080907,0.47568290473032143,0.12033887818599426,0.4039782170836843
random_forest,possession_diff,24,-6.33631005080907,0.12736209356051706,0.6575745149834887,0.21506339145599418
random_forest,possession_diff,25,-6.33631005080907,0.4526139020157107,0.1508773927276616,0.3965087052566276
random_forest,possession_diff,26,-6.33631005080907,0.5461995395597078,0.10469633775354537,0.34910412268674684
random_forest,possession_diff,27,-6.33631005080907,0.13539775066107868,0.39428719996166217,0.47031504937725926
random_forest,possession_diff,28,-6.33631005080907,0.49963514599595715,0.16924515103412016,0.3311197029699228
random_forest,possession_diff,29,-6.33631005080907,0.3141111366433987,0.32442460599887774,0.36146425735772364
random_forest,possession_diff,30,-6.33631005080907,0.049763927716917074,0.513875285233841,0.43636078704924225
random_forest,possession_diff,31,-6.33631005080907,0.022233152534929714,0.7293752611226886,0.24839158634238148
random_forest,possession_diff,32,-6.33631005080907,0.39082462255306266,0.3208220046371598,0.2883533728097777
random_forest,possession_diff,33,-6.33631005080907,0.4886808335471558,0.19587859035476474,0.3154405760980793
random_forest,possession_diff,34,-6.33631005080907,0.33369440382315463,0.3647187327223471,0.3015868634544982
random_forest,possession_diff,35,-6.33631005080907,0.6169409240904359,0.14303829773666696,0.24002077817289733
random_forest,possession_diff,36,-6.33631005080907,0.37713002136924095,0.30969916051998586,0.31317081811077346
random_forest,possession_diff,37,-6.33631005080907,0.0285318981309442,0.752087686489434,0.21938041537962205
random_forest,possession_diff,38,-6.33631005080907,0.3720935629313431,0.21638482228211067,0.41152161478654614
random_forest,possession_diff,39,-6.33631005080907,0.6816186226788218,0.10855426929064604,0.20982710803053228
random_forest,possession_diff,40,-6.33631005080907,0.31563974117272026,0.4115052083430573,0.2728550504842224
random_forest,possession_diff,41,-6.33631005080907,0.017775821740868985,0.7706316510343361,0.21159252722479469
random_forest,possession_diff,42,-6.33631005080907,0.5039714422931347,0.0903378525645339,0.4056907051423313
random_forest,possession_diff,43,-6.33631005080907,0.17753095688711748,0.4452357672525189,0.37723327586036376
random_forest,possession_diff,44,-6.33631005080907,0.08452633435580172,0.722327900990266,0.19314576465393227
random_forest,possession_diff,45,-6.33631005080907,0.39182927628927905,0.19718492727986184,0.41098579643085903
random_forest,possession_diff,46,-6.33631005080907,0.06212013011926159,0.6859959771861264,0.2518838926946116
random_forest,possession_diff,47,-6.33631005080907,0.12312238828429979,0.5532087494159285,0.3236688622997716
random_forest,possession_diff,48,-6.33631005080907,0.6229099509846755,0.159645015886601,0.21744503312872365
random_forest,possession_diff,49,-6.33631005080907,0.37977411503504716,0.2147625078376384,0.4054633771273142
random_forest,possession_diff,0,-4.714084615741896,0.20481531460424943,0.41219348866779887,0.38299119672795184
random_forest,possession_diff,1,-4.714084615741896,0.11364951655786908,0.504501614107539,0.3818488693345923
random_forest,possession_diff,2,-4.714084615741896,0.19847076676619843,0.5578240146056365,0.243705218628165
random_forest,possession_diff,3,-4.714084615741896,0.1711267781235152,0.4716702019236467,0.35720301995283815
random_forest,possession_diff,4,-4.714084615741896,0.03601632757605042,0.6832676631688525,0.28071600925509727
random_forest,possession_diff,5,-4.714084615741896,0.06378242756694273,0.6696056039979578,0.26661196843509943
random_forest,possession_diff,6,-4.714084615741896,0.07567203310204933,0.6480631151976263,0.2762648517003244
random_forest,possession_diff,7,-4.714084615741896,0.09114846446695724,0.7124552239238643,0.19639631160917795
random_forest,possession_diff,8,-4.714084615741896,0.18828814083458192,0.5656579286118307,0.2460539305535875
random_forest,possession_diff,9,-4.714084615741896,0.5013497974810254,0.16845953031898717,0.3301906721999874
random_forest,possession_diff,10,-4.714084615741896,0.5329004461394147,0.22932715022954442,0.23777240363104088
random_forest,possession_diff,11,-4.714084615741896,0.1136371631812308,0.46744821005530035,0.41891462676346913
random_forest,possession_diff,12,-4.714084615741896,0.16618212879362806,0.49236979365944583,0.34144807754692613
random_forest,possession_diff,13,-4.714084615741896,0.19485181616095112,0.541046859685096,0.2641013241539529
random_forest,possession_diff,14,-4.714084615741896,0.6326913461676218,0.09533041582775122,0.2719782380046271
random_forest,possession_diff,15,-4.714084615741896,0.37660775935388974,0.1972104639850505,0.4261817766610596
random_forest,possession_diff,16,-4.714084615741896,0.5870755455553752,0.11468736625488786,0.29823708818973693
random_forest,possession_diff,17,-4.714084615741896,0.6005377139685723,0.1343207615976436,0.26514152443378436
random_forest,possession_diff,18,-4.714084615741896,0.6515863496073734,0.08792420314651105,0.26048944724611567
random_forest,possession_diff,19,-4.714084615741896,0.08118256457909272,0.5276600797462213,0.3911573556746857
random_forest,possession_diff,20,-4.714084615741896,0.4832009676064832,0.1267704168379528,0.3900286155555643
random_forest,possession_diff,21,-4.714084615741896,0.04619757319374409,0.6753108078035296,0.27849161900272634
random_forest,possession_diff,22,-4.714084615741896,0.045974064853180056,0.7998566518171603,0.15416928332965982
random_forest,possession_diff,23,-4.714084615741896,0.48337955131621957,0.12385123943905485,0.3927692092447257
random_forest,possession_diff,24,-4.714084615741896,0.12810416647600972,0.6575879439435638,0.21430788958042649
random_forest,possession_diff,25,-4.714084615741896,0.45968916728874226,0.1569577102365355,0.38335312247472203
random_forest,possession_diff,26,-4.714084615741896,0.5565883022079273,0.11323030203984814,0.3301813957522246
random_forest,possession_diff,27,-4.714084615741896,0.1419047145263759,0.4027958423322864,0.45529944314133775
random_forest,possession_diff,28,-4.714084615741896,0.5037481788386193,0.18044555692690403,0.3158062642344767
random_forest,possession_diff,29,-4.714084615741896,0.3285317296998694,0.32314599012934536,0.3483222801707853
random_forest,possession_diff,30,-4.714084615741896,0.044245265029401855,0.5087046942567119,0.4470500407138866
random_forest,possession_diff,31,-4.714084615741896,0.025030047593798493,0.7288332749751554,0.24613667743104584
random_forest,possession_diff,32,-4.714084615741896,0.3965484385889894,0.31454358328225385,0.2889079781287569
random_forest,possession_diff,33,-4.714084615741896,0.4858281943557797,0.20877766365469663,0.3053941419895235
random_forest,possession_diff,34,-4.714084615741896,0.34069001670669596,0.36495099074339693,0.2943589925499071
random_forest,possession_diff,35,-4.714084615741896,0.6201207309860087,0.14321043169197825,0.23666883732201313
random_forest,possession_diff,36,-4.714084615741896,0.3779150316998039,0.307141681288249,0.31494328701194735
random_forest,possession_diff,37,-4.714084615741896,0.03613125296572473,0.7125391741432842,0.251329572890991
random_forest,possession_diff,38,-4.714084615741896,0.3792377168562439,0.22567752804296762,0.39508475510078855
random_forest,possession_diff,39,-4.714084615741896,0.6931319590428547,0.10778445315171653,0.19908358780542867
random_forest,possession_diff,40,-4.714084615741896,0.313755032470703,0.40870625811065703,0.27753870941863995
random_forest,possession_diff,41,-4.714084615741896,0.021800687825119177,0.7655787642586,0.21262054791628052
random_forest,possession_diff,42,-4.714084615741896,0.5116680888790328,0.0938502138175945,0.39448169730337274
random_forest,possession_diff,43,-4.714084615741896,0.18518374641825486,0.44443066297100087,0.3703855906107445
random_forest,possession_diff,44,-4.714084615741896,0.08328584370401669,0.7016558364438189,0.2150583198521643
random_forest,possession_diff,45,-4.714084615741896,0.39239753876557804,0.20351968077670946,0.40408278045771245
random_forest,possession_diff,46,-4.714084615741896,0.06823745432978814,0.6669106535813931,0.2648518920888185
random_forest,possession_diff,47,-4.714084615741896,0.1364082505970093,0.54452020694716,0.31907154245583086
random_forest,possession_diff,48,-4.714084615741896,0.6395866920617294,0.16449263162644603,0.1959206763118246
random_forest,possession_diff,49,-4.714084615741896,0.3894918315346542,0.22370329462109687,0.38680487384424883
random_forest,possession_diff,0,-3.0642120315569272,0.22328454314331558,0.43883174774232264,0.33788370911436183
random_forest,possession_diff,1,-3.0642120315569272,0.13223496535457266,0.4703903723917087,0.3973746622537188
random_forest,possession_diff,2,-3.0642120315569272,0.22850743636428691,0.5246877568603799,0.24680480677533304
random_forest,possession_diff,3,-3.0642120315569272,0.19485282446398924,0.43924207825379896,0.36590509728221154
random_forest,possession_diff,4,-3.0642120315569272,0.038211771339757165,0.6773234134106044,0.2844648152496385
random_forest,possession_diff,5,-3.0642120315569272,0.08254281109422722,0.6332756576553341,0.2841815312504387
random_forest,possession_diff,6,-3.0642120315569272,0.0929793977223103,0.6186038692391295,0.28841673303856025
random_forest,possession_diff,7,-3.0642120315569272,0.11071180669203869,0.6618808941470794,0.22740729916088184
random_forest,possession_diff,8,-3.0642120315569272,0.20609757875915935,0.5422296069044992,0.2516728143363414
random_forest,possession_diff,9,-3.0642120315569272,0.5103210103185085,0.16811438770760223,0.3215646019738892
random_forest,possession_diff,10,-3.0642120315569272,0.554087182234655,0.2225414331143519,0.2233713846509929
random_forest,possession_diff,11,-3.0642120315569272,0.12577582320292502,0.4444874535558849,0.4297367232411902
random_forest,possession_diff,12,-3.0642120315569272,0.1746895887069344,0.44072769187587574,0.38458271941718963
random_forest,possession_diff,13,-3.0642120315569272,0.19430034937854979,0.5143100224435936,0.29138962817785635
random_forest,possession_diff,14,-3.0642120315569272,0.6456358014488992,0.10718998931782094,0.24717420923327985
random_forest,possession_diff,15,-3.0642120315569272,0.3907394997237985,0.2046495679756575,0.40461093230054396
random_forest,possession_diff,16,-3.0642120315569272,0.5884480645502778,0.10377852295882369,0.30777341249089857
random_forest,possession_diff,17,-3.0642120315569272,0.6137635269744777,0.12475578035316572,0.2614806926723568
random_forest,possession_diff,18,-3.0642120315569272,0.6665594868996688,0.09204283504616578,0.24139767805416554
random_forest,possession_diff,19,-3.0642120315569272,0.08711022825130477,0.5226148989551853,0.39027487279350975
random_forest,possession_diff,20,-3.0642120315569272,0.48342188445125517,0.12143979591000169,0.3951383196387433
random_forest,possession_diff,21,-3.0642120315569272,0.06084323441533796,0.652789197171487,0.2863675684131751
random_forest,possession_diff,22,-3.0642120315569272,0.05660665100852889,0.768750010480156,0.17464333851131528
random_forest,possession_diff,23,-3.0642120315569272,0.4885553636681364,0.12668425208585612,0.3847603842460075
random_forest,possession_diff,24,-3.0642120315569272,0.13028885448481944,0.6551736836553318,0.214537461859849
random_forest,possession_diff,25,-3.0642120315569272,0.47081685180867944,0.15867925751836268,0.3705038906729579
random_forest,possession_diff,26,-3.0642120315569272,0.5570935021999869,0.09209702491905243,0.3508094728809607
random_forest,possession_diff,27,-3.0642120315569272,0.16536059361062652,0.4056203065215465,0.429019099867827
random_forest,possession_diff,28,-3.0642120315569272,0.5181991750392965,0.18051807047992738,0.3012827544807763
random_forest,possession_diff,29,-3.0642120315569272,0.34670963377151515,0.3166519120410686,0.3366384541874164
random_forest,possession_diff,30,-3.0642120315569272,0.06790532600340266,0.5149798634244424,0.4171148105721551
random_forest,possession_diff,31,-3.0642120315569272,0.03314354571354226,0.7263377700835828,0.2405186842028749
random_forest,possession_diff,32,-3.0642120315569272,0.4186674805269082,0.3204352179371548,0.26089730153593704
random_forest,possession_diff,33,-3.0642120315569272,0.49959067384103545,0.19725101619537042,0.3031583099635941
random_forest,possession_diff,34,-3.0642120315569272,0.34643905486227083,0.36584807638049005,0.28771286875723917
random_forest,possession_diff,35,-3.0642120315569272,0.6322979672740349,0.1398474943423307,0.2278545383836346
random_forest,possession_diff,36,-3.0642120315569272,0.40901273684887257,0.30049365576890635,0.2904936073822213
random_forest,possession_diff,37,-3.0642120315569272,0.04462360540834975,0.6886786228080809,0.2666977717835695
random_forest,possession_diff,38,-3.0642120315569272,0.3937233102164768,0.227412830845692,0.3788638589378312
random_forest,possession_diff,39,-3.0642120315569272,0.7077009731251436,0.11099811851228412,0.1813009083625724
random_forest,possession_diff,40,-3.0642120315569272,0.32353889890635334,0.3663074562581034,0.31015364483554303
random_forest,possession_diff,41,-3.0642120315569272,0.031161581696852972,0.7381260800542622,0.23071233824888474
random_forest,possession_diff,42,-3.0642120315569272,0.5112009784390509,0.08157850407839436,0.4072205174825547
random_forest,possession_diff,43,-3.0642120315569272,0.21407106675283263,0.38571635024193524,0.40021258300523205
random_forest,possession_diff,44,-3.0642120315569272,0.08299395020555399,0.687408562696252,0.22959748709819414
random_forest,possession_diff,45,-3.0642120315569272,0.43379280422752403,0.20306738776789304,0.36313980800458306
random_forest,possession_diff,46,-3.0642120315569272,0.08866906342088522,0.6090521546095873,0.30227878196952734
random_forest,possession_diff,47,-3.0642120315569272,0.15009805751413466,0.5047590183565979,0.34514292412926745
random_forest,possession_diff,48,-3.0642120315569272,0.6469292353647157,0.15451798157399635,0.19855278306128787
random_forest,possession_diff,49,-3.0642120315569272,0.41705022393599495,0.21895160960956747,0.3639981664544374
random_forest,possession_diff,0,-1.532784373253679,0.21380466054285874,0.43636347480219184,0.3498318646549494
random_forest,possession_diff,1,-1.532784373253679,0.1488371531872788,0.46608620679499063,0.3850766400177306
random_forest,possession_diff,2,-1.532784373253679,0.24110827697081513,0.5123300839353663,0.24656163909381848
random_forest,possession_diff,3,-1.532784373253679,0.1970053345740216,0.43510637268385843,0.3678882927421197
random_forest,possession_diff,4,-1.532784373253679,0.03915693032740871,0.6700793264739976,0.2907637431985939
random_forest,possession_diff,5,-1.532784373253679,0.08559413196311198,0.6305977256743291,0.28380814236255886
random_forest,possession_diff,6,-1.532784373253679,0.09580566903774236,0.611616199291002,0.2925781316712556
random_forest,possession_diff,7,-1.532784373253679,0.113384357205966,0.6604036423928669,0.22621200040116704
random_forest,possession_diff,8,-1.532784373253679,0.20420182225593406,0.5423527167528758,0.2534454609911902
random_forest,possession_diff,9,-1.532784373253679,0.5070014451663354,0.16303546932294663,0.32996308551071796
random_forest,possession_diff,10,-1.532784373253679,0.5625396461702697,0.2251822898027033,0.212278064027027
random_forest,possession_diff,11,-1.532784373253679,0.1267554858823374,0.43762427535802845,0.4356202387596344
random_forest,possession_diff,12,-1.532784373253679,0.17796556607973923,0.4292702235146761,0.3927642104055847
random_forest,possession_diff,13,-1.532784373253679,0.1982916197038684,0.5162863985489877,0.2854219817471438
random_forest,possession_diff,14,-1.532784373253679,0.6456358014488992,0.10718998931782094,0.24717420923327985
random_forest,possession_diff,15,-1.532784373253679,0.3983688005876569,0.19788772659621715,0.40374347281612605
random_forest,possession_diff,16,-1.532784373253679,0.5884480645502778,0.10377852295882369,0.30777341249089857
random_forest,possession_diff,17,-1.532784373253679,0.6239045772048442,0.12391223878122194,0.25218318401393397
random_forest,possession_diff,18,-1.532784373253679,0.6653124719496533,0.09501197843190244,0.23967554961844437
random_forest,possession_diff,19,-1.532784373253679,0.09071182365152348,0.5116927451813674,0.3975954311671088
random_forest,possession_diff,20,-1.532784373253679,0.4923468204137009,0.11749892557274301,0.39015425401355625
random_forest,possession_diff,21,-1.532784373253679,0.060171460408233374,0.649070379779719,0.2907581598120477
random_forest,possession_diff,22,-1.532784373253679,0.06327291737221526,0.7589749297344573,0.17775215289332766
random_forest,possession_diff,23,-1.532784373253679,0.4885553636681364,0.12668425208585612,0.3847603842460075
random_forest,possession_diff,24,-1.532784373253679,0.13632146057584396,0.6507575332540473,0.21292100617010887
random_forest,possession_diff,25,-1.532784373253679,0.47408902950435516,0.15748641826326856,0.3684245522323762
random_forest,possession_diff,26,-1.532784373253679,0.5570935021999869,0.09209702491905243,0.3508094728809607
random_forest,possession_diff,27,-1.532784373253679,0.16928649075599878,0.40223658133109175,0.42847692791290953
random_forest,possession_diff,28,-1.532784373253679,0.5141399339473885,0.18260582039298254,0.30325424565962894
random_forest,possession_diff,29,-1.532784373253679,0.36344264223200046,0.3201374606902864,0.31641989707771323
random_forest,possession_diff,30,-1.532784373253679,0.07804215889936196,0.507224352966772,0.41473348813386607
random_forest,possession_diff,31,-1.532784373253679,0.039036021671003195,0.7278402541887542,0.23312372414024277
random_forest,possession_diff,32,-1.532784373253679,0.43510634594510367,0.3205725405562256,0.24432111349867078
random_forest,possession_diff,33,-1.532784373253679,0.4946355412585397,0.19495594301598718,0.3104085157254732
random_forest,possession_diff,34,-1.532784373253679,0.36498632261743147,0.3636489655622371,0.2713647118203314
random_forest,possession_diff,35,-1.532784373253679,0.6491057845993488,0.14396278089483264,0.20693143450581866
random_forest,possession_diff,36,-1.532784373253679,0.41827582377611267,0.28853122876785403,0.2931929474560335
random_forest,possession_diff,37,-1.532784373253679,0.04556876439600129,0.6814345358714738,0.27299669973252494
random_forest,possession_diff,38,-1.532784373253679,0.3899836451779315,0.22509086539726453,0.384925489424804
random_forest,possession_diff,39,-1.532784373253679,0.7077009731251436,0.11099811851228412,0.1813009083625724
random_forest,possession_diff,40,-1.532784373253679,0.3333194788313565,0.3656796228584822,0.30100089831016125
random_forest,possession_diff,41,-1.532784373253679,0.038260568420710205,0.7299645060023287,0.23177492557696114
random_forest,possession_diff,42,-1.532784373253679,0.5112009784390509,0.08157850407839436,0.4072205174825547
random_forest,possession_diff,43,-1.532784373253679,0.22652078406786905,0.376255096819682,0.3972241191124491
random_forest,possession_diff,44,-1.532784373253679,0.09070615378541104,0.6783424315080987,0.2309514147064904
random_forest,possession_diff,45,-1.532784373253679,0.43955263949401097,0.19504738889073622,0.36539997161525295
random_forest,possession_diff,46,-1.532784373253679,0.09172038428976997,0.6063742226285823,0.30190539308164754
random_forest,possession_diff,47,-1.532784373253679,0.15130681913120825,0.5000839524559292,0.3486092284128625
random_forest,possession_diff,48,-1.532784373253679,0.6533192510797766,0.15932902138332175,0.18735172753690146
random_forest,possession_diff,49,-1.532784373253679,0.4192701998191788,0.21212231617385877,0.36860748400696236
random_forest,possession_diff,0,-0.08257092561245098,0.21509895206577676,0.4342656945681492,0.35063535336607393
random_forest,possession_diff,1,-0.08257092561245098,0.1477927726812083,0.4756108726826644,0.37659635463612734
random_forest,possession_diff,2,-0.08257092561245098,0.26116902414849447,0.4808758420871209,0.2579551337643846
random_forest,possession_diff,3,-0.08257092561245098,0.20757798352873655,0.4176551923357887,0.37476682413547474
random_forest,possession_diff,4,-0.08257092561245098,0.04926865768605268,0.6569544299564675,0.29377691235748
random_forest,possession_diff,5,-0.08257092561245098,0.09260976547682348,0.6143536853176853,0.2930365492054912
random_forest,possession_diff,6,-0.08257092561245098,0.10667798733525329,0.595301438215571,0.2980205744491757
random_forest,possession_diff,7,-0.08257092561245098,0.14309505352676402,0.6239972883267356,0.23290765814650036
random_forest,possession_diff,8,-0.08257092561245098,0.22132745960889225,0.5222360334690378,0.2564365069220698
random_forest,possession_diff,9,-0.08257092561245098,0.5260814677614611,0.15536979336582826,0.3185487388727107
random_forest,possession_diff,10,-0.08257092561245098,0.5821526484825199,0.22188645124831333,0.19596090026916668
random_forest,possession_diff,11,-0.08257092561245098,0.1328864248176264,0.43773071944020164,0.42938285574217216
random_forest,possession_diff,12,-0.08257092561245098,0.1973223768728126,0.4167091573432998,0.3859684657838877
random_forest,possession_diff,13,-0.08257092561245098,0.22420178198643,0.5039675869785425,0.2718306310350273
random_forest,possession_diff,14,-0.08257092561245098,0.6810495097976399,0.0807204911201984,0.2382299990821616
random_forest,possession_diff,15,-0.08257092561245098,0.38602032520726076,0.19215504042099918,0.42182463437174
random_forest,possession_diff,16,-0.08257092561245098,0.6057209827723277,0.10197246596211497,0.2923065512655572
random_forest,possession_diff,17,-0.08257092561245098,0.6523032680265516,0.10316702215095085,0.2445297098224977
random_forest,possession_diff,18,-0.08257092561245098,0.6970597244509872,0.08447047793967248,0.2184697976093405
random_forest,possession_diff,19,-0.08257092561245098,0.10529918264026672,0.5143533971859374,0.3803474201737958
random_forest,possession_diff,20,-0.08257092561245098,0.5127398875047734,0.11775186184219101,0.36950825065303544
random_forest,possession_diff,21,-0.08257092561245098,0.06692797097532734,0.6349284661504664,0.2981435628742064
random_forest,possession_diff,22,-0.08257092561245098,0.08290209065961837,0.7251606696790566,0.19193723966132534
random_forest,possession_diff,23,-0.08257092561245098,0.49899600092872215,0.12382009572563252,0.3771839033456455
random_forest,possession_diff,24,-0.08257092561245098,0.15228485106280001,0.6248693005992927,0.2228458483379074
random_forest,possession_diff,25,-0.08257092561245098,0.4865333355775982,0.15259765603117145,0.3608690083912302
random_forest,possession_diff,26,-0.08257092561245098,0.5620254116033195,0.09230900407039593,0.3456655843262846
random_forest,possession_diff,27,-0.08257092561245098,0.16971330696723966,0.399104841277258,0.4311818517555024
random_forest,possession_diff,28,-0.08257092561245098,0.5323228151884002,0.18268905270746763,0.2849881321041322
random_forest,possession_diff,29,-0.08257092561245098,0.40250601001782127,0.2892702772131402,0.3082237127690387
random_forest,possession_diff,30,-0.08257092561245098,0.0953658563295347,0.4949013156342376,0.40973282803622774
random_forest,possession_diff,31,-0.08257092561245098,0.0579243993897427,0.7067199951119049,0.2353556054983527
random_forest,possession_diff,32,-0.08257092561245098,0.46699026825040857,0.3038182313490568,0.2291915004005346
random_forest,possession_diff,33,-0.08257092561245098,0.5172157939707309,0.19329703293550538,0.28948717309376365
random_forest,possession_diff,34,-0.08257092561245098,0.38293238037711136,0.34562103980628106,0.2714465798166077
random_forest,possession_diff,35,-0.08257092561245098,0.6961123594709826,0.13212789872122094,0.17175974180779643
random_forest,possession_diff,36,-0.08257092561245098,0.46526956630476274,0.27163153116583894,0.26309890252939855
random_forest,possession_diff,37,-0.08257092561245098,0.05612408983387258,0.6615367261821957,0.2823391839839318
random_forest,possession_diff,38,-0.08257092561245098,0.4014645958280068,0.21330948208223588,0.38522592208975714
random_forest,possession_diff,39,-0.08257092561245098,0.728584356947938,0.08710708324885301,0.184308559803209
random_forest,possession_diff,40,-0.08257092561245098,0.3756256639113258,0.3414476075120088,0.28292672857666523
random_forest,possession_diff,41,-0.08257092561245098,0.054059169326122224,0.6987695569833146,0.24717127369056316
random_forest,possession_diff,42,-0.08257092561245098,0.5272226999214352,0.08338774702623362,0.3893895530523312
random_forest,possession_diff,43,-0.08257092561245098,0.24445862991342848,0.36116831214500067,0.394373057941571
random_forest,possession_diff,44,-0.08257092561245098,0.10009583492747655,0.6657156117848543,0.23418855328766933
random_forest,possession_diff,45,-0.08257092561245098,0.4206224958510339,0.19227199078486065,0.38710551336410554
random_forest,possession_diff,46,-0.08257092561245098,0.09677444269592238,0.5959874404136597,0.30723811689041775
random_forest,possession_diff,47,-0.08257092561245098,0.161145708033354,0.4962645540076334,0.3425897379590128
random_forest,possession_diff,48,-0.08257092561245098,0.6786948696134286,0.14931682640856472,0.17198830397800657
random_forest,possession_diff,49,-0.08257092561245098,0.40824672632006015,0.22263602846740863,0.3691172452125313
random_forest,possession_diff,0,1.3435961551297004,0.2138530420929744,0.40195233705262634,0.3841946208543992
random_forest,possession_diff,1,1.3435961551297004,0.17409413379967612,0.46561495665963387,0.36029090954069015
random_forest,possession_diff,2,1.3435961551297004,0.28442984808529814,0.4372804868654209,0.2782896650492808
random_forest,possession_diff,3,1.3435961551297004,0.20609102029167073,0.397659728549038,0.39624925115929116
random_forest,possession_diff,4,1.3435961551297004,0.08221309301514111,0.6333763158879605,0.2844105910968986
random_forest,possession_diff,5,1.3435961551297004,0.11482726712146231,0.5994313852048784,0.2857413476736593
random_forest,possession_diff,6,1.3435961551297004,0.11795170397988021,0.5740174829592375,0.30803081306088226
random_forest,possession_diff,7,1.3435961551297004,0.17428635534007716,0.5884011587940038,0.23731248586591913
random_forest,possession_diff,8,1.3435961551297004,0.22969492879046294,0.4826550295799114,0.2876500416296256
random_forest,possession_diff,9,1.3435961551297004,0.5375549844159663,0.13333389936586557,0.3291111162181682
random_forest,possession_diff,10,1.3435961551297004,0.6435983364121637,0.16950626467815907,0.18689539890967735
random_forest,possession_diff,11,1.3435961551297004,0.1506836292723336,0.41976735928801046,0.42954901143965607
random_forest,possession_diff,12,1.3435961551297004,0.2019255176256487,0.4061632466577904,0.39191123571656106
random_forest,possession_diff,13,1.3435961551297004,0.24217273230994138,0.4860324396826529,0.27179482800740556
random_forest,possession_diff,14,1.3435961551297004,0.708719837348225,0.052430420168110496,0.2388497424836646
random_forest,possession_diff,15,1.3435961551297004,0.3892969077803112,0.1874828450071309,0.4232202472125581
random_forest,possession_diff,16,1.3435961551297004,0.6427147186384277,0.07301750975986578,0.28426777160170646
random_forest,possession_diff,17,1.3435961551297004,0.6624987069517523,0.09529373988010005,0.24220755316814777
random_forest,possession_diff,18,1.3435961551297004,0.7193684987539988,0.05662067271249741,0.22401082853350396
random_forest,possession_diff,19,1.3435961551297004,0.12459671844181758,0.5095642231812018,0.3658390583769806
random_forest,possession_diff,20,1.3435961551297004,0.5428067790518957,0.09628394672255697,0.3609092742255475
random_forest,possession_diff,21,1.3435961551297004,0.08499486719262474,0.6048742949136613,0.3101308378937142
random_forest,possession_diff,22,1.3435961551297004,0.1027712269843472,0.6881092939110837,0.20911947910456938
random_forest,possession_diff,23,1.3435961551297004,0.5284868884892624,0.10532755995927606,0.36618555155146143
random_forest,possession_diff,24,1.3435961551297004,0.15809303214042075,0.5846105317325555,0.2572964361270238
random_forest,possession_diff,25,1.3435961551297004,0.5024248886041007,0.1374422120089971,0.360132899386902
random_forest,possession_diff,26,1.3435961551297004,0.5822334834110341,0.06324067396988652,0.35452584261907943
random_forest,possession_diff,27,1.3435961551297004,0.1866254155182072,0.3875921548568737,0.42578242962491925
random_forest,possession_diff,28,1.3435961551297004,0.5834950618689024,0.140996868936881,0.2755080691942165
random_forest,possession_diff,29,1.3435961551297004,0.4205818962424271,0.2703625738335435,0.30905552992402946
random_forest,possession_diff,30,1.3435961551297004,0.10560308613716896,0.4838713191557269,0.41052559470710426
random_forest,possession_diff,31,1.3435961551297004,0.08184077914559533,0.6620055493357492,0.25615367151865565
random_forest,possession_diff,32,1.3435961551297004,0.4858075002309547,0.2672348719856768,0.2469576277833686
random_forest,possession_diff,33,1.3435961551297004,0.5484315692261322,0.1663399282163155,0.28522850255755194
random_forest,possession_diff,34,1.3435961551297004,0.4033301742209603,0.3442403167251544,0.25242950905388534
random_forest,possession_diff,35,1.3435961551297004,0.7361498355191296,0.09097638234788764,0.17287378213298285
random_forest,possession_diff,36,1.3435961551297004,0.4810101592360776,0.25275157911657625,0.2662382616473465
random_forest,possession_diff,37,1.3435961551297004,0.07374710758986829,0.6207094295256738,0.3055434628844583
random_forest,possession_diff,38,1.3435961551297004,0.4336523642410584,0.18400240164390466,0.3823452341150368
random_forest,possession_diff,39,1.3435961551297004,0.7666337872351504,0.05032581940878527,0.18304039335606437
random_forest,possession_diff,40,1.3435961551297004,0.388315757062145,0.3676840743058742,0.24400016863198082
random_forest,possession_diff,41,1.3435961551297004,0.07727578065707297,0.6681077958246009,0.25461642351832603
random_forest,possession_diff,42,1.3435961551297004,0.5677521450549237,0.05949595307980873,0.37275190186526785
random_forest,possession_diff,43,1.3435961551297004,0.2558666595246519,0.35156887724492664,0.3925644632304215
random_forest,possession_diff,44,1.3435961551297004,0.12084596610972637,0.6339960529854415,0.2451579809048324
random_forest,possession_diff,45,1.3435961551297004,0.4397714656988874,0.18636949947373374,0.37385903482737876
random_forest,possession_diff,46,1.3435961551297004,0.12789003968074183,0.5864627309775717,0.28564722934168635
random_forest,possession_diff,47,1.3435961551297004,0.1727209210627795,0.4679419409660161,0.35933713797120453
random_forest,possession_diff,48,1.3435961551297004,0.7236490629852613,0.12018868992710098,0.15616224708763757
random_forest,possession_diff,49,1.3435961551297004,0.44563571982623645,0.21979399655573081,0.33457028361803265
random_forest,possession_diff,0,2.6065899813691473,0.21228675474859426,0.37588314139143586,0.41183010385996993
random_forest,possession_diff,1,2.6065899813691473,0.16558042717145996,0.453981303011109,0.3804382698174312
random_forest,possession_diff,2,2.6065899813691473,0.2849809256283187,0.42558094828974063,0.2894381260819405
random_forest,possession_diff,3,2.6065899813691473,0.21329095904739606,0.3820240242535988,0.40468501669900525
random_forest,possession_diff,4,2.6065899813691473,0.09036112355724613,0.6110869803603235,0.29855189608243055
random_forest,possession_diff,5,2.6065899813691473,0.11260445227180399,0.5784245467183391,0.30897100100985686
random_forest,possession_diff,6,2.6065899813691473,0.1263441599412947,0.5500017196207198,0.32365412043798547
random_forest,possession_diff,7,2.6065899813691473,0.17112346420230629,0.577946520335208,0.2509300154624858
random_forest,possession_diff,8,2.6065899813691473,0.24041478774488537,0.4522612985656202,0.3073239136894944
random_forest,possession_diff,9,2.6065899813691473,0.5414236852826626,0.12646850407563756,0.33210781064169975
random_forest,possession_diff,10,2.6065899813691473,0.6439032585273282,0.16830959850782892,0.18778714296484297
random_forest,possession_diff,11,2.6065899813691473,0.1508143913538986,0.40881107555443924,0.44037453309166236
random_forest,possession_diff,12,2.6065899813691473,0.19635331061719744,0.39066861246790174,0.4129780769149009
random_forest,possession_diff,13,2.6065899813691473,0.24962037230203746,0.46336448987206674,0.28701513782589566
random_forest,possession_diff,14,2.6065899813691473,0.720930212003747,0.05040618090322036,0.2286636070930328
random_forest,possession_diff,15,2.6065899813691473,0.37793134211611834,0.18566732934812744,0.43640132853575436
random_forest,possession_diff,16,2.6065899813691473,0.6619651920947008,0.06333254782026564,0.2747022600850333
random_forest,possession_diff,17,2.6065899813691473,0.6607793261880367,0.09093790590457657,0.2482827679073868
random_forest,possession_diff,18,2.6065899813691473,0.7369075908483024,0.048574594082015206,0.21451781506968257
random_forest,possession_diff,19,2.6065899813691473,0.1280419697908487,0.47903984394125687,0.3929181862678943
random_forest,possession_diff,20,2.6065899813691473,0.5550567566863445,0.0860238360008415,0.3589194073128142
random_forest,possession_diff,21,2.6065899813691473,0.09156072619692147,0.5783976779994328,0.33004159580364595
random_forest,possession_diff,22,2.6065899813691473,0.1164976640064302,0.6561295474963976,0.22737278849717213
random_forest,possession_diff,23,2.6065899813691473,0.5488246184948847,0.09212463046315189,0.35905075104196316
random_forest,possession_diff,24,2.6065899813691473,0.17404754956097027,0.5500140824691587,0.2759383679698708
random_forest,possession_diff,25,2.6065899813691473,0.4951166925197957,0.13138648147786638,0.3734968260023377
random_forest,possession_diff,26,2.6065899813691473,0.5805426685244982,0.05225701027067663,0.3672003212048254
random_forest,possession_diff,27,2.6065899813691473,0.20047798520538085,0.3716654200558491,0.4278565947387703
random_forest,possession_diff,28,2.6065899813691473,0.5978175005951551,0.128750284622488,0.27343221478235674
random_forest,possession_diff,29,2.6065899813691473,0.4314612815793366,0.26473682332255627,0.30380189509810723
random_forest,possession_diff,30,2.6065899813691473,0.11344183583393624,0.4590510337376204,0.42750713042844346
random_forest,possession_diff,31,2.6065899813691473,0.09352942529360349,0.6310625470311207,0.2754080276752758
random_forest,possession_diff,32,2.6065899813691473,0.4821691376122001,0.2634166471271894,0.25441421526061053
random_forest,possession_diff,33,2.6065899813691473,0.5530037481573318,0.1608020995453541,0.28619415229731393
random_forest,possession_diff,34,2.6065899813691473,0.40546103984731413,0.3441931672799739,0.250345792872712
random_forest,possession_diff,35,2.6065899813691473,0.7385518226405526,0.08925380965002934,0.1721943677094181
random_forest,possession_diff,36,2.6065899813691473,0.47617172020681925,0.2439755383401042,0.27985274145307687
random_forest,possession_diff,37,2.6065899813691473,0.07553090508888381,0.5939959143891557,0.33047318052196073
random_forest,possession_diff,38,2.6065899813691473,0.44651004998452715,0.16835004338016926,0.38513990663530356
random_forest,possession_diff,39,2.6065899813691473,0.7710449560000132,0.04707533617826157,0.18187970782172522
random_forest,possession_diff,40,2.6065899813691473,0.3962070072233223,0.35265536280772647,0.2511376299689511
random_forest,possession_diff,41,2.6065899813691473,0.08955661707858874,0.6472163861645887,0.26322699675682254
random_forest,possession_diff,42,2.6065899813691473,0.5726879781757476,0.04880438139130664,0.37850764043294616
random_forest,possession_diff,43,2.6065899813691473,0.2624189689155049,0.34369400196092265,0.3938870291235726
random_forest,possession_diff,44,2.6065899813691473,0.13225075861068988,0.599612499010651,0.2681367423786592
random_forest,possession_diff,45,2.6065899813691473,0.4461885566950032,0.1801943059139591,0.3736171373910377
random_forest,possession_diff,46,2.6065899813691473,0.13272617855734595,0.5899849338910016,0.2772888875516524
random_forest,possession_diff,47,2.6065899813691473,0.17103484674780256,0.45198027237566757,0.37698488087653
random_forest,possession_diff,48,2.6065899813691473,0.729805889454454,0.12360968419022351,0.14658442635532246
random_forest,possession_diff,49,2.6065899813691473,0.4419587058589573,0.2184227707345616,0.33961852340648097
random_forest,possession_diff,0,4.408723259169881,0.21256089313305956,0.37669139415165714,0.4107477127152834
random_forest,possession_diff,1,4.408723259169881,0.16558042717145996,0.453981303011109,0.3804382698174312
random_forest,possession_diff,2,4.408723259169881,0.2903955198493651,0.4264319435658588,0.28317253658477604
random_forest,possession_diff,3,4.408723259169881,0.21342805678117036,0.38404736971158576,0.402524573507244
random_forest,possession_diff,4,4.408723259169881,0.09049822129102036,0.6131103258183103,0.2963914528906693
random_forest,possession_diff,5,4.408723259169881,0.11287859065626928,0.5792327994785603,0.3078886098651703
random_forest,possession_diff,6,4.408723259169881,0.12620711929060366,0.5512168123184854,0.32257606839091085
random_forest,possession_diff,7,4.408723259169881,0.17098642355161528,0.5791616130329736,0.24985196341541113
random_forest,possession_diff,8,4.408723259169881,0.2543299057041457,0.45257288206276153,0.29309721223309276
random_forest,possession_diff,9,4.408723259169881,0.5593938650583595,0.12187473769322005,0.31873139724842037
random_forest,possession_diff,10,4.408723259169881,0.6547542482178194,0.16540914280545396,0.17983660897672657
random_forest,possession_diff,11,4.408723259169881,0.15332698424442184,0.41228713873987693,0.43438587701570136
random_forest,possession_diff,12,4.408723259169881,0.19290408404657342,0.39533338246538713,0.41176253348803943
random_forest,possession_diff,13,4.408723259169881,0.25534208175019807,0.4638760095640264,0.2807819086857754
random_forest,possession_diff,14,4.408723259169881,0.720641192470775,0.04771839708462997,0.23164041044459524
random_forest,possession_diff,15,4.408723259169881,0.38496301745459,0.1893191946246444,0.4257177879207658
random_forest,possession_diff,16,4.408723259169881,0.6637018998092683,0.05799795072984982,0.2783001494608817
random_forest,possession_diff,17,4.408723259169881,0.6629731007736347,0.09065609875233589,0.2463708004740293
random_forest,possession_diff,18,4.408723259169881,0.728580400360122,0.04596895051137037,0.22545064912850774
random_forest,possession_diff,19,4.408723259169881,0.1268103703658454,0.47694461943359223,0.3962450102005622
random_forest,possession_diff,20,4.408723259169881,0.5692843367288578,0.08904879675521234,0.3416668665159299
random_forest,possession_diff,21,4.408723259169881,0.08988222596392642,0.5747632665748358,0.3353545074612379
random_forest,possession_diff,22,4.408723259169881,0.1163606233557392,0.6573446401941633,0.22629473645009748
random_forest,possession_diff,23,4.408723259169881,0.5315981345829567,0.09242938834829582,0.37597247706874737
random_forest,possession_diff,24,4.408723259169881,0.17391050891027926,0.5512291751669244,0.2748603159227962
random_forest,possession_diff,25,4.408723259169881,0.4812836703353,0.12642948931177103,0.39228684035292877
random_forest,possession_diff,26,4.408723259169881,0.5783573126256325,0.052695833775593615,0.36894685359877405
random_forest,possession_diff,27,4.408723259169881,0.20357111510682369,0.37086673280732324,0.4255621520858533
random_forest,possession_diff,28,4.408723259169881,0.6150400579892605,0.11935685329392283,0.2656030887168165
random_forest,possession_diff,29,4.408723259169881,0.4221673585409523,0.28398661396574537,0.2938460274933024
random_forest,possession_diff,30,4.408723259169881,0.11344183583393624,0.4590510337376204,0.42750713042844346
random_forest,possession_diff,31,4.408723259169881,0.09339238464291248,0.6322776397288864,0.27432997562820116
random_forest,possession_diff,32,4.408723259169881,0.49036334326755,0.26467514576385115,0.2449615109685989
random_forest,possession_diff,33,4.408723259169881,0.5560897717547382,0.17118168638706857,0.2727285418581929
random_forest,possession_diff,34,4.408723259169881,0.409127168051536,0.34761060770161006,0.24326222424685404
random_forest,possession_diff,35,4.408723259169881,0.7400317938210973,0.08760588850447465,0.17236231767442803
random_forest,possession_diff,36,4.408723259169881,0.47281613498602604,0.24605198407984608,0.28113188093412833
random_forest,possession_diff,37,4.408723259169881,0.07446961484783417,0.5945597965339535,0.33097058861821255
random_forest,possession_diff,38,4.408723259169881,0.4657636530598798,0.15960488152866284,0.3746314654114573
random_forest,possession_diff,39,4.408723259169881,0.7768286366329734,0.04350220703989754,0.17966915632712913
random_forest,possession_diff,40,4.408723259169881,0.3923466251400635,0.3525174166537745,0.2551359582061618
random_forest,possession_diff,41,4.408723259169881,0.08955661707858874,0.6472163861645887,0.26322699675682254
random_forest,possession_diff,42,4.408723259169881,0.581549931150573,0.044845157471613634,0.37360491137781365
random_forest,possession_diff,43,4.408723259169881,0.2654541749795355,0.3457644719958764,0.3887813530245882
random_forest,possession_diff,44,4.408723259169881,0.13211371795999888,0.6008275917084166,0.2670586903315846
random_forest,possession_diff,45,4.408723259169881,0.4594843046023093,0.1813694247441283,0.3591462706535622
random_forest,possession_diff,46,4.408723259169881,0.1328632762911202,0.5920082793489885,0.2751284443598912
random_forest,possession_diff,47,4.408723259169881,0.17522867904472036,0.4535695398963211,0.3712017810589587
random_forest,possession_diff,48,4.408723259169881,0.7456641537501852,0.10701318312290109,0.14732266312691358
random_forest,possession_diff,49,4.408723259169881,0.4521443108480592,0.21949503072985801,0.32836065842208256
random_forest,possession_diff,0,6.281983700956102,0.21970725189923246,0.3716404400275466,0.40865230807322117
random_forest,possession_diff,1,6.281983700956102,0.17179095516095186,0.4472571483806185,0.3809518964584298
random_forest,possession_diff,2,6.281983700956102,0.3015517987676842,0.41692903923050634,0.28151916200180943
random_forest,possession_diff,3,6.281983700956102,0.21649418763374648,0.38441842679607113,0.39908738557018264
random_forest,possession_diff,4,6.281983700956102,0.1054635178476911,0.6027165643352305,0.29181991781707856
random_forest,possession_diff,5,6.281983700956102,0.121663592904312,0.5737678292820648,0.3045685778136231
random_forest,possession_diff,6,6.281983700956102,0.13092021863429643,0.5507917926617564,0.31828798870394714
random_forest,possession_diff,7,6.281983700956102,0.17311768456135443,0.5780594747608502,0.24882284067779534
random_forest,possession_diff,8,6.281983700956102,0.2818303824503488,0.4429052867674319,0.2752643307822193
random_forest,possession_diff,9,6.281983700956102,0.5827866694664474,0.121957823898372,0.29525550663518035
random_forest,possession_diff,10,6.281983700956102,0.6675766770111511,0.14851990411700575,0.18390341887184303
random_forest,possession_diff,11,6.281983700956102,0.1596383558939224,0.4061084429961666,0.4342532011099111
random_forest,possession_diff,12,6.281983700956102,0.21618212963431313,0.38856730515864846,0.39525056520703866
random_forest,possession_diff,13,6.281983700956102,0.2670128988360101,0.46211475005784325,0.27087235110614655
random_forest,possession_diff,14,6.281983700956102,0.753255638078535,0.03364235364054774,0.21310200828091727
random_forest,possession_diff,15,6.281983700956102,0.46454692471827447,0.18937877780755483,0.3460742974741708
random_forest,possession_diff,16,6.281983700956102,0.7125385665516664,0.050602631149511385,0.23685880229882197
random_forest,possession_diff,17,6.281983700956102,0.6777756640987115,0.07510600086908802,0.2471183350322004
random_forest,possession_diff,18,6.281983700956102,0.7498816487005961,0.045146979264073316,0.20497137203533064
random_forest,possession_diff,19,6.281983700956102,0.1389297990285248,0.47047113828091125,0.39059906269056394
random_forest,possession_diff,20,6.281983700956102,0.6144851414437457,0.07442229511888306,0.3110925634373714
random_forest,possession_diff,21,6.281983700956102,0.09403471735310137,0.5641186040709681,0.3418466785759306
random_forest,possession_diff,22,6.281983700956102,0.12107372269943195,0.6569196205374342,0.22200665676313378
random_forest,possession_diff,23,6.281983700956102,0.6131608527205197,0.09030374355983954,0.29653540371964043
random_forest,possession_diff,24,6.281983700956102,0.1742734402398838,0.5545300716789328,0.27119648808118324
random_forest,possession_diff,25,6.281983700956102,0.5782462814953943,0.11746587831035586,0.30428784019424954
random_forest,possession_diff,26,6.281983700956102,0.6042116641368815,0.033260024865221886,0.3625283109978967
random_forest,possession_diff,27,6.281983700956102,0.22027639433655133,0.35943529427764,0.4202883113858091
random_forest,possession_diff,28,6.281983700956102,0.6487051115104172,0.12987493959713797,0.2214199488924445
random_forest,possession_diff,29,6.281983700956102,0.4763967538851515,0.24681648677245768,0.276786759342391
random_forest,possession_diff,30,6.281983700956102,0.11549873512021698,0.4569941344513397,0.42750713042844346
random_forest,possession_diff,31,6.281983700956102,0.09541361939957936,0.6345444846591833,0.27004189594123745
random_forest,possession_diff,32,6.281983700956102,0.5305202091263491,0.24319616856602708,0.22628362230762364
random_forest,possession_diff,33,6.281983700956102,0.615742488077659,0.17004764194219227,0.21420986998014815
random_forest,possession_diff,34,6.281983700956102,0.4552432651601111,0.33189957312667095,0.2128571617132179
random_forest,possession_diff,35,6.281983700956102,0.7662469237759802,0.07803248278307294,0.1557205934409469
random_forest,possession_diff,36,6.281983700956102,0.5055302106188454,0.23954674465523088,0.2549230447259239
random_forest,possession_diff,37,6.281983700956102,0.0865890435105136,0.5880863153812724,0.32532464110821424
random_forest,possession_diff,38,6.281983700956102,0.5121253675379228,0.16084804351949228,0.327026588942585
random_forest,possession_diff,39,6.281983700956102,0.8057244791180054,0.030218475699284594,0.16405704518271025
random_forest,possession_diff,40,6.281983700956102,0.3997261541189662,0.34053782611041505,0.25973601977061866
random_forest,possession_diff,41,6.281983700956102,0.09426971642228149,0.6467913665078596,0.25893891706985883
random_forest,possession_diff,42,6.281983700956102,0.6249308338555596,0.02909431336263563,0.3459748527818048
random_forest,possession_diff,43,6.281983700956102,0.27131418791641976,0.3424666660051319,0.3862191460784485
random_forest,possession_diff,44,6.281983700956102,0.13247664928960345,0.604128488220425,0.2633948624899716
random_forest,possession_diff,45,6.281983700956102,0.49755258446244793,0.1974501620759378,0.3049972534616141
random_forest,possession_diff,46,6.281983700956102,0.142213395119941,0.5859781925717148,0.271808412308344
random_forest,possession_diff,47,6.281983700956102,0.19103547227415096,0.44889170606636036,0.36007282165948884
random_forest,possession_diff,48,6.281983700956102,0.7744812405217979,0.096471145936862,0.12904761354133995
random_forest,possession_diff,49,6.281983700956102,0.4682164425957896,0.21806363590712552,0.31371992149708433
random_forest,possession_diff,0,7.904862011814458,0.24157647251771983,0.3672805434366247,0.3911429840456557
random_forest,possession_diff,1,7.904862011814458,0.17952485086783967,0.44560197426618225,0.3748731748659784
random_forest,possession_diff,2,7.904862011814458,0.2974656626553915,0.4168077497890739,0.28572658755553454
random_forest,possession_diff,3,7.904862011814458,0.22055745506772417,0.38329107898239173,0.3961514659498843
random_forest,possession_diff,4,7.904862011814458,0.10952678528166881,0.6015892165215511,0.2888839981967803
random_forest,possession_diff,5,7.904862011814458,0.12778950144883375,0.5737206423299946,0.2984898562211716
random_forest,possession_diff,6,7.904862011814458,0.13335526612474563,0.5483567451713071,0.31828798870394714
random_forest,possession_diff,7,7.904862011814458,0.17555273205180363,0.5756244272704011,0.24882284067779534
random_forest,possession_diff,8,7.904862011814458,0.284265429940798,0.44047023927698276,0.2752643307822193
random_forest,possession_diff,9,7.904862011814458,0.6813215454846576,0.11803897102791717,0.20063948348742525
random_forest,possession_diff,10,7.904862011814458,0.6895080301919667,0.1472418516569408,0.16325011815109222
random_forest,possession_diff,11,7.904862011814458,0.1679539571075872,0.4038715633749534,0.4281744795174595
random_forest,possession_diff,12,7.904862011814458,0.2284623186868876,0.3856590997142311,0.3858785815988815
random_forest,possession_diff,13,7.904862011814458,0.2732355612004023,0.45796857896568705,0.26879585983391036
random_forest,possession_diff,14,7.904862011814458,0.7827840195083232,0.028786467054248015,0.1884295134374289
random_forest,possession_diff,15,7.904862011814458,0.49260319998335783,0.1744059447475952,0.33299085526904704
random_forest,possession_diff,16,7.904862011814458,0.775800270678325,0.03517012754887737,0.18902960177279726
random_forest,possession_diff,17,7.904862011814458,0.6907990833140049,0.07259256930770737,0.23660834737828773
random_forest,possession_diff,18,7.904862011814458,0.7611412696108774,0.039535640738090294,0.19932308965103254
random_forest,possession_diff,19,7.904862011814458,0.14299306646250254,0.4693437904672319,0.38766314307026556
random_forest,possession_diff,20,7.904862011814458,0.6410701075696671,0.07584484968791844,0.2830850427424144
random_forest,possession_diff,21,7.904862011814458,0.10235031856676614,0.5618817244497549,0.33576795698347905
random_forest,possession_diff,22,7.904862011814458,0.12359760678499741,0.656219372460714,0.22018302075428844
random_forest,possession_diff,23,7.904862011814458,0.6595943672465452,0.08719681419622984,0.2532088185572245
random_forest,possession_diff,24,7.904862011814458,0.17018730412759117,0.5544087822375005,0.2754039136349083
random_forest,possession_diff,25,7.904862011814458,0.6134583726182169,0.10341099506847395,0.283130632313309
random_forest,possession_diff,26,7.904862011814458,0.6519830218007182,0.025906574099860764,0.3221104040994212
random_forest,possession_diff,27,7.904862011814458,0.23554068301488684,0.3533002983995321,0.41115901858558135
random_forest,possession_diff,28,7.904862011814458,0.7088537479685951,0.10733000378194806,0.18381624824945675
random_forest,possession_diff,29,7.904862011814458,0.47532291652286446,0.23462357396866806,0.2900535095084675
random_forest,possession_diff,30,7.904862011814458,0.12198690387790778,0.4591838271204827,0.4188292690016096
random_forest,possession_diff,31,7.904862011814458,0.09793750348514481,0.6338442365824631,0.2682182599323921
random_forest,possession_diff,32,7.904862011814458,0.5348635243344316,0.2255028412733554,0.23963363439221283
random_forest,possession_diff,33,7.904862011814458,0.6287226051862981,0.16173168621644493,0.2095457085972565
random_forest,possession_diff,34,7.904862011814458,0.4738925201788938,0.31603904259737353,0.21006843722373258
random_forest,possession_diff,35,7.904862011814458,0.8096050881831247,0.06817336449654517,0.12222154732033014
random_forest,possession_diff,36,7.904862011814458,0.5092495472082834,0.24145206202252045,0.24929839076919635
random_forest,possession_diff,37,7.904862011814458,0.09490464472417837,0.5858494357600591,0.3192459195157627
random_forest,possession_diff,38,7.904862011814458,0.5302390971620967,0.1505328231265943,0.31922807971130907
random_forest,possession_diff,39,7.904862011814458,0.8598065918228746,0.023158946701809843,0.11703446147531556
random_forest,possession_diff,40,7.904862011814458,0.4029816757190762,0.33837667923959347,0.25864164504133014
random_forest,possession_diff,41,7.904862011814458,0.0967047639127307,0.6443563190174105,0.25893891706985883
random_forest,possession_diff,42,7.904862011814458,0.6633524141560894,0.023628140798023833,0.31301944504588664
random_forest,possession_diff,43,7.904862011814458,0.27758872751845226,0.339485388418805,0.38292588406274297
random_forest,possession_diff,44,7.904862011814458,0.14115451071643734,0.604128488220425,0.2547170010631378
random_forest,possession_diff,45,7.904862011814458,0.5258949902730617,0.1821151322506097,0.2919898774763284
random_forest,possession_diff,46,7.904862011814458,0.14452334688306387,0.5836682408085919,0.271808412308344
random_forest,possession_diff,47,7.904862011814458,0.20331566132672538,0.44598350062194303,0.35070083805133173
random_forest,possession_diff,48,7.904862011814458,0.8008153986296908,0.08954185551148143,0.1096427458588276
random_forest,possession_diff,49,7.904862011814458,0.5078783008493059,0.21158697301010324,0.28053472614059066
random_forest,possession_diff,0,10.080141662209863,0.24249758383399278,0.36115227687644014,0.39635013928956736
random_forest,possession_diff,1,10.080141662209863,0.17952485086783967,0.44560197426618225,0.3748731748659784
random_forest,possession_diff,2,10.080141662209863,0.29594804549576975,0.42046439412546244,0.2835875603787677
random_forest,possession_diff,3,10.080141662209863,0.22349061834095052,0.38264254973783474,0.393866831921215
random_forest,possession_diff,4,10.080141662209863,0.10952678528166881,0.6015892165215511,0.2888839981967803
random_forest,possession_diff,5,10.080141662209863,0.12778950144883375,0.5737206423299946,0.2984898562211716
random_forest,possession_diff,6,10.080141662209863,0.13335526612474563,0.5483567451713071,0.31828798870394714
random_forest,possession_diff,7,10.080141662209863,0.17555273205180363,0.5756244272704011,0.24882284067779534
random_forest,possession_diff,8,10.080141662209863,0.2893012049834538,0.43757349141109375,0.27312530360545245
random_forest,possession_diff,9,10.080141662209863,0.6887131755264675,0.11295801549286377,0.19832880898066882
random_forest,possession_diff,10,10.080141662209863,0.6811301555791568,0.14973357466933154,0.16913626975151141
random_forest,possession_diff,11,10.080141662209863,0.1679539571075872,0.4038715633749534,0.4281744795174595
random_forest,possession_diff,12,10.080141662209863,0.2284623186868876,0.3856590997142311,0.3858785815988815
random_forest,possession_diff,13,10.080141662209863,0.2732355612004023,0.45796857896568705,0.26879585983391036
random_forest,possession_diff,14,10.080141662209863,0.7742777515811876,0.028569901112476995,0.19715234730633546
random_forest,possession_diff,15,10.080141662209863,0.4903234528368446,0.17262221143171166,0.3370543357314439
random_forest,possession_diff,16,10.080141662209863,0.7780294032335182,0.03175468680151463,0.19021590996496707
random_forest,possession_diff,17,10.080141662209863,0.6796501195663948,0.07146217728582617,0.24888770314777883
random_forest,possession_diff,18,10.080141662209863,0.7588056418332526,0.03672382182137627,0.20447053634537138
random_forest,possession_diff,19,10.080141662209863,0.14299306646250254,0.4693437904672319,0.38766314307026556
random_forest,possession_diff,20,10.080141662209863,0.6246749891758853,0.07534794788220602,0.29997706294190857
random_forest,possession_diff,21,10.080141662209863,0.10235031856676614,0.5618817244497549,0.33576795698347905
random_forest,possession_diff,22,10.080141662209863,0.12359760678499741,0.656219372460714,0.22018302075428844
random_forest,possession_diff,23,10.080141662209863,0.6640998427243902,0.08616753391824229,0.24973262335736712
random_forest,possession_diff,24,10.080141662209863,0.17619214120442198,0.5538019776486839,0.2700058811468941
random_forest,possession_diff,25,10.080141662209863,0.6140907278633329,0.10700528851240375,0.27890398362426316
random_forest,possession_diff,26,10.080141662209863,0.6571856094700046,0.026095798420505665,0.31671859210948994
random_forest,possession_diff,27,10.080141662209863,0.23554068301488684,0.3533002983995321,0.41115901858558135
random_forest,possession_diff,28,10.080141662209863,0.7218744317652613,0.09605710767197893,0.1820684605627599
random_forest,possession_diff,29,10.080141662209863,0.4730431693763511,0.2328398406527846,0.2941169899708643
random_forest,possession_diff,30,10.080141662209863,0.12198690387790778,0.4591838271204827,0.4188292690016096
random_forest,possession_diff,31,10.080141662209863,0.09793750348514481,0.6338442365824631,0.2682182599323921
random_forest,possession_diff,32,10.080141662209863,0.535949838714893,0.22575107891851154,0.23829908236659536
random_forest,possession_diff,33,10.080141662209863,0.6219978327827648,0.1653883305528335,0.21261383666440134
random_forest,possession_diff,34,10.080141662209863,0.4749810772306731,0.3148015093713474,0.21021741339797936
random_forest,possession_diff,35,10.080141662209863,0.7927935231141383,0.06445446835346141,0.1427520085324002
random_forest,possession_diff,36,10.080141662209863,0.5069698000617701,0.23966832870663698,0.2533618712315931
random_forest,possession_diff,37,10.080141662209863,0.09490464472417837,0.5858494357600591,0.3192459195157627
random_forest,possession_diff,38,10.080141662209863,0.5279593500155834,0.1487490898107108,0.3232915601737058
random_forest,possession_diff,39,10.080141662209863,0.8543043439291614,0.023396107964465816,0.12229954810637289
random_forest,possession_diff,40,10.080141662209863,0.4008506572743378,0.337613494364945,0.2615358483607171
random_forest,possession_diff,41,10.080141662209863,0.0967047639127307,0.6443563190174105,0.25893891706985883
random_forest,possession_diff,42,10.080141662209863,0.6613845800875917,0.021780773617274426,0.3168346462951335
random_forest,possession_diff,43,10.080141662209863,0.27758872751845226,0.339485388418805,0.38292588406274297
random_forest,possession_diff,44,10.080141662209863,0.14115451071643734,0.604128488220425,0.2547170010631378
random_forest,possession_diff,45,10.080141662209863,0.5236152431265485,0.1803313989347262,0.29605335793872517
random_forest,possession_diff,46,10.080141662209863,0.14452334688306387,0.5836682408085919,0.271808412308344
random_forest,possession_diff,47,10.080141662209863,0.20331566132672538,0.44598350062194303,0.35070083805133173
random_forest,possession_diff,48,10.080141662209863,0.7952581594634899,0.08326767607017505,0.12147416446633498
random_forest,possession_diff,49,10.080141662209863,0.508763079629409,0.21144420589303417,0.27979271447755655
random_forest,possession_diff,0,13.812999258805347,0.24249758383399278,0.36115227687644014,0.39635013928956736
random_forest,possession_diff,1,13.812999258805347,0.17952485086783967,0.44560197426618225,0.3748731748659784
random_forest,possession_diff,2,13.812999258805347,0.29594804549576975,0.42046439412546244,0.2835875603787677
random_forest,possession_diff,3,13.812999258805347,0.22349061834095052,0.38264254973783474,0.393866831921215
random_forest,possession_diff,4,13.812999258805347,0.10952678528166881,0.6015892165215511,0.2888839981967803
random_forest,possession_diff,5,13.812999258805347,0.12778950144883375,0.5737206423299946,0.2984898562211716
random_forest,possession_diff,6,13.812999258805347,0.13335526612474563,0.5483567451713071,0.31828798870394714
random_forest,possession_diff,7,13.812999258805347,0.17555273205180363,0.5756244272704011,0.24882284067779534
random_forest,possession_diff,8,13.812999258805347,0.2893012049834538,0.43757349141109375,0.27312530360545245
random_forest,possession_diff,9,13.812999258805347,0.6943189981833875,0.11079445965767853,0.1948865421589341
random_forest,possession_diff,10,13.812999258805347,0.675041312393462,0.15072079903403213,0.17423788857250574
random_forest,possession_diff,11,13.812999258805347,0.1679539571075872,0.4038715633749534,0.4281744795174595
random_forest,possession_diff,12,13.812999258805347,0.2284623186868876,0.3856590997142311,0.3858785815988815
random_forest,possession_diff,13,13.812999258805347,0.2732355612004023,0.45796857896568705,0.26879585983391036
random_forest,possession_diff,14,13.812999258805347,0.7964009858641076,0.028321875233172093,0.17527713890272031
random_forest,possession_diff,15,13.812999258805347,0.4946771895123869,0.17108425900166355,0.3342385514859498
random_forest,possession_diff,16,13.812999258805347,0.7792305823991984,0.02956905547474253,0.19120036212605881
random_forest,possession_diff,17,13.812999258805347,0.686067385692403,0.07175680552937423,0.24217580877822245
random_forest,possession_diff,18,13.812999258805347,0.7445217889950025,0.0417259689383197,0.21375224206667823
random_forest,possession_diff,19,13.812999258805347,0.14299306646250254,0.4693437904672319,0.38766314307026556
random_forest,possession_diff,20,13.812999258805347,0.6244133654213501,0.07381258804003142,0.30177404653861845
random_forest,possession_diff,21,13.812999258805347,0.10235031856676614,0.5618817244497549,0.33576795698347905
random_forest,possession_diff,22,13.812999258805347,0.12359760678499741,0.656219372460714,0.22018302075428844
random_forest,possession_diff,23,13.812999258805347,0.6636161764975961,0.08464714207572678,0.2517366814266767
random_forest,possession_diff,24,13.812999258805347,0.17619214120442198,0.5538019776486839,0.2700058811468941
random_forest,possession_diff,25,13.812999258805347,0.6151274256331208,0.1050721490080645,0.2798004253588145
random_forest,possession_diff,26,13.812999258805347,0.655873948393787,0.02546747754383286,0.31865857406238035
random_forest,possession_diff,27,13.812999258805347,0.23554068301488684,0.3533002983995321,0.41115901858558135
random_forest,possession_diff,28,13.812999258805347,0.7259689630973161,0.0965558991170451,0.17747513778563903
random_forest,possession_diff,29,13.812999258805347,0.4767712691118236,0.23524160366538407,0.28798712722279224
random_forest,possession_diff,30,13.812999258805347,0.12198690387790778,0.4591838271204827,0.4188292690016096
random_forest,possession_diff,31,13.812999258805347,0.09793750348514481,0.6338442365824631,0.2682182599323921
random_forest,possession_diff,32,13.812999258805347,0.53129661495548,0.22895629378223345,0.23974709126228647
random_forest,possession_diff,33,13.812999258805347,0.6189828622110866,0.16970164676429014,0.21131549102462296
random_forest,possession_diff,34,13.812999258805347,0.47200023005844566,0.31742024505009714,0.21057952489145712
random_forest,possession_diff,35,13.812999258805347,0.7899009728786796,0.0670296900999308,0.14306933702138971
random_forest,possession_diff,36,13.812999258805347,0.5048996104880517,0.23583611617456393,0.2592642733373846
random_forest,possession_diff,37,13.812999258805347,0.09490464472417837,0.5858494357600591,0.3192459195157627
random_forest,possession_diff,38,13.812999258805347,0.5302619532665175,0.14974709184002474,0.31999095489345775
random_forest,possession_diff,39,13.812999258805347,0.8571962158162734,0.0232521483168983,0.11955163586682827
random_forest,possession_diff,40,13.812999258805347,0.4032012724963881,0.33686884030158765,0.25992988720202403
random_forest,possession_diff,41,13.812999258805347,0.0967047639127307,0.6443563190174105,0.25893891706985883
random_forest,possession_diff,42,13.812999258805347,0.6607295870719785,0.0198018901673933,0.319468522760628
random_forest,possession_diff,43,13.812999258805347,0.27758872751845226,0.339485388418805,0.38292588406274297
random_forest,possession_diff,44,13.812999258805347,0.14115451071643734,0.604128488220425,0.2547170010631378
random_forest,possession_diff,45,13.812999258805347,0.5226514059794783,0.18210876068682078,0.29523983333370074
random_forest,possession_diff,46,13.812999258805347,0.14452334688306387,0.5836682408085919,0.271808412308344
random_forest,possession_diff,47,13.812999258805347,0.20331566132672538,0.44598350062194303,0.35070083805133173
random_forest,possession_diff,48,13.812999258805347,0.7905352059033275,0.08635877577307732,0.12310601832359509
random_forest,possession_diff,49,13.812999258805347,0.5054186262100878,0.21212878950024783,0.2824525842896642
random_forest,attack_vs_defense,0,-11.376533048981981,0.12581845977892758,0.5443806519875045,0.32980088823356823
random_forest,attack_vs_defense,1,-11.376533048981981,0.1121679255044274,0.5123801826014366,0.3754518918941363
random_forest,attack_vs_defense,2,-11.376533048981981,0.21432710253553675,0.5159879614686387,0.26968493599582444
random_forest,attack_vs_defense,3,-11.376533048981981,0.15355138979852787,0.5312047863977144,0.3152438238037577
random_forest,attack_vs_defense,4,-11.376533048981981,0.021278967004814856,0.7193896117327245,0.2593314212624606
random_forest,attack_vs_defense,5,-11.376533048981981,0.05222959406154675,0.6937600020844283,0.2540104038540247
random_forest,attack_vs_defense,6,-11.376533048981981,0.06028210440783734,0.651291710588021,0.2884261850041416
random_forest,attack_vs_defense,7,-11.376533048981981,0.0859746574339134,0.7315175261465425,0.1825078164195437
random_forest,attack_vs_defense,8,-11.376533048981981,0.2044170801589271,0.5505655492772955,0.24501737056377723
random_forest,attack_vs_defense,9,-11.376533048981981,0.5977917910031759,0.20736205957000445,0.19484614942681974
random_forest,attack_vs_defense,10,-11.376533048981981,0.5117489537790342,0.2719873789718313,0.2162636672491343
random_forest,attack_vs_defense,11,-11.376533048981981,0.09218396769069936,0.5287957870858445,0.3790202452234562
random_forest,attack_vs_defense,12,-11.376533048981981,0.15968772183602425,0.46934809694222585,0.37096418122174984
random_forest,attack_vs_defense,13,-11.376533048981981,0.2227655793557165,0.5051496470094635,0.2720847736348198
random_forest,attack_vs_defense,14,-11.376533048981981,0.6162144476995034,0.1397096954612101,0.2440758568392866
random_forest,attack_vs_defense,15,-11.376533048981981,0.34637463862347645,0.2773562134767012,0.3762691478998223
random_forest,attack_vs_defense,16,-11.376533048981981,0.6247831208644425,0.11725722745829827,0.25795965167725915
random_forest,attack_vs_defense,17,-11.376533048981981,0.5614003571873342,0.18369074327301038,0.2549088995396554
random_forest,attack_vs_defense,18,-11.376533048981981,0.6091674604028273,0.13315142641389238,0.25768111318328024
random_forest,attack_vs_defense,19,-11.376533048981981,0.08176382987769858,0.5647874692873717,0.35344870083492985
random_forest,attack_vs_defense,20,-11.376533048981981,0.4505363834924156,0.1804569707402975,0.3690066457672869
random_forest,attack_vs_defense,21,-11.376533048981981,0.036942369952650204,0.7050285531081087,0.25802907693924104
random_forest,attack_vs_defense,22,-11.376533048981981,0.03711344605133343,0.8347835617195724,0.1281029922290946
random_forest,attack_vs_defense,23,-11.376533048981981,0.5596436225228193,0.16728946516566634,0.2730669123115143
random_forest,attack_vs_defense,24,-11.376533048981981,0.10644773905751344,0.6314436830855898,0.2621085778568968
random_forest,attack_vs_defense,25,-11.376533048981981,0.5139251708300786,0.194625763453642,0.2914490657162796
random_forest,attack_vs_defense,26,-11.376533048981981,0.6221281059260596,0.08975630764022019,0.2881155864337201
random_forest,attack_vs_defense,27,-11.376533048981981,0.0917731647074968,0.520384525515135,0.3878423097773683
random_forest,attack_vs_defense,28,-11.376533048981981,0.6016592903403998,0.17577768567940819,0.22256302398019187
random_forest,attack_vs_defense,29,-11.376533048981981,0.3317725314874174,0.37792836059650287,0.29029910791607944
random_forest,attack_vs_defense,30,-11.376533048981981,0.04722297566504762,0.5408999361799635,0.41187708815498913
random_forest,attack_vs_defense,31,-11.376533048981981,0.017653421501081554,0.7808475238437808,0.2014990546551375
random_forest,attack_vs_defense,32,-11.376533048981981,0.40600998606244537,0.3634326243232826,0.23055738961427186
random_forest,attack_vs_defense,33,-11.376533048981981,0.5060669657240772,0.21678578379321592,0.2771472504827069
random_forest,attack_vs_defense,34,-11.376533048981981,0.3581592639097206,0.40563009078621753,0.23621064530406186
random_forest,attack_vs_defense,35,-11.376533048981981,0.6890449305938984,0.14287380376642883,0.16808126563967293
random_forest,attack_vs_defense,36,-11.376533048981981,0.3375058581579493,0.38244467210062205,0.2800494697414285
random_forest,attack_vs_defense,37,-11.376533048981981,0.0201693181068044,0.8204922630080039,0.15933841888519187
random_forest,attack_vs_defense,38,-11.376533048981981,0.288771546872777,0.307116418729196,0.4041120343980272
random_forest,attack_vs_defense,39,-11.376533048981981,0.6392234858627003,0.1312209553671255,0.22955555877017428
random_forest,attack_vs_defense,40,-11.376533048981981,0.32070612938257037,0.39076236000431835,0.2885315106131114
random_forest,attack_vs_defense,41,-11.376533048981981,0.013819946021050132,0.8182383425389633,0.16794171143998635
random_forest,attack_vs_defense,42,-11.376533048981981,0.6249076766037354,0.0851306674774814,0.28996165591878326
random_forest,attack_vs_defense,43,-11.376533048981981,0.20161464627918588,0.42822589666926963,0.37015945705154457
random_forest,attack_vs_defense,44,-11.376533048981981,0.08317264696167433,0.7158885256196085,0.20093882741871708
random_forest,attack_vs_defense,45,-11.376533048981981,0.39815867242757697,0.2755623319158128,0.3262789956566102
random_forest,attack_vs_defense,46,-11.376533048981981,0.050708539069800544,0.7128849782406125,0.2364064826895866
random_forest,attack_vs_defense,47,-11.376533048981981,0.13418594664225736,0.5395598929068225,0.3262541604509203
random_forest,attack_vs_defense,48,-11.376533048981981,0.6681878799172506,0.18830669444570022,0.14350542563704904
random_forest,attack_vs_defense,49,-11.376533048981981,0.3943150115323633,0.2874954874612545,0.3181895010063822
random_forest,attack_vs_defense,0,-8.305993656909504,0.12618858873824595,0.5397998653349498,0.3340115459268045
random_forest,attack_vs_defense,1,-8.305993656909504,0.11544886185741532,0.5078784269843621,0.3766727111582229
random_forest,attack_vs_defense,2,-8.305993656909504,0.2149267347818841,0.5203547448328325,0.26471852038528326
random_forest,attack_vs_defense,3,-8.305993656909504,0.15427652552282275,0.5273430614046511,0.31838041307252596
random_forest,attack_vs_defense,4,-8.305993656909504,0.02547483731857796,0.7416718399934247,0.23285332268799755
random_forest,attack_vs_defense,5,-8.305993656909504,0.05664981951015643,0.6897399309968826,0.25361024949296085
random_forest,attack_vs_defense,6,-8.305993656909504,0.06159124747246539,0.6470352463741934,0.29137350615334123
random_forest,attack_vs_defense,7,-8.305993656909504,0.0873043503442626,0.7238066831203595,0.18888896653537748
random_forest,attack_vs_defense,8,-8.305993656909504,0.20858172429644362,0.5443993215170602,0.247018954186496
random_forest,attack_vs_defense,9,-8.305993656909504,0.6019564351406925,0.20119583180976916,0.1968477330495385
random_forest,attack_vs_defense,10,-8.305993656909504,0.5123485860253816,0.2763541623360251,0.21129725163859311
random_forest,attack_vs_defense,11,-8.305993656909504,0.0967401461727594,0.5213961236065812,0.3818637302206597
random_forest,attack_vs_defense,12,-8.305993656909504,0.16074001365167842,0.47471470390032006,0.36454528244800155
random_forest,attack_vs_defense,13,-8.305993656909504,0.22601489623674917,0.5035280742178668,0.2704570295453839
random_forest,attack_vs_defense,14,-8.305993656909504,0.6162144476995034,0.1397096954612101,0.2440758568392866
random_forest,attack_vs_defense,15,-8.305993656909504,0.34637463862347645,0.2773562134767012,0.3762691478998223
random_forest,attack_vs_defense,16,-8.305993656909504,0.6247831208644425,0.11725722745829827,0.25795965167725915
random_forest,attack_vs_defense,17,-8.305993656909504,0.5614003571873342,0.18369074327301038,0.2549088995396554
random_forest,attack_vs_defense,18,-8.305993656909504,0.6091674604028273,0.13315142641389238,0.25768111318328024
random_forest,attack_vs_defense,19,-8.305993656909504,0.08552263925588177,0.5705169094497332,0.3439604512943852
random_forest,attack_vs_defense,20,-8.305993656909504,0.4505363834924156,0.1804569707402975,0.3690066457672869
random_forest,attack_vs_defense,21,-8.305993656909504,0.03710658963838409,0.7098720120226347,0.25302139833898135
random_forest,attack_vs_defense,22,-8.305993656909504,0.03815379470437632,0.8303269160163619,0.13151928927926212
random_forest,attack_vs_defense,23,-8.305993656909504,0.5607219744525401,0.16852293126902398,0.2707550942784358
random_forest,attack_vs_defense,24,-8.305993656909504,0.10723299161509274,0.632719214048837,0.2600477943360702
random_forest,attack_vs_defense,25,-8.305993656909504,0.5139251708300786,0.194625763453642,0.2914490657162796
random_forest,attack_vs_defense,26,-8.305993656909504,0.6221281059260596,0.08975630764022019,0.2881155864337201
random_forest,attack_vs_defense,27,-8.305993656909504,0.09364444502061436,0.5154123664957161,0.39094318848366977
random_forest,attack_vs_defense,28,-8.305993656909504,0.6016592903403998,0.17577768567940819,0.22256302398019187
random_forest,attack_vs_defense,29,-8.305993656909504,0.33173415934282535,0.37849872903120224,0.2897671116259723
random_forest,attack_vs_defense,30,-8.305993656909504,0.047689208543811305,0.5388281957942095,0.4134825956619796
random_forest,attack_vs_defense,31,-8.305993656909504,0.019336803971560027,0.7833508081967356,0.19731238783170424
random_forest,attack_vs_defense,32,-8.305993656909504,0.4092593029434781,0.3618110515316859,0.22892964552483594
random_forest,attack_vs_defense,33,-8.305993656909504,0.5077449499001454,0.22238603326076742,0.2698690168390872
random_forest,attack_vs_defense,34,-8.305993656909504,0.36232390804723713,0.3994638630259822,0.23821222892678062
random_forest,attack_vs_defense,35,-8.305993656909504,0.6890449305938984,0.14287380376642883,0.16808126563967293
random_forest,attack_vs_defense,36,-8.305993656909504,0.3373362164714815,0.37967322326384223,0.2829905602646762
random_forest,attack_vs_defense,37,-8.305993656909504,0.02229068269732944,0.8116712405608054,0.16603807674186555
random_forest,attack_vs_defense,38,-8.305993656909504,0.288771546872777,0.307116418729196,0.4041120343980272
random_forest,attack_vs_defense,39,-8.305993656909504,0.6392234858627003,0.1312209553671255,0.22955555877017428
random_forest,attack_vs_defense,40,-8.305993656909504,0.32070612938257037,0.39076236000431835,0.2885315106131114
random_forest,attack_vs_defense,41,-8.305993656909504,0.014763636032977671,0.8182486048943844,0.16698775907263771
random_forest,attack_vs_defense,42,-8.305993656909504,0.6249076766037354,0.0851306674774814,0.28996165591878326
random_forest,attack_vs_defense,43,-8.305993656909504,0.20161464627918588,0.42822589666926963,0.37015945705154457
random_forest,attack_vs_defense,44,-8.305993656909504,0.08356646276981851,0.7161767163744194,0.20025682085576205
random_forest,attack_vs_defense,45,-8.305993656909504,0.39815867242757697,0.2755623319158128,0.3262789956566102
random_forest,attack_vs_defense,46,-8.305993656909504,0.05377202713825885,0.7031944407533448,0.24303353210839584
random_forest,attack_vs_defense,47,-8.305993656909504,0.13654911796189137,0.5322453257855496,0.33120555625255904
random_forest,attack_vs_defense,48,-8.305993656909504,0.6681878799172506,0.18830669444570022,0.14350542563704904
random_forest,attack_vs_defense,49,-8.305993656909504,0.3943150115323633,0.2874954874612545,0.3181895010063822
random_forest,attack_vs_defense,0,-6.152504966284898,0.12600037316325055,0.5428237229415356,0.3311759038952141
random_forest,attack_vs_defense,1,-6.152504966284898,0.1146387909719469,0.5129423318913652,0.37241887713668836
random_forest,attack_vs_defense,2,-6.152504966284898,0.210442610480022,0.5227601122334603,0.26679727728651753
random_forest,attack_vs_defense,3,-6.152504966284898,0.15111674864134392,0.5288571533486391,0.32002609801001675
random_forest,attack_vs_defense,4,-6.152504966284898,0.02917284710322078,0.7450821443837472,0.22574500851303217
random_forest,attack_vs_defense,5,-6.152504966284898,0.058865304923730856,0.6798279227407876,0.26130677233548144
random_forest,attack_vs_defense,6,-6.152504966284898,0.06413460882988882,0.6304626802909695,0.30540271087914167
random_forest,attack_vs_defense,7,-6.152504966284898,0.0850800803355879,0.7158330172172663,0.19908690244714514
random_forest,attack_vs_defense,8,-6.152504966284898,0.20991010940152888,0.5250662055071368,0.2650236850913343
random_forest,attack_vs_defense,9,-6.152504966284898,0.614217663768495,0.18702117841787472,0.19876115781363046
random_forest,attack_vs_defense,10,-6.152504966284898,0.5154086741210613,0.2665331853541202,0.2180581405248183
random_forest,attack_vs_defense,11,-6.152504966284898,0.09836470893285464,0.5239437159050663,0.37769157516207935
random_forest,attack_vs_defense,12,-6.152504966284898,0.15812243135286477,0.4561480949373413,0.3857294737097938
random_forest,attack_vs_defense,13,-6.152504966284898,0.22477418338227764,0.5007750711251621,0.27445074549256016
random_forest,attack_vs_defense,14,-6.152504966284898,0.6225753351145187,0.1346939605826463,0.24273070430283505
random_forest,attack_vs_defense,15,-6.152504966284898,0.36007269076704257,0.2621883695634482,0.3777389396695092
random_forest,attack_vs_defense,16,-6.152504966284898,0.6384811730080086,0.10208938354504522,0.2594294434469461
random_forest,attack_vs_defense,17,-6.152504966284898,0.5680854076310017,0.16832469284928417,0.26358989951971395
random_forest,attack_vs_defense,18,-6.152504966284898,0.6164536426307479,0.12781131672243268,0.25573504064681934
random_forest,attack_vs_defense,19,-6.152504966284898,0.07927847897049461,0.5632990496128977,0.3574224714166077
random_forest,attack_vs_defense,20,-6.152504966284898,0.45350222177900784,0.16860775492106386,0.3778900232999282
random_forest,attack_vs_defense,21,-6.152504966284898,0.04581224115824432,0.7022299245563633,0.2519578342853926
random_forest,attack_vs_defense,22,-6.152504966284898,0.038319323195998185,0.8292621915592209,0.13241848524478128
random_forest,attack_vs_defense,23,-6.152504966284898,0.5670828618675555,0.16350719639046024,0.26940994174198424
random_forest,attack_vs_defense,24,-6.152504966284898,0.11793253247687224,0.6251046276192148,0.25696283990391283
random_forest,attack_vs_defense,25,-6.152504966284898,0.5276232229736447,0.179457919540389,0.2929188574859665
random_forest,attack_vs_defense,26,-6.152504966284898,0.6243594174760646,0.07620062500821283,0.29943995751572255
random_forest,attack_vs_defense,27,-6.152504966284898,0.09493670421165355,0.5086606994663672,0.3964025963219795
random_forest,attack_vs_defense,28,-6.152504966284898,0.608522186913133,0.16700136434258306,0.22447644874428388
random_forest,attack_vs_defense,29,-6.152504966284898,0.33531190135662275,0.37575504181924374,0.2889330568241332
random_forest,attack_vs_defense,30,-6.152504966284898,0.051018896248545366,0.5219612824860115,0.42701982126544347
random_forest,attack_vs_defense,31,-6.152504966284898,0.019819379036749987,0.7815702405731065,0.19861038039014345
random_forest,attack_vs_defense,32,-6.152504966284898,0.4212344890216256,0.35118101798998985,0.22758449298838437
random_forest,attack_vs_defense,33,-6.152504966284898,0.5121493079849838,0.21203424715916555,0.2758164448558507
random_forest,attack_vs_defense,34,-6.152504966284898,0.3661760453917325,0.3891572677932053,0.24466668681506218
random_forest,attack_vs_defense,35,-6.152504966284898,0.6954058180089137,0.13785806888786503,0.16673611310322137
random_forest,attack_vs_defense,36,-6.152504966284898,0.33614134976248694,0.3739654873652545,0.28989316287225864
random_forest,attack_vs_defense,37,-6.152504966284898,0.023742447612754503,0.810693344735069,0.16556420765217675
random_forest,attack_vs_defense,38,-6.152504966284898,0.2897965314511877,0.2965270902400719,0.4136763783087405
random_forest,attack_vs_defense,39,-6.152504966284898,0.64540652714865,0.11961549140166063,0.23497798144968937
random_forest,attack_vs_defense,40,-6.152504966284898,0.3270872441373858,0.38138691624130794,0.29152583962130635
random_forest,attack_vs_defense,41,-6.152504966284898,0.01550529199598511,0.8147981599726123,0.16969654803140247
random_forest,attack_vs_defense,42,-6.152504966284898,0.6299358620089633,0.07560815128663463,0.29445598670440204
random_forest,attack_vs_defense,43,-6.152504966284898,0.20624475142483553,0.4010774238075125,0.3926778247676521
random_forest,attack_vs_defense,44,-6.152504966284898,0.0907383536520463,0.7008976843597003,0.20836396198825344
random_forest,attack_vs_defense,45,-6.152504966284898,0.40542781360272806,0.26463611045069213,0.32993607594657975
random_forest,attack_vs_defense,46,-6.152504966284898,0.056712981318380436,0.6973384231565305,0.24594859552508866
random_forest,attack_vs_defense,47,-6.152504966284898,0.1405253356137512,0.5220958535066438,0.3373788108796052
random_forest,attack_vs_defense,48,-6.152504966284898,0.6750507764899837,0.1795303731088751,0.14541885040114103
random_forest,attack_vs_defense,49,-6.152504966284898,0.40330701877293307,0.27203145562457676,0.32466152560249023
random_forest,attack_vs_defense,0,-4.138006782566146,0.13910418608267697,0.5042602890474145,0.3566355248699085
random_forest,attack_vs_defense,1,-4.138006782566146,0.12313264754589921,0.5119154317162421,0.36495192073785915
random_forest,attack_vs_defense,2,-4.138006782566146,0.22496543318217035,0.5178379999597736,0.2571965668580559
random_forest,attack_vs_defense,3,-4.138006782566146,0.16369611371321807,0.49056266528131726,0.34574122100546445
random_forest,attack_vs_defense,4,-4.138006782566146,0.03292170293248564,0.716055033242717,0.2510232638247973
random_forest,attack_vs_defense,5,-4.138006782566146,0.06441626060282259,0.6703641492760665,0.265219590121111
random_forest,attack_vs_defense,6,-4.138006782566146,0.06747501477818642,0.6336329230192278,0.29889206220258574
random_forest,attack_vs_defense,7,-4.138006782566146,0.08822377013390004,0.7113075232750807,0.20046870659101887
random_forest,attack_vs_defense,8,-4.138006782566146,0.21486155372779284,0.5162750200042788,0.2688634262679283
random_forest,attack_vs_defense,9,-4.138006782566146,0.6161245829616483,0.1799594630000394,0.20391595403831242
random_forest,attack_vs_defense,10,-4.138006782566146,0.5154086741210613,0.2665331853541202,0.2180581405248183
random_forest,attack_vs_defense,11,-4.138006782566146,0.09977734197056455,0.5172006665935248,0.3830219914359108
random_forest,attack_vs_defense,12,-4.138006782566146,0.16145356540098657,0.47019712926059537,0.3683493053384179
random_forest,attack_vs_defense,13,-4.138006782566146,0.2361762754540284,0.48027886711819034,0.2835448574277812
random_forest,attack_vs_defense,14,-4.138006782566146,0.6225753351145187,0.1346939605826463,0.24273070430283505
random_forest,attack_vs_defense,15,-4.138006782566146,0.3678039846693164,0.25215792827158046,0.38003808705910314
random_forest,attack_vs_defense,16,-4.138006782566146,0.6384811730080086,0.10208938354504522,0.2594294434469461
random_forest,attack_vs_defense,17,-4.138006782566146,0.5680854076310017,0.16832469284928417,0.26358989951971395
random_forest,attack_vs_defense,18,-4.138006782566146,0.6164536426307479,0.12781131672243268,0.25573504064681934
random_forest,attack_vs_defense,19,-4.138006782566146,0.08427005524879898,0.5319624883689181,0.38376745638228277
random_forest,attack_vs_defense,20,-4.138006782566146,0.45567897588130307,0.16589057383371017,0.3784304502849866
random_forest,attack_vs_defense,21,-4.138006782566146,0.04659352803522982,0.679255058864205,0.27415141310056523
random_forest,attack_vs_defense,22,-4.138006782566146,0.038296857161824516,0.838029628684037,0.12367351415413878
random_forest,attack_vs_defense,23,-4.138006782566146,0.5670828618675555,0.16350719639046024,0.26940994174198424
random_forest,attack_vs_defense,24,-4.138006782566146,0.12345814598882184,0.6306566167428818,0.2458852372682964
random_forest,attack_vs_defense,25,-4.138006782566146,0.5276232229736447,0.179457919540389,0.2929188574859665
random_forest,attack_vs_defense,26,-4.138006782566146,0.6243594174760646,0.07620062500821283,0.29943995751572255
random_forest,attack_vs_defense,27,-4.138006782566146,0.09926503665677078,0.4869037184711628,0.4138312448720665
random_forest,attack_vs_defense,28,-4.138006782566146,0.608522186913133,0.16700136434258306,0.22447644874428388
random_forest,attack_vs_defense,29,-4.138006782566146,0.3396029572324815,0.3771748893571146,0.28322215341040374
random_forest,attack_vs_defense,30,-4.138006782566146,0.05194966478473318,0.5064368369212606,0.4416134982940066
random_forest,attack_vs_defense,31,-4.138006782566146,0.022847556339427883,0.7762900837687066,0.2008623598918654
random_forest,attack_vs_defense,32,-4.138006782566146,0.4239917576188425,0.3472648566384791,0.22874338574267827
random_forest,attack_vs_defense,33,-4.138006782566146,0.514326062087279,0.2093170660718118,0.2763568718409091
random_forest,attack_vs_defense,34,-4.138006782566146,0.3693054866268432,0.38996730097718774,0.24072721239596906
random_forest,attack_vs_defense,35,-4.138006782566146,0.6954058180089137,0.13785806888786503,0.16673611310322137
random_forest,attack_vs_defense,36,-4.138006782566146,0.34480338588898435,0.36644807988528943,0.28874853422572616
random_forest,attack_vs_defense,37,-4.138006782566146,0.030146900836507385,0.775092605655458,0.1947604935080349
random_forest,attack_vs_defense,38,-4.138006782566146,0.29271384657743293,0.2982139494339341,0.40907220398863314
random_forest,attack_vs_defense,39,-4.138006782566146,0.64540652714865,0.11961549140166063,0.23497798144968937
random_forest,attack_vs_defense,40,-4.138006782566146,0.3304408078871316,0.37268364913800006,0.29687554297486857
random_forest,attack_vs_defense,41,-4.138006782566146,0.021442181507689773,0.801667160274344,0.1768906582179662
random_forest,attack_vs_defense,42,-4.138006782566146,0.6299358620089633,0.07560815128663463,0.29445598670440204
random_forest,attack_vs_defense,43,-4.138006782566146,0.2191627620835845,0.3842413599497798,0.3965958779666357
random_forest,attack_vs_defense,44,-4.138006782566146,0.09375314564644527,0.6985217243283808,0.20772513002517404
random_forest,attack_vs_defense,45,-4.138006782566146,0.4086400764661826,0.2463244968035054,0.345035426730312
random_forest,attack_vs_defense,46,-4.138006782566146,0.06008777318814526,0.6905151792281602,0.2493970475836943
random_forest,attack_vs_defense,47,-4.138006782566146,0.13856591461204848,0.5241937283728383,0.3372403570151133
random_forest,attack_vs_defense,48,-4.138006782566146,0.6750507764899837,0.1795303731088751,0.14541885040114103
random_forest,attack_vs_defense,49,-4.138006782566146,0.41277416138236406,0.264438262428584,0.32278757618905213
random_forest,attack_vs_defense,0,-2.569030805376129,0.1342497683632529,0.49046579225494535,0.3752844393818018
random_forest,attack_vs_defense,1,-2.569030805376129,0.12286626222774971,0.5073433686737874,0.36979036909846363
random_forest,attack_vs_defense,2,-2.569030805376129,0.23193445884076944,0.49799651374958503,0.2700690274096454
random_forest,attack_vs_defense,3,-2.569030805376129,0.18620702592776875,0.46449752326497107,0.34929545080726004
random_forest,attack_vs_defense,4,-2.569030805376129,0.03069620885810584,0.7149128515876101,0.2543909395542841
random_forest,attack_vs_defense,5,-2.569030805376129,0.06373584259561339,0.6666678169576074,0.2695963404467792
random_forest,attack_vs_defense,6,-2.569030805376129,0.07326672956473872,0.6175668012745241,0.3091664691607371
random_forest,attack_vs_defense,7,-2.569030805376129,0.09315852215001885,0.7002508935730095,0.20659058427697133
random_forest,attack_vs_defense,8,-2.569030805376129,0.22771865050397086,0.5136570599905865,0.25862428950544253
random_forest,attack_vs_defense,9,-2.569030805376129,0.6161245829616483,0.1799594630000394,0.20391595403831242
random_forest,attack_vs_defense,10,-2.569030805376129,0.5210523932912842,0.26532800365894466,0.21361960304977098
random_forest,attack_vs_defense,11,-2.569030805376129,0.11098986066412007,0.48380549295807046,0.4052046463778097
random_forest,attack_vs_defense,12,-2.569030805376129,0.17957579199952875,0.4320916050699815,0.3883326029304896
random_forest,attack_vs_defense,13,-2.569030805376129,0.234936859135217,0.4656251639628368,0.2994379769019462
random_forest,attack_vs_defense,14,-2.569030805376129,0.6338268341351313,0.13845314035259823,0.22772002551227055
random_forest,attack_vs_defense,15,-2.569030805376129,0.37731838667313355,0.25255346902887155,0.3701281442979949
random_forest,attack_vs_defense,16,-2.569030805376129,0.6479461993832558,0.10159977832417527,0.2504540222925688
random_forest,attack_vs_defense,17,-2.569030805376129,0.5721974492501825,0.1730634896065295,0.25473906114328787
random_forest,attack_vs_defense,18,-2.569030805376129,0.6259186690059951,0.1273217115015627,0.24675961949244207
random_forest,attack_vs_defense,19,-2.569030805376129,0.09285896763488584,0.5280306265922067,0.37911040577290717
random_forest,attack_vs_defense,20,-2.569030805376129,0.46305823797155904,0.15709101826978142,0.3798507437586595
random_forest,attack_vs_defense,21,-2.569030805376129,0.049708688003963324,0.6827391767926841,0.26755213520335275
random_forest,attack_vs_defense,22,-2.569030805376129,0.04028563576157066,0.8307575615461644,0.1289568026922652
random_forest,attack_vs_defense,23,-2.569030805376129,0.5725041698303107,0.16394342628001599,0.26355240388967327
random_forest,attack_vs_defense,24,-2.569030805376129,0.1203656702603116,0.6161341938178503,0.2635001359218381
random_forest,attack_vs_defense,25,-2.569030805376129,0.5370882493488919,0.17896831431951907,0.28394343633158925
random_forest,attack_vs_defense,26,-2.569030805376129,0.6338244438513119,0.07571101978734288,0.29046453636134534
random_forest,attack_vs_defense,27,-2.569030805376129,0.10045678203633125,0.463050059735888,0.43649315822778084
random_forest,attack_vs_defense,28,-2.569030805376129,0.6179872132883802,0.1665117591217131,0.21550102758990664
random_forest,attack_vs_defense,29,-2.569030805376129,0.33828338016196385,0.37524986937623855,0.28646675046179754
random_forest,attack_vs_defense,30,-2.569030805376129,0.05018586975874412,0.5283114851005712,0.4215026451406849
random_forest,attack_vs_defense,31,-2.569030805376129,0.024064071661393294,0.7902046700279372,0.1857312583106696
random_forest,attack_vs_defense,32,-2.569030805376129,0.4357905320937662,0.3436350687513285,0.2205743991549053
random_forest,attack_vs_defense,33,-2.569030805376129,0.5162158611660653,0.20738832319422193,0.2763958156397127
random_forest,attack_vs_defense,34,-2.569030805376129,0.37731882748712936,0.3908047984933276,0.23187637401954295
random_forest,attack_vs_defense,35,-2.569030805376129,0.7066573170295262,0.14161724865781694,0.15172543431265684
random_forest,attack_vs_defense,36,-2.569030805376129,0.3647330270664732,0.3612078464751371,0.27405912645838976
random_forest,attack_vs_defense,37,-2.569030805376129,0.030675104344628706,0.7908786692358706,0.17844622641950106
random_forest,attack_vs_defense,38,-2.569030805376129,0.29139065327610775,0.28801600101180574,0.42059334571208656
random_forest,attack_vs_defense,39,-2.569030805376129,0.6566580261692626,0.12337467117161255,0.2199673026591248
random_forest,attack_vs_defense,40,-2.569030805376129,0.35098688856799704,0.36020871915731845,0.2888043922746845
random_forest,attack_vs_defense,41,-2.569030805376129,0.023972802223201917,0.8151960741995875,0.1608311235772107
random_forest,attack_vs_defense,42,-2.569030805376129,0.6394008883842106,0.07511854606576468,0.28548056555002477
random_forest,attack_vs_defense,43,-2.569030805376129,0.2257883242356198,0.38256813125087263,0.3916435445135076
random_forest,attack_vs_defense,44,-2.569030805376129,0.08065682530163898,0.706275474534368,0.21306770016399298
random_forest,attack_vs_defense,45,-2.569030805376129,0.4135152411738127,0.24335125203677266,0.34313350678941457
random_forest,attack_vs_defense,46,-2.569030805376129,0.06750431151025414,0.6959072108923617,0.23658847759738386
random_forest,attack_vs_defense,47,-2.569030805376129,0.14802874551947956,0.4971848901965723,0.35478636428394816
random_forest,attack_vs_defense,48,-2.569030805376129,0.6787046967170252,0.18191171051802102,0.13938359276495374
random_forest,attack_vs_defense,49,-2.569030805376129,0.4302430298301369,0.269359013278726,0.300397956891137
random_forest,attack_vs_defense,0,-1.322078212266075,0.15631380379525237,0.4999338992699369,0.3437522969348108
random_forest,attack_vs_defense,1,-1.322078212266075,0.1337935302484238,0.5171546162975036,0.349051853454073
random_forest,attack_vs_defense,2,-1.322078212266075,0.23258158233730417,0.5087859518969958,0.25863246576570015
random_forest,attack_vs_defense,3,-1.322078212266075,0.19591142466990172,0.43752447561001206,0.366564099720086
random_forest,attack_vs_defense,4,-1.322078212266075,0.03422411889526462,0.7251969759191773,0.24057890518555805
random_forest,attack_vs_defense,5,-1.322078212266075,0.06846784833837238,0.6627883132489717,0.2687438384126561
random_forest,attack_vs_defense,6,-1.322078212266075,0.08013727504041641,0.6280426500797129,0.29182007487987066
random_forest,attack_vs_defense,7,-1.322078212266075,0.10568285203592453,0.703964691396585,0.1903524565674903
random_forest,attack_vs_defense,8,-1.322078212266075,0.22069098287944913,0.5292168504345637,0.25009216668598716
random_forest,attack_vs_defense,9,-1.322078212266075,0.6186750529221736,0.17373644157785048,0.20758850549997596
random_forest,attack_vs_defense,10,-1.322078212266075,0.5300274850661036,0.26244792388644517,0.20752459104745088
random_forest,attack_vs_defense,11,-1.322078212266075,0.11924051337954432,0.46882718972600235,0.4119322968944535
random_forest,attack_vs_defense,12,-1.322078212266075,0.1858543575670282,0.43786268837650066,0.3762829540564711
random_forest,attack_vs_defense,13,-1.322078212266075,0.2351893910222375,0.4677038568319101,0.2971067521458524
random_forest,attack_vs_defense,14,-1.322078212266075,0.6402386569956242,0.1421619465178325,0.2175993964865434
random_forest,attack_vs_defense,15,-1.322078212266075,0.388614555813122,0.25047050773163343,0.3609149364552445
random_forest,attack_vs_defense,16,-1.322078212266075,0.654903620974493,0.10063806044719231,0.24445831857831465
random_forest,attack_vs_defense,17,-1.322078212266075,0.5786092721106754,0.17677229577176376,0.24461843211756074
random_forest,attack_vs_defense,18,-1.322078212266075,0.6260598780747614,0.12832880824350348,0.24561131368173508
random_forest,attack_vs_defense,19,-1.322078212266075,0.10267979493223417,0.5365116044435455,0.36080860062421993
random_forest,attack_vs_defense,20,-1.322078212266075,0.4412699133898201,0.15784037591594122,0.4008897106942387
random_forest,attack_vs_defense,21,-1.322078212266075,0.05474499509630349,0.684513689324985,0.2607413155787118
random_forest,attack_vs_defense,22,-1.322078212266075,0.04948231642355194,0.8209211189151916,0.12959656466125652
random_forest,attack_vs_defense,23,-1.322078212266075,0.5871029178321661,0.14843541218605327,0.2644616699817807
random_forest,attack_vs_defense,24,-1.322078212266075,0.12714360730630608,0.6349162100782219,0.237940182615472
random_forest,attack_vs_defense,25,-1.322078212266075,0.544045670940129,0.17800659644253605,0.27794773261733513
random_forest,attack_vs_defense,26,-1.322078212266075,0.6363243147775559,0.07897122750430531,0.2847044577181389
random_forest,attack_vs_defense,27,-1.322078212266075,0.10669223601034182,0.4436126701852013,0.4496950938044571
random_forest,attack_vs_defense,28,-1.322078212266075,0.6076398333072687,0.16659441100291236,0.22576575568981874
random_forest,attack_vs_defense,29,-1.322078212266075,0.36329767252786516,0.35315433841342747,0.2835479890587074
random_forest,attack_vs_defense,30,-1.322078212266075,0.06036994726197079,0.5260128111429155,0.41361724159511376
random_forest,attack_vs_defense,31,-1.322078212266075,0.03174200969682063,0.7970261758288824,0.17123181447429706
random_forest,attack_vs_defense,32,-1.322078212266075,0.4450441021659269,0.3291917422560228,0.22576415557805032
random_forest,attack_vs_defense,33,-1.322078212266075,0.5193923690616008,0.2050452784410535,0.27556235249734573
random_forest,attack_vs_defense,34,-1.322078212266075,0.380796689501733,0.3882015756884867,0.23100173480978017
random_forest,attack_vs_defense,35,-1.322078212266075,0.720184673657802,0.13760824324148654,0.14220708310071142
random_forest,attack_vs_defense,36,-1.322078212266075,0.38288382502163104,0.34789386718162535,0.2692223077967437
random_forest,attack_vs_defense,37,-1.322078212266075,0.03219813737645748,0.7780460917658366,0.18975577085770615
random_forest,attack_vs_defense,38,-1.322078212266075,0.2883454657718933,0.28178857393814283,0.42986596028996393
random_forest,attack_vs_defense,39,-1.322078212266075,0.6630698490297555,0.12708347733684686,0.2098466736333977
random_forest,attack_vs_defense,40,-1.322078212266075,0.35301856443767304,0.36216254099712203,0.2848188945652049
random_forest,attack_vs_defense,41,-1.322078212266075,0.03243618325888403,0.804949426473195,0.16261439026792104
random_forest,attack_vs_defense,42,-1.322078212266075,0.6419007593104546,0.07837875378272711,0.27972048690681833
random_forest,attack_vs_defense,43,-1.322078212266075,0.2253070234255493,0.3891450891183741,0.38554788745607677
random_forest,attack_vs_defense,44,-1.322078212266075,0.0889971146336106,0.6890032488588922,0.2219996365074973
random_forest,attack_vs_defense,45,-1.322078212266075,0.4109838525096654,0.24584475479439583,0.34317139269593877
random_forest,attack_vs_defense,46,-1.322078212266075,0.07651434841895793,0.6900097456947983,0.23347590588624345
random_forest,attack_vs_defense,47,-1.322078212266075,0.14778774009984738,0.5081763899903227,0.34403586990983004
random_forest,attack_vs_defense,48,-1.322078212266075,0.6880269381527655,0.18271009810800765,0.12926296373922663
random_forest,attack_vs_defense,49,-1.322078212266075,0.43004030419224515,0.2634551591517244,0.30650453665603034
random_forest,attack_vs_defense,0,0.1729051477922461,0.18494168673567388,0.465009753615163,0.35004855964916315
random_forest,attack_vs_defense,1,0.1729051477922461,0.16152416742595868,0.5096580291952201,0.32881780337882166
random_forest,attack_vs_defense,2,0.1729051477922461,0.26214281205223844,0.485206964426988,0.25265022352077365
random_forest,attack_vs_defense,3,0.1729051477922461,0.19609644654971,0.4393708417111848,0.3645327117391049
random_forest,attack_vs_defense,4,0.1729051477922461,0.04326032899086051,0.6992596366289036,0.257480034380236
random_forest,attack_vs_defense,5,0.1729051477922461,0.08658119937636995,0.6313957452437523,0.2820230553798777
random_forest,attack_vs_defense,6,0.1729051477922461,0.09530621669013774,0.6166644952008876,0.2880292881089746
random_forest,attack_vs_defense,7,0.1729051477922461,0.11420892678952416,0.6976920405181057,0.18809903269236983
random_forest,attack_vs_defense,8,0.1729051477922461,0.22166425623224154,0.5189249623795882,0.25941078138817014
random_forest,attack_vs_defense,9,0.1729051477922461,0.6169439993544196,0.17589746006495166,0.20715854058062885
random_forest,attack_vs_defense,10,0.1729051477922461,0.5422344504989225,0.24557086845816914,0.2121946810429082
random_forest,attack_vs_defense,11,0.1729051477922461,0.14606052107773904,0.4718735558743288,0.38206592304793224
random_forest,attack_vs_defense,12,0.1729051477922461,0.20185359780988776,0.4091259044876025,0.38902049770250974
random_forest,attack_vs_defense,13,0.1729051477922461,0.2445041379521081,0.46024936852624415,0.2952464935216478
random_forest,attack_vs_defense,14,0.1729051477922461,0.6666467196889915,0.10755619397393364,0.22579708633707485
random_forest,attack_vs_defense,15,0.1729051477922461,0.41218085108411967,0.2071752657975566,0.38064388311832364
random_forest,attack_vs_defense,16,0.1729051477922461,0.6692708864929786,0.08751664008126618,0.24321247342575514
random_forest,attack_vs_defense,17,0.1729051477922461,0.6038990571043096,0.15076806845968935,0.24533287443600105
random_forest,attack_vs_defense,18,0.1729051477922461,0.646372856663829,0.10318711457445491,0.250440028761716
random_forest,attack_vs_defense,19,0.1729051477922461,0.10984899860358949,0.5353580701182051,0.354792931278205
random_forest,attack_vs_defense,20,0.1729051477922461,0.45106610236040745,0.14455321127552861,0.40438068636406377
random_forest,attack_vs_defense,21,0.1729051477922461,0.054265595704231805,0.6867984176870756,0.25893598660869277
random_forest,attack_vs_defense,22,0.1729051477922461,0.054039087499239795,0.8227072723836003,0.12325364011716004
random_forest,attack_vs_defense,23,0.1729051477922461,0.6171914886179172,0.12523228314765306,0.25757622823442977
random_forest,attack_vs_defense,24,0.1729051477922461,0.13259331922787151,0.6360107927431465,0.231395888028982
random_forest,attack_vs_defense,25,0.1729051477922461,0.5555172897063984,0.14630062161129373,0.29818208868230806
random_forest,attack_vs_defense,26,0.1729051477922461,0.6417423749775731,0.06477129298142893,0.293486332040998
random_forest,attack_vs_defense,27,0.1729051477922461,0.1295358605358344,0.39842788017024605,0.47203625929391957
random_forest,attack_vs_defense,28,0.1729051477922461,0.6109162949950101,0.14937812626657157,0.2397055787384181
random_forest,attack_vs_defense,29,0.1729051477922461,0.36271485498002676,0.3463217311364626,0.2909634138835107
random_forest,attack_vs_defense,30,0.1729051477922461,0.07091656714252456,0.5301328848395136,0.39895054801796165
random_forest,attack_vs_defense,31,0.1729051477922461,0.03480442630731254,0.80788678425484,0.15730878943784768
random_forest,attack_vs_defense,32,0.1729051477922461,0.4644114351697519,0.30476175203733774,0.2308268127929105
random_forest,attack_vs_defense,33,0.1729051477922461,0.527925226623721,0.20415394436521547,0.26792082901106345
random_forest,attack_vs_defense,34,0.1729051477922461,0.3936855669802352,0.3673223174634375,0.23899211555632702
random_forest,attack_vs_defense,35,0.1729051477922461,0.7327880068175094,0.12069266690218095,0.14651932628030953
random_forest,attack_vs_defense,36,0.1729051477922461,0.4068949661612196,0.34920370545258367,0.24390132838619671
random_forest,attack_vs_defense,37,0.1729051477922461,0.041716386306211745,0.76235779687142,0.19592581682236834
random_forest,attack_vs_defense,38,0.1729051477922461,0.30151194014444466,0.24846009013398343,0.45002796972157194
random_forest,attack_vs_defense,39,0.1729051477922461,0.690074952149459,0.10551913276842695,0.20440591508211384
random_forest,attack_vs_defense,40,0.1729051477922461,0.3622043671206852,0.3433408686093326,0.294454764269982
random_forest,attack_vs_defense,41,0.1729051477922461,0.03364998938374917,0.8185410951054136,0.14780891551083733
random_forest,attack_vs_defense,42,0.1729051477922461,0.6663842657538994,0.06712422710190441,0.2664915071441962
random_forest,attack_vs_defense,43,0.1729051477922461,0.24242905309658205,0.3659357794388564,0.39163516746456173
random_forest,attack_vs_defense,44,0.1729051477922461,0.08368338153717765,0.6987968819601923,0.21751973650262987
random_forest,attack_vs_defense,45,0.1729051477922461,0.4415326382026936,0.21366979466412442,0.34479756713318194
random_forest,attack_vs_defense,46,0.1729051477922461,0.09036346804507002,0.6555092830998163,0.2541272488551137
random_forest,attack_vs_defense,47,0.1729051477922461,0.16557507292956905,0.485446040463777,0.34897888660665405
random_forest,attack_vs_defense,48,0.1729051477922461,0.7026528584295916,0.16157011881244557,0.13577702275796247
random_forest,attack_vs_defense,49,0.1729051477922461,0.45254762119864833,0.22362271595962255,0.3238296628417288
random_forest,attack_vs_defense,0,1.467964783683396,0.21810443414949213,0.444011856736146,0.33788370911436183
random_forest,attack_vs_defense,1,1.467964783683396,0.2084498531257524,0.45916412723743694,0.332386019636811
random_forest,attack_vs_defense,2,1.467964783683396,0.2828878796619337,0.44396676593841217,0.2731453543996543
random_forest,attack_vs_defense,3,1.467964783683396,0.21003018560952488,0.43103434722010253,0.3589354671703726
random_forest,attack_vs_defense,4,1.467964783683396,0.07784310917467735,0.6594471589019618,0.2627097319233613
random_forest,attack_vs_defense,5,1.467964783683396,0.12612443563815603,0.5797024861426882,0.2941730782191558
random_forest,attack_vs_defense,6,1.467964783683396,0.13621201274678996,0.5762233910988998,0.28756459615431024
random_forest,attack_vs_defense,7,1.467964783683396,0.14605702786861546,0.668802900548311,0.18514007158307336
random_forest,attack_vs_defense,8,1.467964783683396,0.24244310986338605,0.49524238256184666,0.2623145075747672
random_forest,attack_vs_defense,9,1.467964783683396,0.6594051965068959,0.14376526545877363,0.19682953803433054
random_forest,attack_vs_defense,10,1.467964783683396,0.6057500809064232,0.2001516102122218,0.19409830888135485
random_forest,attack_vs_defense,11,1.467964783683396,0.1653338011122572,0.44236532140108326,0.3923008774866595
random_forest,attack_vs_defense,12,1.467964783683396,0.2306449389466829,0.3810925320717027,0.3882625289816144
random_forest,attack_vs_defense,13,1.467964783683396,0.2749406920797341,0.42741802897619907,0.29764127894406706
random_forest,attack_vs_defense,14,1.467964783683396,0.7277610670186229,0.058545087816126405,0.2136938451652505
random_forest,attack_vs_defense,15,1.467964783683396,0.3888785605457796,0.22634139220337077,0.3847800472508496
random_forest,attack_vs_defense,16,1.467964783683396,0.7161501395293436,0.06542010604196524,0.21842975442869084
random_forest,attack_vs_defense,17,1.467964783683396,0.6686919982243552,0.09941615010635442,0.2318918516692902
random_forest,attack_vs_defense,18,1.467964783683396,0.69805679469133,0.060733063374005615,0.2412101419346643
random_forest,attack_vs_defense,19,1.467964783683396,0.14611764168953598,0.5203256999040071,0.3335566584064565
random_forest,attack_vs_defense,20,1.467964783683396,0.5065670359511196,0.12192134633667649,0.371511617712204
random_forest,attack_vs_defense,21,1.467964783683396,0.08517921759325993,0.6490020181021539,0.26581876430458645
random_forest,attack_vs_defense,22,1.467964783683396,0.09055523765233466,0.7530575384761615,0.15638722387150364
random_forest,attack_vs_defense,23,1.467964783683396,0.6518341117264205,0.09581390999603952,0.2523519782775398
random_forest,attack_vs_defense,24,1.467964783683396,0.1511816912578592,0.6245423576206337,0.22427595112150708
random_forest,attack_vs_defense,25,1.467964783683396,0.5764758163888991,0.128536072832486,0.2949881107786149
random_forest,attack_vs_defense,26,1.467964783683396,0.6598313480516557,0.05526356891047534,0.28490508303786904
random_forest,attack_vs_defense,27,1.467964783683396,0.157345818954117,0.3641070314988408,0.4785471495470423
random_forest,attack_vs_defense,28,1.467964783683396,0.6089092656834207,0.146114609163386,0.24497612515319292
random_forest,attack_vs_defense,29,1.467964783683396,0.378583923828165,0.3274205212414692,0.2939955549303659
random_forest,attack_vs_defense,30,1.467964783683396,0.09883998701138032,0.5174271752131686,0.383732837775451
random_forest,attack_vs_defense,31,1.467964783683396,0.07065561842410095,0.7592506608019794,0.17009372077391946
random_forest,attack_vs_defense,32,1.467964783683396,0.46976709405337974,0.2872672498219138,0.24296565612470664
random_forest,attack_vs_defense,33,1.467964783683396,0.5514848351933943,0.18958382648967778,0.2589313383169276
random_forest,attack_vs_defense,34,1.467964783683396,0.41309798210578474,0.3459581604939414,0.24094385740027388
random_forest,attack_vs_defense,35,1.467964783683396,0.7906125961238885,0.07430801975878618,0.13507938411732526
random_forest,attack_vs_defense,36,1.467964783683396,0.4274938217447439,0.334798377881135,0.23770780037412123
random_forest,attack_vs_defense,37,1.467964783683396,0.05919891411041071,0.7255876273070697,0.2152134585825197
random_forest,attack_vs_defense,38,1.467964783683396,0.29255685364284095,0.2352761817859572,0.47216696457120205
random_forest,attack_vs_defense,39,1.467964783683396,0.7637446537565579,0.058363319428393796,0.1778920268150479
random_forest,attack_vs_defense,40,1.467964783683396,0.3643741138475123,0.36019891754744665,0.2754269686050412
random_forest,attack_vs_defense,41,1.467964783683396,0.07923630731799934,0.7641853277044152,0.15657836497758543
random_forest,attack_vs_defense,42,1.467964783683396,0.6904665145350394,0.05608149667131925,0.2534519887936411
random_forest,attack_vs_defense,43,1.467964783683396,0.27233303853546337,0.3530907677749888,0.3745761936895482
random_forest,attack_vs_defense,44,1.467964783683396,0.11284431565243373,0.7050114733070422,0.18214421104052414
random_forest,attack_vs_defense,45,1.467964783683396,0.4416633919534036,0.21048449535638336,0.34785211269021293
random_forest,attack_vs_defense,46,1.467964783683396,0.1346241977447846,0.6001095011624311,0.2652663010927843
random_forest,attack_vs_defense,47,1.467964783683396,0.18414323048202572,0.45292515862970406,0.36293161088827014
random_forest,attack_vs_defense,48,1.467964783683396,0.7751556618134053,0.10176551132638645,0.123078826860208
random_forest,attack_vs_defense,49,1.467964783683396,0.4376441172270931,0.21706189159670486,0.3452939911762019
random_forest,attack_vs_defense,0,2.793831810936162,0.23257185079671946,0.42560128033626426,0.34182686886701635
random_forest,attack_vs_defense,1,2.793831810936162,0.21652373025151186,0.44731159366604195,0.33616467608244643
random_forest,attack_vs_defense,2,2.793831810936162,0.28005654988775025,0.4399259447910146,0.2800175053212352
random_forest,attack_vs_defense,3,2.793831810936162,0.2102035381774776,0.42946166795902685,0.36033479386349554
random_forest,attack_vs_defense,4,2.793831810936162,0.09143012647534592,0.6410982090001613,0.26747166452449295
random_forest,attack_vs_defense,5,2.793831810936162,0.14431363779137327,0.5436396386898404,0.3120467235187862
random_forest,attack_vs_defense,6,2.793831810936162,0.14965778044916653,0.5478611042807137,0.3024811152701199
random_forest,attack_vs_defense,7,2.793831810936162,0.1535382658167683,0.6260206438395706,0.220441090343661
random_forest,attack_vs_defense,8,2.793831810936162,0.25941822822034094,0.469575441536683,0.2710063302429762
random_forest,attack_vs_defense,9,2.793831810936162,0.693926878898259,0.11985436788723179,0.18621875321450929
random_forest,attack_vs_defense,10,2.793831810936162,0.6237731047434094,0.1815529239485111,0.1946739713080793
random_forest,attack_vs_defense,11,2.793831810936162,0.17956518557686044,0.4288837228042712,0.3915510916188684
random_forest,attack_vs_defense,12,2.793831810936162,0.23680422627192055,0.38157382325527894,0.3816219504728005
random_forest,attack_vs_defense,13,2.793831810936162,0.2879604670754931,0.4141278385484277,0.2979116943760793
random_forest,attack_vs_defense,14,2.793831810936162,0.7455287461138158,0.049403109119429627,0.2050681447667543
random_forest,attack_vs_defense,15,2.793831810936162,0.3909366962665881,0.21164269187075055,0.39742061186266137
random_forest,attack_vs_defense,16,2.793831810936162,0.7386181860709709,0.058586474214844676,0.2027953397141843
random_forest,attack_vs_defense,17,2.793831810936162,0.6821719429321988,0.08192127113635986,0.2359067859314411
random_forest,attack_vs_defense,18,2.793831810936162,0.6999662515849746,0.051075163473078285,0.2489585849419469
random_forest,attack_vs_defense,19,2.793831810936162,0.14715440373651692,0.5243084948870317,0.32853710137645115
random_forest,attack_vs_defense,20,2.793831810936162,0.5281847797361359,0.11274339571017417,0.3590718245536899
random_forest,attack_vs_defense,21,2.793831810936162,0.09185252619451557,0.6437401613734831,0.2644073124320013
random_forest,attack_vs_defense,22,2.793831810936162,0.1026727452677136,0.6979469494877706,0.19938030524451544
random_forest,attack_vs_defense,23,2.793831810936162,0.6477310495773568,0.08759418326906371,0.2646747671535793
random_forest,attack_vs_defense,24,2.793831810936162,0.15188884387423948,0.5818506822643491,0.2662604738614113
random_forest,attack_vs_defense,25,2.793831810936162,0.6008183359950285,0.11372300302391407,0.2854586609810574
random_forest,attack_vs_defense,26,2.793831810936162,0.6712087321699641,0.04299824961167469,0.28579301821836123
random_forest,attack_vs_defense,27,2.793831810936162,0.16569948926523612,0.3457287740925179,0.4885717366422461
random_forest,attack_vs_defense,28,2.793831810936162,0.6436782437318549,0.14225666308096552,0.21406509318717934
random_forest,attack_vs_defense,29,2.793831810936162,0.37751986512035246,0.3046096207627113,0.3178705141169364
random_forest,attack_vs_defense,30,2.793831810936162,0.11194463534121002,0.5105709943265083,0.3774843703322814
random_forest,attack_vs_defense,31,2.793831810936162,0.09152250953477457,0.7055565344212803,0.20292095604394478
random_forest,attack_vs_defense,32,2.793831810936162,0.4771808409730442,0.28266224640780074,0.24015691261915528
random_forest,attack_vs_defense,33,2.793831810936162,0.5739345810365756,0.17596522758386487,0.25010019137955924
random_forest,attack_vs_defense,34,2.793831810936162,0.4257944461204972,0.33561965119842957,0.23858590268107324
random_forest,attack_vs_defense,35,2.793831810936162,0.8056226958498979,0.06461413885671087,0.12976316529339127
random_forest,attack_vs_defense,36,2.793831810936162,0.43373603378403325,0.3094115825501191,0.2568523836658477
random_forest,attack_vs_defense,37,2.793831810936162,0.07309890693366704,0.6954800173776853,0.23142107568864764
random_forest,attack_vs_defense,38,2.793831810936162,0.32071960298265423,0.21574231647888134,0.4635380805384645
random_forest,attack_vs_defense,39,2.793831810936162,0.7634661294169018,0.049895948078158746,0.18663792250493894
random_forest,attack_vs_defense,40,2.793831810936162,0.3578083172260096,0.35550988343922413,0.28668179933476623
random_forest,attack_vs_defense,41,2.793831810936162,0.08597359787601788,0.7275716445994841,0.18645475752449783
random_forest,attack_vs_defense,42,2.793831810936162,0.704689546766084,0.04672771992229626,0.24858273331161965
random_forest,attack_vs_defense,43,2.793831810936162,0.28415835165543657,0.3414150503012307,0.37442659804333306
random_forest,attack_vs_defense,44,2.793831810936162,0.11946496433474559,0.6554590627203188,0.22507597294493553
random_forest,attack_vs_defense,45,2.793831810936162,0.45527753787307873,0.19006729533392433,0.3546551667929967
random_forest,attack_vs_defense,46,2.793831810936162,0.14113645582823098,0.5650644172875435,0.29379912688422566
random_forest,attack_vs_defense,47,2.793831810936162,0.19483002964716342,0.45089965461956405,0.35427031573327256
random_forest,attack_vs_defense,48,2.793831810936162,0.78044241716706,0.08977217040824127,0.12978541242469863
random_forest,attack_vs_defense,49,2.793831810936162,0.4464426935237487,0.2145693530982563,0.3389879533779947
random_forest,attack_vs_defense,0,4.267301714447073,0.23401662840987467,0.41603326327509693,0.3499501083150285
random_forest,attack_vs_defense,1,4.267301714447073,0.21961461521650372,0.4361285194904157,0.34425686529308064
random_forest,attack_vs_defense,2,4.267301714447073,0.2869240328349352,0.4043127847595762,0.30876318240548856
random_forest,attack_vs_defense,3,4.267301714447073,0.21466192951805194,0.4155823808430459,0.369755689638902
random_forest,attack_vs_defense,4,4.267301714447073,0.09657959186479949,0.6198876159762755,0.283532792158925
random_forest,attack_vs_defense,5,4.267301714447073,0.14509558440805945,0.5367686654312597,0.31813575016068085
random_forest,attack_vs_defense,6,4.267301714447073,0.15646679964133534,0.5367099833298169,0.30682321702884763
random_forest,attack_vs_defense,7,4.267301714447073,0.15444683055945244,0.6104524830471729,0.23510068639337453
random_forest,attack_vs_defense,8,4.267301714447073,0.2640650445482355,0.4516992109549322,0.2842357444968322
random_forest,attack_vs_defense,9,4.267301714447073,0.6949296377768605,0.11796107283253641,0.18710928939060323
random_forest,attack_vs_defense,10,4.267301714447073,0.6430817637179348,0.1801691715539467,0.17674906472811822
random_forest,attack_vs_defense,11,4.267301714447073,0.18366161023238356,0.4222598820456143,0.3940785077220021
random_forest,attack_vs_defense,12,4.267301714447073,0.23566884894163445,0.38018178448243134,0.3841493665759342
random_forest,attack_vs_defense,13,4.267301714447073,0.30153985843438086,0.3880562155570921,0.31040392600852723
random_forest,attack_vs_defense,14,4.267301714447073,0.745804326783804,0.04874819184717413,0.20544748136902172
random_forest,attack_vs_defense,15,4.267301714447073,0.3767545506819641,0.19630017177899436,0.4269452775390417
random_forest,attack_vs_defense,16,4.267301714447073,0.7386181860709709,0.058586474214844676,0.2027953397141843
random_forest,attack_vs_defense,17,4.267301714447073,0.6942415918214428,0.0715061323267592,0.23425227585179795
random_forest,attack_vs_defense,18,4.267301714447073,0.7012540671415398,0.04846999517558815,0.25027593768287193
random_forest,attack_vs_defense,19,4.267301714447073,0.14690815282516106,0.515071716139148,0.3380201310356905
random_forest,attack_vs_defense,20,4.267301714447073,0.545394248406364,0.11073978042804487,0.34386597116559114
random_forest,attack_vs_defense,21,4.267301714447073,0.09488476618320124,0.6214774324265149,0.2836378013902838
random_forest,attack_vs_defense,22,4.267301714447073,0.11190099681517644,0.671060648984994,0.21703835419982945
random_forest,attack_vs_defense,23,4.267301714447073,0.662467791395329,0.08864682810539316,0.2488853804992777
random_forest,attack_vs_defense,24,4.267301714447073,0.16630880625397546,0.5578672331337139,0.27582396061231046
random_forest,attack_vs_defense,25,4.267301714447073,0.5996279804030445,0.1182932804042453,0.28207873919271004
random_forest,attack_vs_defense,26,4.267301714447073,0.6712087321699641,0.04299824961167469,0.28579301821836123
random_forest,attack_vs_defense,27,4.267301714447073,0.16967733930952014,0.33368725110494407,0.49663540958553587
random_forest,attack_vs_defense,28,4.267301714447073,0.6480074033703527,0.13623047381365241,0.21576212281599463
random_forest,attack_vs_defense,29,4.267301714447073,0.3762783729729762,0.2893853430689209,0.334336283958103
random_forest,attack_vs_defense,30,4.267301714447073,0.11062954866288605,0.5053118652584386,0.38405858607867516
random_forest,attack_vs_defense,31,4.267301714447073,0.10815154367498675,0.6747955509727968,0.21705290535221647
random_forest,attack_vs_defense,32,4.267301714447073,0.48684702130664476,0.26419985038413035,0.2489531283092249
random_forest,attack_vs_defense,33,4.267301714447073,0.567041934077239,0.17797138029464507,0.2549866856281156
random_forest,attack_vs_defense,34,4.267301714447073,0.4432301295578947,0.3173784128055082,0.239391457636597
random_forest,attack_vs_defense,35,4.267301714447073,0.819367729778704,0.06376490830841816,0.1168673619128779
random_forest,attack_vs_defense,36,4.267301714447073,0.4475812123909703,0.2728533486810449,0.2795654389279851
random_forest,attack_vs_defense,37,4.267301714447073,0.0760105838612259,0.6819457138021593,0.2420437023366149
random_forest,attack_vs_defense,38,4.267301714447073,0.3247729036118358,0.20875996389434495,0.46646713249381927
random_forest,attack_vs_defense,39,4.267301714447073,0.7838933057663859,0.04436338506777637,0.17174330916583738
random_forest,attack_vs_defense,40,4.267301714447073,0.3718633237401727,0.3257436015879654,0.30239307467186194
random_forest,attack_vs_defense,41,4.267301714447073,0.0943214767199458,0.7061708457721528,0.1995076775079013
random_forest,attack_vs_defense,42,4.267301714447073,0.7017230540679867,0.04469860235612091,0.2535783435758922
random_forest,attack_vs_defense,43,4.267301714447073,0.28408280570820815,0.340309525095867,0.3756076691959252
random_forest,attack_vs_defense,44,4.267301714447073,0.1312043232841802,0.63214388401272,0.23665179270309966
random_forest,attack_vs_defense,45,4.267301714447073,0.43926200785485814,0.18214904159642273,0.37858895054871916
random_forest,attack_vs_defense,46,4.267301714447073,0.14508073050787446,0.558113572841363,0.29680569665076256
random_forest,attack_vs_defense,47,4.267301714447073,0.1926891126263461,0.44494838242974705,0.3623625049439068
random_forest,attack_vs_defense,48,4.267301714447073,0.794518374883986,0.08399876401416373,0.1214828611018502
random_forest,attack_vs_defense,49,4.267301714447073,0.4354970890843455,0.20435129393112147,0.36015161698453285
random_forest,attack_vs_defense,0,5.853365746619372,0.23734074221137458,0.40747632395052347,0.3551829338381019
random_forest,attack_vs_defense,1,5.853365746619372,0.22656713468424147,0.4310114935506543,0.3424213717651045
random_forest,attack_vs_defense,2,5.853365746619372,0.2920077428984017,0.40287646941010397,0.3051157876914943
random_forest,attack_vs_defense,3,5.853365746619372,0.22015383984486805,0.4125458163962865,0.3673003437588452
random_forest,attack_vs_defense,4,5.853365746619372,0.09657959186479949,0.6198876159762755,0.283532792158925
random_forest,attack_vs_defense,5,5.853365746619372,0.14509558440805945,0.5367686654312597,0.31813575016068085
random_forest,attack_vs_defense,6,5.853365746619372,0.1580101220856133,0.5367942713793511,0.3051956065350356
random_forest,attack_vs_defense,7,5.853365746619372,0.1703920133350382,0.606661314194115,0.22294667247084665
random_forest,attack_vs_defense,8,5.853365746619372,0.25737511610923935,0.44564076881549625,0.2969841150752642
random_forest,attack_vs_defense,9,5.853365746619372,0.6987513730367308,0.1045115351570144,0.19673709180625484
random_forest,attack_vs_defense,10,5.853365746619372,0.6525451675403278,0.16371162580002727,0.18374320665964475
random_forest,attack_vs_defense,11,5.853365746619372,0.18366161023238356,0.4222598820456143,0.3940785077220021
random_forest,attack_vs_defense,12,5.853365746619372,0.23507382038844807,0.38170838116560607,0.3832177984459458
random_forest,attack_vs_defense,13,5.853365746619372,0.30516585224225773,0.38900202385557175,0.3058321239021707
random_forest,attack_vs_defense,14,5.853365746619372,0.7243298221043695,0.050497304939265214,0.2251728729563651
random_forest,attack_vs_defense,15,5.853365746619372,0.3819942328172817,0.1903019518867187,0.42770381529599977
random_forest,attack_vs_defense,16,5.853365746619372,0.7326183542467309,0.05412291840416347,0.21325872734910536
random_forest,attack_vs_defense,17,5.853365746619372,0.6764214187781757,0.07259051256552036,0.2509880686563037
random_forest,attack_vs_defense,18,5.853365746619372,0.691790553226463,0.0467397169122625,0.26146972986127437
random_forest,attack_vs_defense,19,5.853365746619372,0.14690815282516106,0.515071716139148,0.3380201310356905
random_forest,attack_vs_defense,20,5.853365746619372,0.5355352370081774,0.10870366396233781,0.3557610990294849
random_forest,attack_vs_defense,21,5.853365746619372,0.09488476618320124,0.6214774324265149,0.2836378013902838
random_forest,attack_vs_defense,22,5.853365746619372,0.11344431925945438,0.6711449370345282,0.21541074370601732
random_forest,attack_vs_defense,23,5.853365746619372,0.6489148890327063,0.08316561410122246,0.26791949686607097
random_forest,attack_vs_defense,24,5.853365746619372,0.16597167160628237,0.5565954628599182,0.27743286553379937
random_forest,attack_vs_defense,25,5.853365746619372,0.5896115211204445,0.11595961820740468,0.2944288606721508
random_forest,attack_vs_defense,26,5.853365746619372,0.6668860982425965,0.036485630469004916,0.2966282712883987
random_forest,attack_vs_defense,27,5.853365746619372,0.16943945738835517,0.33111188148038656,0.49944866113125835
random_forest,attack_vs_defense,28,5.853365746619372,0.639370486435377,0.13071832742064973,0.2299111861439731
random_forest,attack_vs_defense,29,5.853365746619372,0.4042895854595688,0.2850441882097691,0.31066622633066227
random_forest,attack_vs_defense,30,5.853365746619372,0.11919035747342956,0.5042285968097499,0.3765810457168204
random_forest,attack_vs_defense,31,5.853365746619372,0.10781440902729365,0.673523780699001,0.21866181027370538
random_forest,attack_vs_defense,32,5.853365746619372,0.5103265064899555,0.24530051806167097,0.24437297544837364
random_forest,attack_vs_defense,33,5.853365746619372,0.5729825207472754,0.18261615584129023,0.24440132341143408
random_forest,attack_vs_defense,34,5.853365746619372,0.4616816356907298,0.3018264500231169,0.23649191428615327
random_forest,attack_vs_defense,35,5.853365746619372,0.7949034149901776,0.06518375852826068,0.13991282648156161
random_forest,attack_vs_defense,36,5.853365746619372,0.4577452552178576,0.2717158086176369,0.27053893616450586
random_forest,attack_vs_defense,37,5.853365746619372,0.0760105838612259,0.6819457138021593,0.2420437023366149
random_forest,attack_vs_defense,38,5.853365746619372,0.3220455595132057,0.2035319436895265,0.47442249679726767
random_forest,attack_vs_defense,39,5.853365746619372,0.7748316432033141,0.04251464913466835,0.1826537076620172
random_forest,attack_vs_defense,40,5.853365746619372,0.40431001962879365,0.30974448977927,0.28594549059193636
random_forest,attack_vs_defense,41,5.853365746619372,0.09586479916422375,0.706255133821687,0.19788006701408914
random_forest,attack_vs_defense,42,5.853365746619372,0.7026237712404528,0.04152569251313037,0.25585053624641657
random_forest,attack_vs_defense,43,5.853365746619372,0.2758534560426195,0.3447923762243981,0.37935416773298253
random_forest,attack_vs_defense,44,5.853365746619372,0.13086718863648708,0.6308721137389242,0.2382606976245886
random_forest,attack_vs_defense,45,5.853365746619372,0.44956421999325397,0.18273670936951877,0.3676990706372272
random_forest,attack_vs_defense,46,5.853365746619372,0.14508073050787446,0.558113572841363,0.29680569665076256
random_forest,attack_vs_defense,47,5.853365746619372,0.20444907763315412,0.45029554199206573,0.34525538037478
random_forest,attack_vs_defense,48,5.853365746619372,0.7863166171274877,0.08012727485721023,0.13355610801530174
random_forest,attack_vs_defense,49,5.853365746619372,0.44372024871964655,0.20074731665567128,0.35553243462468204
random_forest,attack_vs_defense,0,7.355834352113736,0.2386989494485331,0.40950551628569115,0.3517955342657757
random_forest,attack_vs_defense,1,7.355834352113736,0.22656713468424147,0.4310114935506543,0.3424213717651045
random_forest,attack_vs_defense,2,7.355834352113736,0.3060714762353635,0.39063718340287806,0.30329134036175837
random_forest,attack_vs_defense,3,7.355834352113736,0.2178246128486435,0.4113552202076706,0.3708201669436857
random_forest,attack_vs_defense,4,7.355834352113736,0.09657959186479949,0.6198876159762755,0.283532792158925
random_forest,attack_vs_defense,5,7.355834352113736,0.14509558440805945,0.5367686654312597,0.31813575016068085
random_forest,attack_vs_defense,6,7.355834352113736,0.1580101220856133,0.5367942713793511,0.3051956065350356
random_forest,attack_vs_defense,7,7.355834352113736,0.17691414387233514,0.6060549185897447,0.21703093753792002
random_forest,attack_vs_defense,8,7.355834352113736,0.25609104801452504,0.4376092816521675,0.30629967033330724
random_forest,attack_vs_defense,9,7.355834352113736,0.6830967029043729,0.10827437362737774,0.20862892346824943
random_forest,attack_vs_defense,10,7.355834352113736,0.6456375436866962,0.1693680237699232,0.18499443254338047
random_forest,attack_vs_defense,11,7.355834352113736,0.18366161023238356,0.4222598820456143,0.3940785077220021
random_forest,attack_vs_defense,12,7.355834352113736,0.2426278609248187,0.36785672039545464,0.3895154186797265
random_forest,attack_vs_defense,13,7.355834352113736,0.30231805868920164,0.3824451942716203,0.31523674703917803
random_forest,attack_vs_defense,14,7.355834352113736,0.722862519890571,0.04528259533412376,0.23185488477530505
random_forest,attack_vs_defense,15,7.355834352113736,0.3789313666402605,0.18832829452038688,0.43274033883935276
random_forest,attack_vs_defense,16,7.355834352113736,0.7251022551369394,0.051994180364544174,0.22290356449851614
random_forest,attack_vs_defense,17,7.355834352113736,0.6919275869800496,0.0646993596197611,0.24337305340018914
random_forest,attack_vs_defense,18,7.355834352113736,0.6911021678036832,0.046334548840749994,0.2625632833555669
random_forest,attack_vs_defense,19,7.355834352113736,0.14690815282516106,0.515071716139148,0.3380201310356905
random_forest,attack_vs_defense,20,7.355834352113736,0.5555165385671498,0.10261697770060853,0.3418664837322419
random_forest,attack_vs_defense,21,7.355834352113736,0.09488476618320124,0.6214774324265149,0.2836378013902838
random_forest,attack_vs_defense,22,7.355834352113736,0.11344431925945438,0.6711449370345282,0.21541074370601732
random_forest,attack_vs_defense,23,7.355834352113736,0.6463459942828516,0.08063251671902248,0.27302148899812567
random_forest,attack_vs_defense,24,7.355834352113736,0.16597167160628237,0.5565954628599182,0.27743286553379937
random_forest,attack_vs_defense,25,7.355834352113736,0.6033119610375423,0.10825283857850693,0.2884352003839508
random_forest,attack_vs_defense,26,7.355834352113736,0.6512462968285394,0.032468878508895495,0.3162848246625652
random_forest,attack_vs_defense,27,7.355834352113736,0.1729047730815888,0.32659346164834246,0.5005017652700688
random_forest,attack_vs_defense,28,7.355834352113736,0.6371991542945868,0.1292065181683888,0.23359432753702405
random_forest,attack_vs_defense,29,7.355834352113736,0.40530153534693686,0.28664174749686044,0.30805671715620286
random_forest,attack_vs_defense,30,7.355834352113736,0.11896334087323816,0.5023544351660308,0.378682223960731
random_forest,attack_vs_defense,31,7.355834352113736,0.10781440902729365,0.673523780699001,0.21866181027370538
random_forest,attack_vs_defense,32,7.355834352113736,0.5098024107129047,0.2458246138387217,0.24437297544837364
random_forest,attack_vs_defense,33,7.355834352113736,0.5586033425525793,0.1820214491379227,0.25937520830949773
random_forest,attack_vs_defense,34,7.355834352113736,0.46880898736013304,0.2980107784991418,0.23318023414072522
random_forest,attack_vs_defense,35,7.355834352113736,0.7932492417756906,0.05626630478353461,0.15048445344077485
random_forest,attack_vs_defense,36,7.355834352113736,0.47122565295382285,0.267564937141393,0.2612094099047844
random_forest,attack_vs_defense,37,7.355834352113736,0.0760105838612259,0.6819457138021593,0.2420437023366149
random_forest,attack_vs_defense,38,7.355834352113736,0.3369458144165924,0.2118122153690454,0.45124197021436213
random_forest,attack_vs_defense,39,7.355834352113736,0.77021881878525,0.03887810438478816,0.19090307682996166
random_forest,attack_vs_defense,40,7.355834352113736,0.39791880857760337,0.3067819297228677,0.29529926169952886
random_forest,attack_vs_defense,41,7.355834352113736,0.09586479916422375,0.706255133821687,0.19788006701408914
random_forest,attack_vs_defense,42,7.355834352113736,0.6876689554197153,0.039103277644564546,0.27322776693572
random_forest,attack_vs_defense,43,7.355834352113736,0.2909728071068773,0.33954302709790074,0.3694841657952222
random_forest,attack_vs_defense,44,7.355834352113736,0.13086718863648708,0.6308721137389242,0.2382606976245886
random_forest,attack_vs_defense,45,7.355834352113736,0.4504093440159347,0.18710548436878274,0.36248517161528243
random_forest,attack_vs_defense,46,7.355834352113736,0.14508073050787446,0.558113572841363,0.29680569665076256
random_forest,attack_vs_defense,47,7.355834352113736,0.20573759250280665,0.44634716254757234,0.34791524494962084
random_forest,attack_vs_defense,48,7.355834352113736,0.7808821704750221,0.0811803519143378,0.13793747761063996
random_forest,attack_vs_defense,49,7.355834352113736,0.451390463214924,0.19995885933559407,0.3486506774494818
random_forest,attack_vs_defense,0,9.074110925816266,0.2536167548297722,0.4090629289015241,0.3373203162687037
random_forest,attack_vs_defense,1,9.074110925816266,0.24315836742779007,0.4213537170444041,0.3354879155278061
random_forest,attack_vs_defense,2,9.074110925816266,0.311136942241509,0.38652303759539586,0.302340020163095
random_forest,attack_vs_defense,3,9.074110925816266,0.22688527901653344,0.4094441352136742,0.36367058576979233
random_forest,attack_vs_defense,4,9.074110925816266,0.10563439444677901,0.6147493940596788,0.27961621149354227
random_forest,attack_vs_defense,5,9.074110925816266,0.16783590535588086,0.5271215675338207,0.30504252711029844
random_forest,attack_vs_defense,6,9.074110925816266,0.1670547885048069,0.5371693795373965,0.29577583195779655
random_forest,attack_vs_defense,7,9.074110925816266,0.18886124482043254,0.6056741030414098,0.20546465213815757
random_forest,attack_vs_defense,8,9.074110925816266,0.2733407343539696,0.4402401649976731,0.2864191006483571
random_forest,attack_vs_defense,9,9.074110925816266,0.6940554528705755,0.10316730443745337,0.20277724269197106
random_forest,attack_vs_defense,10,9.074110925816266,0.6663710736043106,0.1446169483280866,0.1890119780676027
random_forest,attack_vs_defense,11,9.074110925816266,0.19611825526803475,0.41841581081224916,0.3854659339197162
random_forest,attack_vs_defense,12,9.074110925816266,0.2754244157021585,0.3570598516385281,0.3675157326593134
random_forest,attack_vs_defense,13,9.074110925816266,0.31136569841084966,0.3834470501331573,0.30518725145599307
random_forest,attack_vs_defense,14,9.074110925816266,0.790064451006465,0.03354917007200882,0.17638637892152606
random_forest,attack_vs_defense,15,9.074110925816266,0.43800987343260195,0.1665247848236184,0.3954653417437797
random_forest,attack_vs_defense,16,9.074110925816266,0.7595832660947804,0.0402478054850904,0.2001689284201291
random_forest,attack_vs_defense,17,9.074110925816266,0.7441619827153176,0.0484654056226328,0.2073726116620497
random_forest,attack_vs_defense,18,9.074110925816266,0.7484544380267698,0.041899315419656,0.2096462465535742
random_forest,attack_vs_defense,19,9.074110925816266,0.16229117231935872,0.5127969847592896,0.32491184292135145
random_forest,attack_vs_defense,20,9.074110925816266,0.6083859315051837,0.08054172916146425,0.31107233933335204
random_forest,attack_vs_defense,21,9.074110925816266,0.11928673768935556,0.6082799926776438,0.27243326963300063
random_forest,attack_vs_defense,22,9.074110925816266,0.12539142020755176,0.6707641214861932,0.2038444583062549
random_forest,attack_vs_defense,23,9.074110925816266,0.6661730516246224,0.08520871189378326,0.24861823648159395
random_forest,attack_vs_defense,24,9.074110925816266,0.1793204403750688,0.5507992242001081,0.2698803354248231
random_forest,attack_vs_defense,25,9.074110925816266,0.6408412357181128,0.08698820888552182,0.27217055539636525
random_forest,attack_vs_defense,26,9.074110925816266,0.6720385238990648,0.023683690495669565,0.3042777856052655
random_forest,attack_vs_defense,27,9.074110925816266,0.19099316955789683,0.3259154135687046,0.4830914168733986
random_forest,attack_vs_defense,28,9.074110925816266,0.6921379596128913,0.1174709357922646,0.19039110459484407
random_forest,attack_vs_defense,29,9.074110925816266,0.408464694147199,0.283466704576471,0.30806860127633
random_forest,attack_vs_defense,30,9.074110925816266,0.12814084753989072,0.49302433640070426,0.3788348160594049
random_forest,attack_vs_defense,31,9.074110925816266,0.11354338101280242,0.6690175679950494,0.2174390509921481
random_forest,attack_vs_defense,32,9.074110925816266,0.5087417869301728,0.2230799409932148,0.26817827207661216
random_forest,attack_vs_defense,33,9.074110925816266,0.6260209182620279,0.16005392832911675,0.21392515340885498
random_forest,attack_vs_defense,34,9.074110925816266,0.4926367435692329,0.2613518716716812,0.24601138475908593
random_forest,attack_vs_defense,35,9.074110925816266,0.8432020087948348,0.04221245153387204,0.11458553967129308
random_forest,attack_vs_defense,36,9.074110925816266,0.4907499356783749,0.2660312617383824,0.24321880258324283
random_forest,attack_vs_defense,37,9.074110925816266,0.08762344782337468,0.6789584236697896,0.23341812850683588
random_forest,attack_vs_defense,38,9.074110925816266,0.3966577590860618,0.21868502635246703,0.38465721456147123
random_forest,attack_vs_defense,39,9.074110925816266,0.8484956566163203,0.026175640820758198,0.12532870256292153
random_forest,attack_vs_defense,40,9.074110925816266,0.40237310944216204,0.3003242716721665,0.2973026188856714
random_forest,attack_vs_defense,41,9.074110925816266,0.11121460099465824,0.7068287355331337,0.18195666347220799
random_forest,attack_vs_defense,42,9.074110925816266,0.6695155895822454,0.020851830456011217,0.30963257996174315
random_forest,attack_vs_defense,43,9.074110925816266,0.3121212444357409,0.3329118101864842,0.354966945377775
random_forest,attack_vs_defense,44,9.074110925816266,0.13775296290041975,0.6226295603069393,0.2396174767926409
random_forest,attack_vs_defense,45,9.074110925816266,0.5097780504046182,0.16814648500044416,0.3220754645949377
random_forest,attack_vs_defense,46,9.074110925816266,0.16682359500485924,0.5533049641876191,0.2798714408075217
random_forest,attack_vs_defense,47,9.074110925816266,0.2297514192696516,0.43619353695642804,0.3340550437739203
random_forest,attack_vs_defense,48,9.074110925816266,0.8228051254206795,0.06722469942417872,0.10997017515514194
random_forest,attack_vs_defense,49,9.074110925816266,0.5029023635440163,0.16906322496795226,0.32803441148803114
random_forest,attack_vs_defense,0,11.704674401219117,0.25769294144060934,0.4051985520988896,0.33710850646050106
random_forest,attack_vs_defense,1,11.704674401219117,0.23944177038911765,0.42152684177498084,0.33903138783590175
random_forest,attack_vs_defense,2,11.704674401219117,0.311136942241509,0.38652303759539586,0.302340020163095
random_forest,attack_vs_defense,3,11.704674401219117,0.22688527901653344,0.4094441352136742,0.36367058576979233
random_forest,attack_vs_defense,4,11.704674401219117,0.10563439444677901,0.6147493940596788,0.27961621149354227
random_forest,attack_vs_defense,5,11.704674401219117,0.173080117087641,0.5183338834939647,0.3085859994183941
random_forest,attack_vs_defense,6,11.704674401219117,0.1670547885048069,0.5371693795373965,0.29577583195779655
random_forest,attack_vs_defense,7,11.704674401219117,0.18886124482043254,0.6056741030414098,0.20546465213815757
random_forest,attack_vs_defense,8,11.704674401219117,0.2754963054846686,0.43777457081215765,0.28672912370317355
random_forest,attack_vs_defense,9,11.704674401219117,0.7041829033167898,0.10119974833499361,0.19461734834821645
random_forest,attack_vs_defense,10,11.704674401219117,0.672124164938464,0.13973020019365384,0.18814563486788197
random_forest,attack_vs_defense,11,11.704674401219117,0.190091080183292,0.4185103284304336,0.39139859138627453
random_forest,attack_vs_defense,12,11.704674401219117,0.2693972406174157,0.35715436925671257,0.3734483901258718
random_forest,attack_vs_defense,13,11.704674401219117,0.30785450769274486,0.3816415585135473,0.3105039337937079
random_forest,attack_vs_defense,14,11.704674401219117,0.7938958744234128,0.029869097991807522,0.1762350275847797
random_forest,attack_vs_defense,15,11.704674401219117,0.44102369575631156,0.16206477115344878,0.39691153309023974
random_forest,attack_vs_defense,16,11.704674401219117,0.77062182382266,0.03323388364124175,0.1961442925360982
random_forest,attack_vs_defense,17,11.704674401219117,0.754429021093871,0.046768858998746006,0.19880211990738295
random_forest,attack_vs_defense,18,11.704674401219117,0.7582320095122194,0.037087263197703293,0.20468072729007755
random_forest,attack_vs_defense,19,11.704674401219117,0.16229117231935872,0.5127969847592896,0.32491184292135145
random_forest,attack_vs_defense,20,11.704674401219117,0.6135517264928833,0.07515609857975535,0.31129217492736155
random_forest,attack_vs_defense,21,11.704674401219117,0.1132595626046128,0.6083745102958281,0.27836592709955893
random_forest,attack_vs_defense,22,11.704674401219117,0.12539142020755176,0.6707641214861932,0.2038444583062549
random_forest,attack_vs_defense,23,11.704674401219117,0.6720618684983775,0.08314346459003286,0.24479466691158927
random_forest,attack_vs_defense,24,11.704674401219117,0.1793204403750688,0.5507992242001081,0.2698803354248231
random_forest,attack_vs_defense,25,11.704674401219117,0.645932898991204,0.08436954121713214,0.2696975597916637
random_forest,attack_vs_defense,26,11.704674401219117,0.6645407830341259,0.024847470527656058,0.3106117464382182
random_forest,attack_vs_defense,27,11.704674401219117,0.19099316955789683,0.3259154135687046,0.4830914168733986
random_forest,attack_vs_defense,28,11.704674401219117,0.7065984570770585,0.11498373889193665,0.1784178040310049
random_forest,attack_vs_defense,29,11.704674401219117,0.4073043283236258,0.2806269294423632,0.31206874223401104
random_forest,attack_vs_defense,30,11.704674401219117,0.12814084753989072,0.49302433640070426,0.3788348160594049
random_forest,attack_vs_defense,31,11.704674401219117,0.11354338101280242,0.6690175679950494,0.2174390509921481
random_forest,attack_vs_defense,32,11.704674401219117,0.5057660116101584,0.22149437919213902,0.27273960919770235
random_forest,attack_vs_defense,33,11.704674401219117,0.6289043230091639,0.16206026956177114,0.20903540742906457
random_forest,attack_vs_defense,34,11.704674401219117,0.5072406131943507,0.25035166005006065,0.24240772675558875
random_forest,attack_vs_defense,35,11.704674401219117,0.8529606810749099,0.04036602403209569,0.10667329489299428
random_forest,attack_vs_defense,36,11.704674401219117,0.48921824344410975,0.2640961517941912,0.24668560476169912
random_forest,attack_vs_defense,37,11.704674401219117,0.08762344782337468,0.6789584236697896,0.23341812850683588
random_forest,attack_vs_defense,38,11.704674401219117,0.39970015640292483,0.21660224158879746,0.3836976020082776
random_forest,attack_vs_defense,39,11.704674401219117,0.8569660591459299,0.02331221354724812,0.11972172730682197
random_forest,attack_vs_defense,40,11.704674401219117,0.3885673293105831,0.29959498394802303,0.3118376867413937
random_forest,attack_vs_defense,41,11.704674401219117,0.11121460099465824,0.7068287355331337,0.18195666347220799
random_forest,attack_vs_defense,42,11.704674401219117,0.6744489037169807,0.02019629082994004,0.3053548054530791
random_forest,attack_vs_defense,43,11.704674401219117,0.3121212444357409,0.3329118101864842,0.354966945377775
random_forest,attack_vs_defense,44,11.704674401219117,0.13775296290041975,0.6226295603069393,0.2396174767926409
random_forest,attack_vs_defense,45,11.704674401219117,0.5318341537747797,0.1611907975087349,0.30697504871648534
random_forest,attack_vs_defense,46,11.704674401219117,0.17303947134285944,0.5443441554171865,0.2826163732399541
random_forest,attack_vs_defense,47,11.704674401219117,0.22372424418490877,0.43628805457461245,0.3399877012404786
random_forest,attack_vs_defense,48,11.704674401219117,0.8458969033891178,0.062017760817460965,0.0920853357934212
random_forest,attack_vs_defense,49,11.704674401219117,0.5074628452096183,0.17100381257331052,0.3215333422170708
random_forest,attack_vs_defense,0,15.490258797887389,0.25769294144060934,0.4051985520988896,0.33710850646050106
random_forest,attack_vs_defense,1,15.490258797887389,0.23944177038911765,0.42152684177498084,0.33903138783590175
random_forest,attack_vs_defense,2,15.490258797887389,0.311136942241509,0.38652303759539586,0.302340020163095
random_forest,attack_vs_defense,3,15.490258797887389,0.22688527901653344,0.4094441352136742,0.36367058576979233
random_forest,attack_vs_defense,4,15.490258797887389,0.10563439444677901,0.6147493940596788,0.27961621149354227
random_forest,attack_vs_defense,5,15.490258797887389,0.173080117087641,0.5183338834939647,0.3085859994183941
random_forest,attack_vs_defense,6,15.490258797887389,0.1670547885048069,0.5371693795373965,0.29577583195779655
random_forest,attack_vs_defense,7,15.490258797887389,0.18886124482043254,0.6056741030414098,0.20546465213815757
random_forest,attack_vs_defense,8,15.490258797887389,0.2754963054846686,0.43777457081215765,0.28672912370317355
random_forest,attack_vs_defense,9,15.490258797887389,0.7069867555142312,0.09702116615479582,0.19599207833097312
random_forest,attack_vs_defense,10,15.490258797887389,0.672124164938464,0.13973020019365384,0.18814563486788197
random_forest,attack_vs_defense,11,15.490258797887389,0.190091080183292,0.4185103284304336,0.39139859138627453
random_forest,attack_vs_defense,12,15.490258797887389,0.2693972406174157,0.35715436925671257,0.3734483901258718
random_forest,attack_vs_defense,13,15.490258797887389,0.30785450769274486,0.3816415585135473,0.3105039337937079
random_forest,attack_vs_defense,14,15.490258797887389,0.7792603647320232,0.028786467054248015,0.19195316821372874
random_forest,attack_vs_defense,15,15.490258797887389,0.43730669586274434,0.16244364611891107,0.4002496580183446
random_forest,attack_vs_defense,16,15.490258797887389,0.7812165100820003,0.0314586528388679,0.1873248370791316
random_forest,attack_vs_defense,17,15.490258797887389,0.7466729791550551,0.04502251109223951,0.2083045097527053
random_forest,attack_vs_defense,18,15.490258797887389,0.7443163559765643,0.03381982732535459,0.2218638166980814
random_forest,attack_vs_defense,19,15.490258797887389,0.16229117231935872,0.5127969847592896,0.32491184292135145
random_forest,attack_vs_defense,20,15.490258797887389,0.6135517264928833,0.07515609857975535,0.31129217492736155
random_forest,attack_vs_defense,21,15.490258797887389,0.1132595626046128,0.6083745102958281,0.27836592709955893
random_forest,attack_vs_defense,22,15.490258797887389,0.12539142020755176,0.6707641214861932,0.2038444583062549
random_forest,attack_vs_defense,23,15.490258797887389,0.6804051897946995,0.07807781470471055,0.24151699550058944
random_forest,attack_vs_defense,24,15.490258797887389,0.1793204403750688,0.5507992242001081,0.2698803354248231
random_forest,attack_vs_defense,25,15.490258797887389,0.6513499299428458,0.08303063330099258,0.26561943675616145
random_forest,attack_vs_defense,26,15.490258797887389,0.6527007974017321,0.021917585356409183,0.3253816172418588
random_forest,attack_vs_defense,27,15.490258797887389,0.19099316955789683,0.3259154135687046,0.4830914168733986
random_forest,attack_vs_defense,28,15.490258797887389,0.7017947617908519,0.11324522838289082,0.18496000982625727
random_forest,attack_vs_defense,29,15.490258797887389,0.4073043283236258,0.2806269294423632,0.31206874223401104
random_forest,attack_vs_defense,30,15.490258797887389,0.13380615704241952,0.4890342634724989,0.3771595794850815
random_forest,attack_vs_defense,31,15.490258797887389,0.12086244157671545,0.6684481815687203,0.21068937685456413
random_forest,attack_vs_defense,32,15.490258797887389,0.5057660116101584,0.22149437919213902,0.27273960919770235
random_forest,attack_vs_defense,33,15.490258797887389,0.627106635087378,0.15721487723277724,0.21567848767984435
random_forest,attack_vs_defense,34,15.490258797887389,0.5029664533179182,0.2497651808650885,0.2472683658169934
random_forest,attack_vs_defense,35,15.490258797887389,0.8480405647589261,0.03965029057793722,0.11230914466313664
random_forest,attack_vs_defense,36,15.490258797887389,0.48921824344410975,0.2640961517941912,0.24668560476169912
random_forest,attack_vs_defense,37,15.490258797887389,0.09328875732590348,0.674968350741584,0.23174289193251243
random_forest,attack_vs_defense,38,15.490258797887389,0.39970015640292483,0.21660224158879746,0.3836976020082776
random_forest,attack_vs_defense,39,15.490258797887389,0.846431790994433,0.021464508562633003,0.13210370044293399
random_forest,attack_vs_defense,40,15.490258797887389,0.3885673293105831,0.29959498394802303,0.3118376867413937
random_forest,attack_vs_defense,41,15.490258797887389,0.11121460099465824,0.7068287355331337,0.18195666347220799
random_forest,attack_vs_defense,42,15.490258797887389,0.663896634791907,0.018999301110397996,0.3171040640976949
random_forest,attack_vs_defense,43,15.490258797887389,0.3121212444357409,0.3329118101864842,0.354966945377775
random_forest,attack_vs_defense,44,15.490258797887389,0.13775296290041975,0.6226295603069393,0.2396174767926409
random_forest,attack_vs_defense,45,15.490258797887389,0.5281171538812125,0.16156967247419718,0.31031317364459027
random_forest,attack_vs_defense,46,15.490258797887389,0.17303947134285944,0.5443441554171865,0.2826163732399541
random_forest,attack_vs_defense,47,15.490258797887389,0.22372424418490877,0.43628805457461245,0.3399877012404786
random_forest,attack_vs_defense,48,15.490258797887389,0.8473870158643152,0.060829788761091956,0.09178319537459279
random_forest,attack_vs_defense,49,15.490258797887389,0.5074628452096183,0.17100381257331052,0.3215333422170708
random_forest,midfield_diff,0,-14.520495088213998,0.2057546667948277,0.455433161308163,0.33881217189700935
random_forest,midfield_diff,1,-14.520495088213998,0.11078405503915001,0.5443557898671411,0.3448601550937094
random_forest,midfield_diff,2,-14.520495088213998,0.236959513376833,0.5248214591555085,0.2382190274676584
random_forest,midfield_diff,3,-14.520495088213998,0.18477443659797474,0.4316693283994537,0.3835562350025714
random_forest,midfield_diff,4,-14.520495088213998,0.018431704690465324,0.7200429674530961,0.2615253278564384
random_forest,midfield_diff,5,-14.520495088213998,0.05441492318563695,0.6970667474621631,0.24851832935219986
random_forest,midfield_diff,6,-14.520495088213998,0.06184504296079917,0.6643919869441136,0.27376297009508715
random_forest,midfield_diff,7,-14.520495088213998,0.088100808191219,0.7015689475257939,0.210330244282987
random_forest,midfield_diff,8,-14.520495088213998,0.19460693307427326,0.5204091087944228,0.28498395813130367
random_forest,midfield_diff,9,-14.520495088213998,0.5879969173312749,0.15329723433971099,0.2587058483290139
random_forest,midfield_diff,10,-14.520495088213998,0.6039800281670574,0.22457873135273257,0.17144124048020984
random_forest,midfield_diff,11,-14.520495088213998,0.10207835258538178,0.49524346175845363,0.4026781856561647
random_forest,midfield_diff,12,-14.520495088213998,0.14992741680322522,0.465446660726826,0.3846259224699484
random_forest,midfield_diff,13,-14.520495088213998,0.219131452387015,0.5255721355573684,0.2552964120556166
random_forest,midfield_diff,14,-14.520495088213998,0.6836943458623735,0.1122868474858839,0.20401880665174235
random_forest,midfield_diff,15,-14.520495088213998,0.3526018388814624,0.2671455095985927,0.380252651519945
random_forest,midfield_diff,16,-14.520495088213998,0.6691553807392158,0.08292824092904197,0.24791637833174227
random_forest,midfield_diff,17,-14.520495088213998,0.6124410036742435,0.129624511472554,0.25793448485320236
random_forest,midfield_diff,18,-14.520495088213998,0.6713457121240234,0.09612713732783286,0.23252715054814335
random_forest,midfield_diff,19,-14.520495088213998,0.07526578715725611,0.5508373113469859,0.37389690149575766
random_forest,midfield_diff,20,-14.520495088213998,0.5492599086591038,0.10102828170227669,0.3497118096386196
random_forest,midfield_diff,21,-14.520495088213998,0.029866516410406257,0.7090777067866955,0.2610557768028981
random_forest,midfield_diff,22,-14.520495088213998,0.037633655733692185,0.8399150825146194,0.12245126175168851
random_forest,midfield_diff,23,-14.520495088213998,0.5709317754425599,0.14579022211817821,0.28327800243926127
random_forest,midfield_diff,24,-14.520495088213998,0.12224146799060309,0.6649138997112014,0.21284463229819553
random_forest,midfield_diff,25,-14.520495088213998,0.5709635394826044,0.1336573872401904,0.29537907327720464
random_forest,midfield_diff,26,-14.520495088213998,0.5996326658156445,0.05697525613974331,0.3433920780446122
random_forest,midfield_diff,27,-14.520495088213998,0.13098299702322344,0.4102427463193439,0.4587742566574327
random_forest,midfield_diff,28,-14.520495088213998,0.5431537150744409,0.2182410462256578,0.23860523869990113
random_forest,midfield_diff,29,-14.520495088213998,0.38974048768727904,0.29761764709993427,0.3126418652127868
random_forest,midfield_diff,30,-14.520495088213998,0.04118745033973736,0.6050850325596004,0.35372751710066225
random_forest,midfield_diff,31,-14.520495088213998,0.018654066034803154,0.753952130386018,0.2273938035791788
random_forest,midfield_diff,32,-14.520495088213998,0.4459455698624697,0.3033384051033171,0.25071602503421336
random_forest,midfield_diff,33,-14.520495088213998,0.5456024217750541,0.23257186945081174,0.2218257087741338
random_forest,midfield_diff,34,-14.520495088213998,0.3756759455209346,0.37386263636283273,0.2504614181162327
random_forest,midfield_diff,35,-14.520495088213998,0.6664408693171987,0.1199101574502091,0.21364897323259194
random_forest,midfield_diff,36,-14.520495088213998,0.3347201875272239,0.3112542410534685,0.3540255714193075
random_forest,midfield_diff,37,-14.520495088213998,0.02094499718832879,0.8328203891317091,0.14623461367996204
random_forest,midfield_diff,38,-14.520495088213998,0.31954294926627363,0.27656814773983945,0.40388890299388674
random_forest,midfield_diff,39,-14.520495088213998,0.7565452898754365,0.06919358241335836,0.1742611277112053
random_forest,midfield_diff,40,-14.520495088213998,0.3148476721830429,0.3760916161199334,0.3090607116970237
random_forest,midfield_diff,41,-14.520495088213998,0.01658847538249449,0.8203156851299543,0.16309583948755116
random_forest,midfield_diff,42,-14.520495088213998,0.5938020295903909,0.05894202308377422,0.3472559473258348
random_forest,midfield_diff,43,-14.520495088213998,0.18978060462818844,0.42752740272793294,0.3826919926438788
random_forest,midfield_diff,44,-14.520495088213998,0.08215673911650025,0.7150462616776556,0.20279699920584413
random_forest,midfield_diff,45,-14.520495088213998,0.3418822921819518,0.2614496176608377,0.39666809015721044
random_forest,midfield_diff,46,-14.520495088213998,0.05334367936235659,0.7090852870038923,0.2375710336337508
random_forest,midfield_diff,47,-14.520495088213998,0.10491906067701585,0.5605055763991386,0.3345753629238457
random_forest,midfield_diff,48,-14.520495088213998,0.676857281566397,0.1690639501098876,0.1540787683237153
random_forest,midfield_diff,49,-14.520495088213998,0.40930756463470086,0.2505713051537611,0.34012113021153784
random_forest,midfield_diff,0,-10.930572674758265,0.2067602227212755,0.4481624424304438,0.3450773348482808
random_forest,midfield_diff,1,-10.930572674758265,0.11309072001755342,0.5348549900079902,0.35205428997445676
random_forest,midfield_diff,2,-10.930572674758265,0.23705285834091128,0.5229737256427097,0.23997341601637892
random_forest,midfield_diff,3,-10.930572674758265,0.18652069134338753,0.42473126958961616,0.3887480390669962
random_forest,midfield_diff,4,-10.930572674758265,0.02012622602885286,0.7271920175318604,0.252681756439287
random_forest,midfield_diff,5,-10.930572674758265,0.05688085153382644,0.680294723347021,0.26282442511915255
random_forest,midfield_diff,6,-10.930572674758265,0.06746773887433118,0.6420371993179917,0.2904950618076771
random_forest,midfield_diff,7,-10.930572674758265,0.07943906922534712,0.7017186965822945,0.21884223419235813
random_forest,midfield_diff,8,-10.930572674758265,0.1973655365983081,0.5193573110069533,0.2832771523947384
random_forest,midfield_diff,9,-10.930572674758265,0.5879969173312749,0.15329723433971099,0.2587058483290139
random_forest,midfield_diff,10,-10.930572674758265,0.6039800281670574,0.22457873135273257,0.17144124048020984
random_forest,midfield_diff,11,-10.930572674758265,0.10708811781359191,0.4712315612610927,0.4216803209253155
random_forest,midfield_diff,12,-10.930572674758265,0.15143774452213557,0.45490863461995357,0.3936536208579105
random_forest,midfield_diff,13,-10.930572674758265,0.22048094955379852,0.5220005760237098,0.25751847442249165
random_forest,midfield_diff,14,-10.930572674758265,0.6836943458623735,0.1122868474858839,0.20401880665174235
random_forest,midfield_diff,15,-10.930572674758265,0.3526018388814624,0.2671455095985927,0.380252651519945
random_forest,midfield_diff,16,-10.930572674758265,0.6691553807392158,0.08292824092904197,0.24791637833174227
random_forest,midfield_diff,17,-10.930572674758265,0.6124410036742435,0.129624511472554,0.25793448485320236
random_forest,midfield_diff,18,-10.930572674758265,0.6713457121240234,0.09612713732783286,0.23252715054814335
random_forest,midfield_diff,19,-10.930572674758265,0.07903294448250019,0.539680210309262,0.3812868452082377
random_forest,midfield_diff,20,-10.930572674758265,0.5492599086591038,0.10102828170227669,0.3497118096386196
random_forest,midfield_diff,21,-10.930572674758265,0.03491038661354432,0.7033451306923761,0.2617444826940796
random_forest,midfield_diff,22,-10.930572674758265,0.03683826306234559,0.8348279824096285,0.12833375452802628
random_forest,midfield_diff,23,-10.930572674758265,0.5709317754425599,0.14579022211817821,0.28327800243926127
random_forest,midfield_diff,24,-10.930572674758265,0.12694593640685167,0.6448458919390057,0.22820817165414267
random_forest,midfield_diff,25,-10.930572674758265,0.5709635394826044,0.1336573872401904,0.29537907327720464
random_forest,midfield_diff,26,-10.930572674758265,0.5996326658156445,0.05697525613974331,0.3433920780446122
random_forest,midfield_diff,27,-10.930572674758265,0.13367960744500543,0.3918029473343217,0.4745174452206729
random_forest,midfield_diff,28,-10.930572674758265,0.5431537150744409,0.2182410462256578,0.23860523869990113
random_forest,midfield_diff,29,-10.930572674758265,0.38974048768727904,0.29761764709993427,0.3126418652127868
random_forest,midfield_diff,30,-10.930572674758265,0.04475133954478499,0.5798908369163279,0.3753578235388872
random_forest,midfield_diff,31,-10.930572674758265,0.01840159956112989,0.7617314574111766,0.21986694302769313
random_forest,midfield_diff,32,-10.930572674758265,0.4459455698624697,0.3033384051033171,0.25071602503421336
random_forest,midfield_diff,33,-10.930572674758265,0.5456024217750541,0.23257186945081174,0.2218257087741338
random_forest,midfield_diff,34,-10.930572674758265,0.38086420062393606,0.3723571631856273,0.2467786361904365
random_forest,midfield_diff,35,-10.930572674758265,0.6664408693171987,0.1199101574502091,0.21364897323259194
random_forest,midfield_diff,36,-10.930572674758265,0.3347201875272239,0.3112542410534685,0.3540255714193075
random_forest,midfield_diff,37,-10.930572674758265,0.022904128793183834,0.8169658331241725,0.16013003808264373
random_forest,midfield_diff,38,-10.930572674758265,0.31954294926627363,0.27656814773983945,0.40388890299388674
random_forest,midfield_diff,39,-10.930572674758265,0.7565452898754365,0.06919358241335836,0.1742611277112053
random_forest,midfield_diff,40,-10.930572674758265,0.31726000627347534,0.36751622764265895,0.3152237660838656
random_forest,midfield_diff,41,-10.930572674758265,0.017364674173749362,0.8142343126003225,0.16840101322592782
random_forest,midfield_diff,42,-10.930572674758265,0.5938020295903909,0.05894202308377422,0.3472559473258348
random_forest,midfield_diff,43,-10.930572674758265,0.19152685937360123,0.4205893439180954,0.3878837967083036
random_forest,midfield_diff,44,-10.930572674758265,0.08327050545404054,0.7003146930133705,0.21641480153258896
random_forest,midfield_diff,45,-10.930572674758265,0.3418822921819518,0.2614496176608377,0.39666809015721044
random_forest,midfield_diff,46,-10.930572674758265,0.056482045252219636,0.6851417343421731,0.2583762204056069
random_forest,midfield_diff,47,-10.930572674758265,0.10767950878123284,0.5520068302166248,0.3403136610021426
random_forest,midfield_diff,48,-10.930572674758265,0.676857281566397,0.1690639501098876,0.1540787683237153
random_forest,midfield_diff,49,-10.930572674758265,0.40930756463470086,0.2505713051537611,0.34012113021153784
random_forest,midfield_diff,0,-8.784075077793045,0.2089023283921713,0.4424057248957131,0.3486919467121156
random_forest,midfield_diff,1,-8.784075077793045,0.11287085215501308,0.5315019855177574,0.3556271623272301
random_forest,midfield_diff,2,-8.784075077793045,0.2389576102929436,0.5230422149201368,0.23800017478691948
random_forest,midfield_diff,3,-8.784075077793045,0.18794495237815098,0.42771622480919147,0.3843388228126574
random_forest,midfield_diff,4,-8.784075077793045,0.020395208037979614,0.7242137522984274,0.25539103966359306
random_forest,midfield_diff,5,-8.784075077793045,0.057968556383918506,0.6802279298619056,0.261803513754176
random_forest,midfield_diff,6,-8.784075077793045,0.06645913331112102,0.6267824494705053,0.30675841721837366
random_forest,midfield_diff,7,-8.784075077793045,0.08116053350063092,0.7095445971180587,0.20929486938131012
random_forest,midfield_diff,8,-8.784075077793045,0.20022231673597435,0.5156413696061527,0.2841363136578727
random_forest,midfield_diff,9,-8.784075077793045,0.5879969173312749,0.15329723433971099,0.2587058483290139
random_forest,midfield_diff,10,-8.784075077793045,0.6039800281670574,0.22457873135273257,0.17144124048020984
random_forest,midfield_diff,11,-8.784075077793045,0.1075911866777477,0.4702442615529793,0.4221645517692732
random_forest,midfield_diff,12,-8.784075077793045,0.15626326110858815,0.45066014974936297,0.3930765891420487
random_forest,midfield_diff,13,-8.784075077793045,0.2218702192823178,0.5318694351335115,0.24626034558417068
random_forest,midfield_diff,14,-8.784075077793045,0.6904964643762425,0.10291907892618779,0.20658445669756956
random_forest,midfield_diff,15,-8.784075077793045,0.3562311591520479,0.26324426493872805,0.38052457590922434
random_forest,midfield_diff,16,-8.784075077793045,0.6691553807392158,0.08292824092904197,0.24791637833174227
random_forest,midfield_diff,17,-8.784075077793045,0.6124410036742435,0.129624511472554,0.25793448485320236
random_forest,midfield_diff,18,-8.784075077793045,0.6728329267237131,0.09798261020269888,0.22918446307358775
random_forest,midfield_diff,19,-8.784075077793045,0.07942079071594486,0.5309221280370083,0.38965708124704673
random_forest,midfield_diff,20,-8.784075077793045,0.5492599086591038,0.10102828170227669,0.3497118096386196
random_forest,midfield_diff,21,-8.784075077793045,0.03513395843894699,0.7141422805077418,0.25072376105331134
random_forest,midfield_diff,22,-8.784075077793045,0.03918319726367734,0.8055454949183631,0.1552713078179598
random_forest,midfield_diff,23,-8.784075077793045,0.5724189900422496,0.14764569499304422,0.27993531496470564
random_forest,midfield_diff,24,-8.784075077793045,0.12714360730630608,0.6349162100782219,0.237940182615472
random_forest,midfield_diff,25,-8.784075077793045,0.5724507540822941,0.13551286011505645,0.292036385802649
random_forest,midfield_diff,26,-8.784075077793045,0.5996326658156445,0.05697525613974331,0.3433920780446122
random_forest,midfield_diff,27,-8.784075077793045,0.14024169922995625,0.3997653509409272,0.4599929498291167
random_forest,midfield_diff,28,-8.784075077793045,0.5452958207453367,0.21248432869092712,0.24221985056373593
random_forest,midfield_diff,29,-8.784075077793045,0.39633685506885774,0.291821453282302,0.31184169164884035
random_forest,midfield_diff,30,-8.784075077793045,0.04792912067121027,0.5661672121847866,0.38590366714400326
random_forest,midfield_diff,31,-8.784075077793045,0.019422122674383386,0.7443323796754444,0.23624549765017197
random_forest,midfield_diff,32,-8.784075077793045,0.44849002086286255,0.3020927778983521,0.24941720123878552
random_forest,midfield_diff,33,-8.784075077793045,0.5470896363747438,0.23442734232567775,0.21848302129957817
random_forest,midfield_diff,34,-8.784075077793045,0.3929808988362011,0.3612767468336436,0.24574235433015526
random_forest,midfield_diff,35,-8.784075077793045,0.6664408693171987,0.1199101574502091,0.21364897323259194
random_forest,midfield_diff,36,-8.784075077793045,0.33968866008975973,0.3137476619845499,0.34656367792569026
random_forest,midfield_diff,37,-8.784075077793045,0.02354213412441342,0.8150735504468951,0.16138431542869144
random_forest,midfield_diff,38,-8.784075077793045,0.3213166334713358,0.27429581330329583,0.4043875532253682
random_forest,midfield_diff,39,-8.784075077793045,0.7565452898754365,0.06919358241335836,0.1742611277112053
random_forest,midfield_diff,40,-8.784075077793045,0.3190336904785375,0.3652438932061153,0.31572241631534703
random_forest,midfield_diff,41,-8.784075077793045,0.020320621528439064,0.8005926605936459,0.17908671787791483
random_forest,midfield_diff,42,-8.784075077793045,0.5995098237344757,0.056447241393297105,0.3440429348722271
random_forest,midfield_diff,43,-8.784075077793045,0.19741399900426418,0.41470220428743243,0.3878837967083036
random_forest,midfield_diff,44,-8.784075077793045,0.08236334578895509,0.7242857097369851,0.19335094447405987
random_forest,midfield_diff,45,-8.784075077793045,0.3455116124525373,0.25754837300097305,0.3969400145464897
random_forest,midfield_diff,46,-8.784075077793045,0.05742953608436884,0.6789764444264214,0.2635940194892097
random_forest,midfield_diff,47,-8.784075077793045,0.1087839403459439,0.556426562604677,0.3347894970493792
random_forest,midfield_diff,48,-8.784075077793045,0.676857281566397,0.1690639501098876,0.1540787683237153
random_forest,midfield_diff,49,-8.784075077793045,0.4114496703055967,0.2448145876190304,0.3437357420753728
random_forest,midfield_diff,0,-6.921410736488097,0.21540511363855888,0.4445076490381878,0.34008723732325347
random_forest,midfield_diff,1,-6.921410736488097,0.11479251750294082,0.5061694605235637,0.37903802197349584
random_forest,midfield_diff,2,-6.921410736488097,0.2385430049324684,0.5254465277036158,0.23601046736391573
random_forest,midfield_diff,3,-6.921410736488097,0.19177055550449248,0.42727961214320026,0.38094983235230706
random_forest,midfield_diff,4,-6.921410736488097,0.023015909621645028,0.7225501672064807,0.25443392317187447
random_forest,midfield_diff,5,-6.921410736488097,0.06036899973988848,0.6750972780194545,0.26453372224065724
random_forest,midfield_diff,6,-6.921410736488097,0.06838120288830817,0.6296334613368716,0.30198533577482023
random_forest,midfield_diff,7,-6.921410736488097,0.08110794987058927,0.7190516665974691,0.19984038353194114
random_forest,midfield_diff,8,-6.921410736488097,0.19814940954088453,0.5160634494481546,0.28578714101096053
random_forest,midfield_diff,9,-6.921410736488097,0.590959645241063,0.1559488174634606,0.2530915372954761
random_forest,midfield_diff,10,-6.921410736488097,0.6113607863435236,0.2261326241224031,0.16250658953407318
random_forest,midfield_diff,11,-6.921410736488097,0.11076586410740717,0.46535894354608404,0.42387519234650894
random_forest,midfield_diff,12,-6.921410736488097,0.15644005433685818,0.4469743973683984,0.3965855482947433
random_forest,midfield_diff,13,-6.921410736488097,0.21854207933867775,0.5327188000788913,0.24873912058243083
random_forest,midfield_diff,14,-6.921410736488097,0.6984718783830887,0.10000182662796103,0.20152629498895022
random_forest,midfield_diff,15,-6.921410736488097,0.359788542892216,0.26142470299458037,0.3787867541132039
random_forest,midfield_diff,16,-6.921410736488097,0.6721181086490038,0.08557982405279159,0.24230206729820455
random_forest,midfield_diff,17,-6.921410736488097,0.6149602592208211,0.12609745762589805,0.25894228315328066
random_forest,midfield_diff,18,-6.921410736488097,0.6808083407305592,0.09506535790447213,0.22412630136496836
random_forest,midfield_diff,19,-6.921410736488097,0.08405191303157834,0.5304536986135439,0.3854943883548778
random_forest,midfield_diff,20,-6.921410736488097,0.55664066683557,0.10258217447194723,0.3407771586924829
random_forest,midfield_diff,21,-6.921410736488097,0.03576686016514139,0.7181340372181652,0.24609910261669357
random_forest,midfield_diff,22,-6.921410736488097,0.040962488748271894,0.8067504566922357,0.15228705455949265
random_forest,midfield_diff,23,-6.921410736488097,0.5759763737824176,0.14582613304889655,0.27819749316868514
random_forest,midfield_diff,24,-6.921410736488097,0.1295228530132567,0.639976678444036,0.23050046854270737
random_forest,midfield_diff,25,-6.921410736488097,0.5749700096288718,0.13198580626840048,0.2930441841027273
random_forest,midfield_diff,26,-6.921410736488097,0.6070134239921106,0.05852914890941383,0.3344574270984755
random_forest,midfield_diff,27,-6.921410736488097,0.13876984662604805,0.39473404500087916,0.4664961083730728
random_forest,midfield_diff,28,-6.921410736488097,0.5553560016799334,0.2166616471681185,0.2279823511519478
random_forest,midfield_diff,29,-6.921410736488097,0.39780930706608814,0.28202882435260984,0.3201618685813022
random_forest,midfield_diff,30,-6.921410736488097,0.05076962551115249,0.5601217217274067,0.38910865276144085
random_forest,midfield_diff,31,-6.921410736488097,0.02107027553542734,0.7490155194826129,0.22991420498195958
random_forest,midfield_diff,32,-6.921410736488097,0.4499624728600929,0.29230014896865997,0.25773737817124737
random_forest,midfield_diff,33,-6.921410736488097,0.5496088919213215,0.2309002884790218,0.21949081959965647
random_forest,midfield_diff,34,-6.921410736488097,0.3960258257597055,0.35239023496363786,0.2515839392766567
random_forest,midfield_diff,35,-6.921410736488097,0.6694035972269868,0.12256174057395873,0.2080346621990542
random_forest,midfield_diff,36,-6.921410736488097,0.3444608563865305,0.3050212286283736,0.3505179149850959
random_forest,midfield_diff,37,-6.921410736488097,0.02621730522608359,0.8072138396405265,0.1665688551333898
random_forest,midfield_diff,38,-6.921410736488097,0.32910842607526464,0.27093292379279593,0.3999586501319394
random_forest,midfield_diff,39,-6.921410736488097,0.7639260480519025,0.07074747518302889,0.16532647676506865
random_forest,midfield_diff,40,-6.921410736488097,0.3119048939010505,0.3685193838008676,0.3195757222980819
random_forest,midfield_diff,41,-6.921410736488097,0.02323575761429554,0.7987189923236871,0.1780452500620172
random_forest,midfield_diff,42,-6.921410736488097,0.6020290792810534,0.052920187546641156,0.3450507331723054
random_forest,midfield_diff,43,-6.921410736488097,0.20088282398063861,0.4032341788948523,0.3958829971245092
random_forest,midfield_diff,44,-6.921410736488097,0.0867100070486712,0.726365185905201,0.18692480704612777
random_forest,midfield_diff,45,-6.921410736488097,0.3524489992958821,0.24498813650156429,0.40256286420255366
random_forest,midfield_diff,46,-6.921410736488097,0.06056358831559874,0.6762483882074363,0.26318802347696474
random_forest,midfield_diff,47,-6.921410736488097,0.1116573246251401,0.5463553642226159,0.34198731115224423
random_forest,midfield_diff,48,-6.921410736488097,0.6798200094761851,0.1717155332336372,0.14846445729017752
random_forest,midfield_diff,49,-6.921410736488097,0.42039870285259795,0.23996077959998383,0.33964051754741814
random_forest,midfield_diff,0,-5.183926386725836,0.21930487508529536,0.43059480469597516,0.35010032021872944
random_forest,midfield_diff,1,-5.183926386725836,0.11561253653782753,0.5136365165944784,0.37075094686769455
random_forest,midfield_diff,2,-5.183926386725836,0.2388529804855153,0.5235206304549282,0.23762638905955635
random_forest,midfield_diff,3,-5.183926386725836,0.19590089076976183,0.42995763471755866,0.37414147451267926
random_forest,midfield_diff,4,-5.183926386725836,0.02539801788174018,0.712889110491139,0.2617128716271208
random_forest,midfield_diff,5,-5.183926386725836,0.060580679665057195,0.6744003705081818,0.2650189498267611
random_forest,midfield_diff,6,-5.183926386725836,0.06838120288830817,0.6296334613368716,0.30198533577482023
random_forest,midfield_diff,7,-5.183926386725836,0.08469523249413403,0.7152589650068756,0.20004580249898984
random_forest,midfield_diff,8,-5.183926386725836,0.19814940954088453,0.5160634494481546,0.28578714101096053
random_forest,midfield_diff,9,-5.183926386725836,0.590959645241063,0.1559488174634606,0.2530915372954761
random_forest,midfield_diff,10,-5.183926386725836,0.6113607863435236,0.2261326241224031,0.16250658953407318
random_forest,midfield_diff,11,-5.183926386725836,0.11078830556417109,0.47045724861952154,0.41875444581630766
random_forest,midfield_diff,12,-5.183926386725836,0.16137278881363948,0.4465788586894189,0.39204835249694153
random_forest,midfield_diff,13,-5.183926386725836,0.21887788351557633,0.5346917701998799,0.24643034628454377
random_forest,midfield_diff,14,-5.183926386725836,0.7022746243286223,0.09922463902647925,0.19850073664489823
random_forest,midfield_diff,15,-5.183926386725836,0.3604144822733774,0.2577629592562645,0.38182255847035823
random_forest,midfield_diff,16,-5.183926386725836,0.6721181086490038,0.08557982405279159,0.24230206729820455
random_forest,midfield_diff,17,-5.183926386725836,0.6152960633977197,0.12807042774688662,0.25663350885539354
random_forest,midfield_diff,18,-5.183926386725836,0.6811441449074578,0.09703832802546071,0.22181752706708124
random_forest,midfield_diff,19,-5.183926386725836,0.08724979428479564,0.5340942443955741,0.37865596131963014
random_forest,midfield_diff,20,-5.183926386725836,0.55664066683557,0.10258217447194723,0.3407771586924829
random_forest,midfield_diff,21,-5.183926386725836,0.03944761039456362,0.6997912534751083,0.26076113613032814
random_forest,midfield_diff,22,-5.183926386725836,0.04247102457853268,0.8049697587883201,0.15255921663314717
random_forest,midfield_diff,23,-5.183926386725836,0.5759763737824176,0.14582613304889655,0.27819749316868514
random_forest,midfield_diff,24,-5.183926386725836,0.13332559895879048,0.6391994908425541,0.22747491019865537
random_forest,midfield_diff,25,-5.183926386725836,0.5749700096288718,0.13198580626840048,0.2930441841027273
random_forest,midfield_diff,26,-5.183926386725836,0.6070134239921106,0.05852914890941383,0.3344574270984755
random_forest,midfield_diff,27,-5.183926386725836,0.13910565080294662,0.39670701512186785,0.4641873340751857
random_forest,midfield_diff,28,-5.183926386725836,0.5553560016799334,0.2166616471681185,0.2279823511519478
random_forest,midfield_diff,29,-5.183926386725836,0.4007149495334217,0.28762643443376107,0.31165861603281747
random_forest,midfield_diff,30,-5.183926386725836,0.05230347639887539,0.5616512802971813,0.38604524330394346
random_forest,midfield_diff,31,-5.183926386725836,0.022578811365688137,0.7395934917603028,0.23782769687400893
random_forest,midfield_diff,32,-5.183926386725836,0.4594227537577315,0.2969101203709287,0.24366712587134007
random_forest,midfield_diff,33,-5.183926386725836,0.54994469609822,0.2328732586000104,0.21718204530176932
random_forest,midfield_diff,34,-5.183926386725836,0.40039962087434944,0.35700512197882356,0.24259525714682695
random_forest,midfield_diff,35,-5.183926386725836,0.6694035972269868,0.12256174057395873,0.2080346621990542
random_forest,midfield_diff,36,-5.183926386725836,0.3447360528105401,0.3070148149569241,0.3482491322325358
random_forest,midfield_diff,37,-5.183926386725836,0.03236360622315452,0.8073615569005997,0.16027483687624566
random_forest,midfield_diff,38,-5.183926386725836,0.3318060183404817,0.2716813982713436,0.39651258338817463
random_forest,midfield_diff,39,-5.183926386725836,0.7639260480519025,0.07074747518302889,0.16532647676506865
random_forest,midfield_diff,40,-5.183926386725836,0.31432567189101146,0.37017467046635133,0.31549965764263715
random_forest,midfield_diff,41,-5.183926386725836,0.027468285611252346,0.7924425996610603,0.18008911472768696
random_forest,midfield_diff,42,-5.183926386725836,0.6058318252265872,0.05214299994515937,0.3420251748282533
random_forest,midfield_diff,43,-5.183926386725836,0.20324461206895716,0.4020096832524114,0.39474570467863157
random_forest,midfield_diff,44,-5.183926386725836,0.09095647085010868,0.7310973039912657,0.17794622515862565
random_forest,midfield_diff,45,-5.183926386725836,0.3551465915610992,0.24573661098011193,0.3991167974587891
random_forest,midfield_diff,46,-5.183926386725836,0.060775268240767455,0.6755514806961637,0.2636732510630686
random_forest,midfield_diff,47,-5.183926386725836,0.11343540397024228,0.5513851313009978,0.3351794647287602
random_forest,midfield_diff,48,-5.183926386725836,0.6798200094761851,0.1717155332336372,0.14846445729017752
random_forest,midfield_diff,49,-5.183926386725836,0.42276049094091644,0.2387362839575429,0.3385032251015405
random_forest,midfield_diff,0,-3.6250137705658902,0.21472569578597314,0.4464115939893744,0.3388627102246525
random_forest,midfield_diff,1,-3.6250137705658902,0.11816269581734701,0.528163406622766,0.3536738975598876
random_forest,midfield_diff,2,-3.6250137705658902,0.24496654002982352,0.5191111105151617,0.2359223494550148
random_forest,midfield_diff,3,-3.6250137705658902,0.19815393719972593,0.43509450253322,0.3667515602670539
random_forest,midfield_diff,4,-3.6250137705658902,0.027140397401226302,0.7120522269522742,0.26080737564649953
random_forest,midfield_diff,5,-3.6250137705658902,0.06259414586715208,0.6645456053072766,0.2728602488255715
random_forest,midfield_diff,6,-3.6250137705658902,0.0722627189436504,0.5949406065386221,0.3327966745177274
random_forest,midfield_diff,7,-3.6250137705658902,0.08869771758174654,0.6786384016426391,0.2326638807756141
random_forest,midfield_diff,8,-3.6250137705658902,0.1996962828758834,0.5248163805510875,0.27548733657302893
random_forest,midfield_diff,9,-3.6250137705658902,0.5898022470779676,0.15114468317346882,0.2590530697485634
random_forest,midfield_diff,10,-3.6250137705658902,0.6136017332756333,0.22071322959429493,0.16568503713007174
random_forest,midfield_diff,11,-3.6250137705658902,0.11417951111184142,0.4697460240276272,0.4160744648605316
random_forest,midfield_diff,12,-3.6250137705658902,0.17241303156667817,0.4448309614352488,0.3827560069980729
random_forest,midfield_diff,13,-3.6250137705658902,0.22524619990621506,0.5295028786073511,0.2452509214864338
random_forest,midfield_diff,14,-3.6250137705658902,0.7095749941299664,0.09131520500120262,0.19910980086883087
random_forest,midfield_diff,15,-3.6250137705658902,0.3622053559372352,0.25965145931170475,0.3781431847510602
random_forest,midfield_diff,16,-3.6250137705658902,0.6721181086490038,0.08557982405279159,0.24230206729820455
random_forest,midfield_diff,17,-3.6250137705658902,0.6156725952914942,0.12962649364588205,0.25470091106262355
random_forest,midfield_diff,18,-3.6250137705658902,0.6811441449074578,0.09703832802546071,0.22181752706708124
random_forest,midfield_diff,19,-3.6250137705658902,0.08773582784440272,0.5302955422537101,0.381968629901887
random_forest,midfield_diff,20,-3.6250137705658902,0.55664066683557,0.10258217447194723,0.3407771586924829
random_forest,midfield_diff,21,-3.6250137705658902,0.04037864603632803,0.6906926414900368,0.26892871247363526
random_forest,midfield_diff,22,-3.6250137705658902,0.050953681346957935,0.7885386991673822,0.16050761948565986
random_forest,midfield_diff,23,-3.6250137705658902,0.5759763737824176,0.14582613304889655,0.27819749316868514
random_forest,midfield_diff,24,-3.6250137705658902,0.1331215442427317,0.6300921311884116,0.23678632456885676
random_forest,midfield_diff,25,-3.6250137705658902,0.5749700096288718,0.13198580626840048,0.2930441841027273
random_forest,midfield_diff,26,-3.6250137705658902,0.6070134239921106,0.05852914890941383,0.3344574270984755
random_forest,midfield_diff,27,-3.6250137705658902,0.13939194065871505,0.3980193342293017,0.46258872511198335
random_forest,midfield_diff,28,-3.6250137705658902,0.5553560016799334,0.2166616471681185,0.2279823511519478
random_forest,midfield_diff,29,-3.6250137705658902,0.39237397469754143,0.28659826390477255,0.32102776139768613
random_forest,midfield_diff,30,-3.6250137705658902,0.051451419634929406,0.5354761662267861,0.41307241413828466
random_forest,midfield_diff,31,-3.6250137705658902,0.025170514542780076,0.738844857921589,0.23598462753563057
random_forest,midfield_diff,32,-3.6250137705658902,0.45979928565150613,0.29846618626992405,0.24173452807857
random_forest,midfield_diff,33,-3.6250137705658902,0.5431052406961213,0.2330537522667184,0.22384100703716006
random_forest,midfield_diff,34,-3.6250137705658902,0.4074553414322746,0.35897136807740165,0.23357329049032363
random_forest,midfield_diff,35,-3.6250137705658902,0.6716445441590965,0.11714234604585054,0.21121310979505273
random_forest,midfield_diff,36,-3.6250137705658902,0.3426111082652697,0.30810453469618476,0.34928435703854555
random_forest,midfield_diff,37,-3.6250137705658902,0.03189101914246812,0.8148770146129326,0.15323196624459928
random_forest,midfield_diff,38,-3.6250137705658902,0.3269427428400349,0.27558454125767,0.3974727159022951
random_forest,midfield_diff,39,-3.6250137705658902,0.76551632090873,0.06854813810226884,0.16593554098900126
random_forest,midfield_diff,40,-3.6250137705658902,0.3269231918591164,0.369788507164047,0.30328830097683657
random_forest,midfield_diff,41,-3.6250137705658902,0.032369018943621784,0.7753698673417418,0.19226111371463606
random_forest,midfield_diff,42,-3.6250137705658902,0.6058318252265872,0.05214299994515937,0.3420251748282533
random_forest,midfield_diff,43,-3.6250137705658902,0.20172588594011906,0.40073905484907346,0.39753505921080756
random_forest,midfield_diff,44,-3.6250137705658902,0.09779358695799222,0.7163366165837045,0.18586979645830326
random_forest,midfield_diff,45,-3.6250137705658902,0.356937465224957,0.24762511103555218,0.39543742373949103
random_forest,midfield_diff,46,-3.6250137705658902,0.06413151895389087,0.6539783240174696,0.28189015702863957
random_forest,midfield_diff,47,-3.6250137705658902,0.12461676803261028,0.5477058426170036,0.3276773893503864
random_forest,midfield_diff,48,-3.6250137705658902,0.6773986069908097,0.17350015013971687,0.1491012428694734
random_forest,midfield_diff,49,-3.6250137705658902,0.423786116166638,0.23786690829880822,0.3383469755345536
random_forest,midfield_diff,0,-1.941174901821531,0.22725869253943778,0.4413475254458799,0.33139378201468234
random_forest,midfield_diff,1,-1.941174901821531,0.13149453340666387,0.5295076822656725,0.33899778432766414
random_forest,midfield_diff,2,-1.941174901821531,0.24828819666584204,0.4889057802318027,0.2628060231023552
random_forest,midfield_diff,3,-1.941174901821531,0.19244979930582054,0.433003241688053,0.37454695900612633
random_forest,midfield_diff,4,-1.941174901821531,0.03652427951154811,0.6932312835560684,0.2702444369323834
random_forest,midfield_diff,5,-1.941174901821531,0.07239113213583773,0.6644567974335688,0.2631520704305936
random_forest,midfield_diff,6,-1.941174901821531,0.08033553857079175,0.5806291706974839,0.33903529073172406
random_forest,midfield_diff,7,-1.941174901821531,0.10434456655339215,0.6532584693465614,0.24239696410004616
random_forest,midfield_diff,8,-1.941174901821531,0.2198255284746895,0.5058919913340547,0.2742824801912556
random_forest,midfield_diff,9,-1.941174901821531,0.5898022470779676,0.15114468317346882,0.2590530697485634
random_forest,midfield_diff,10,-1.941174901821531,0.6160895783087887,0.2213831872978644,0.16252723439334676
random_forest,midfield_diff,11,-1.941174901821531,0.12900524536108735,0.4853824195227887,0.385612335116124
random_forest,midfield_diff,12,-1.941174901821531,0.17558049278532795,0.4374022830627473,0.3870172241519247
random_forest,midfield_diff,13,-1.941174901821531,0.229531746937126,0.4897067491423422,0.2807615039205317
random_forest,midfield_diff,14,-1.941174901821531,0.7099783505011947,0.08929798779343488,0.20072366170537026
random_forest,midfield_diff,15,-1.941174901821531,0.3808231715595592,0.23994373015654513,0.379233098283896
random_forest,midfield_diff,16,-1.941174901821531,0.6777119170007269,0.08463483068308175,0.2376532523161914
random_forest,midfield_diff,17,-1.941174901821531,0.6287024976635691,0.12139090939105718,0.24990659294537362
random_forest,midfield_diff,18,-1.941174901821531,0.7003480941779188,0.08859179805071261,0.2110601077713684
random_forest,midfield_diff,19,-1.941174901821531,0.095769142651865,0.5296459063377941,0.3745849510103408
random_forest,midfield_diff,20,-1.941174901821531,0.5570427752162608,0.1040240645534375,0.3389331602303017
random_forest,midfield_diff,21,-1.941174901821531,0.04755892012286403,0.6899473084358257,0.2624937714413102
random_forest,midfield_diff,22,-1.941174901821531,0.05409724385052972,0.7840115119100034,0.1618912442394669
random_forest,midfield_diff,23,-1.941174901821531,0.5848840364141038,0.14433445136558462,0.27078151222031105
random_forest,midfield_diff,24,-1.941174901821531,0.14668314640466903,0.6223439549395829,0.23097289865574808
random_forest,midfield_diff,25,-1.941174901821531,0.5820453446792799,0.12474279292493141,0.29321186239578834
random_forest,midfield_diff,26,-1.941174901821531,0.6057479291691786,0.056682352332472596,0.3375697184983486
random_forest,midfield_diff,27,-1.941174901821531,0.13345249366471482,0.3716545760224852,0.4948929303128001
random_forest,midfield_diff,28,-1.941174901821531,0.5786687398942233,0.19817227732770257,0.22315898277807378
random_forest,midfield_diff,29,-1.941174901821531,0.3925975693200734,0.2679527483304786,0.339449682349448
random_forest,midfield_diff,30,-1.941174901821531,0.050614967589576364,0.49710889761775495,0.4522761347926689
random_forest,midfield_diff,31,-1.941174901821531,0.038967785477273885,0.716861259966059,0.24417095455666696
random_forest,midfield_diff,32,-1.941174901821531,0.46384662131421067,0.29727432536463344,0.2388790533211561
random_forest,midfield_diff,33,-1.941174901821531,0.5489277313518688,0.22590227267319093,0.2251699959749401
random_forest,midfield_diff,34,-1.941174901821531,0.4097187091717487,0.33251955165882113,0.25776173916943024
random_forest,midfield_diff,35,-1.941174901821531,0.6741323891922518,0.11781230374942003,0.20805530705832778
random_forest,midfield_diff,36,-1.941174901821531,0.35964507328856427,0.2773515243205413,0.3630034023908944
random_forest,midfield_diff,37,-1.941174901821531,0.04777268602515308,0.781131418294528,0.17109589568031883
random_forest,midfield_diff,38,-1.941174901821531,0.3488172738289492,0.26085530633562676,0.390327419835424
random_forest,midfield_diff,39,-1.941174901821531,0.7688492287254424,0.071499669734465,0.15965110154009274
random_forest,midfield_diff,40,-1.941174901821531,0.346542736674371,0.34817422399565273,0.30528303932997614
random_forest,midfield_diff,41,-1.941174901821531,0.04455297995383375,0.7599564034127728,0.1954906166333932
random_forest,midfield_diff,42,-1.941174901821531,0.6062351815978156,0.05012578273739161,0.34363903566479276
random_forest,midfield_diff,43,-1.941174901821531,0.2206082664483504,0.3838719567754225,0.3955197767762271
random_forest,midfield_diff,44,-1.941174901821531,0.10818889016965001,0.6997113421048025,0.19209976772554763
random_forest,midfield_diff,45,-1.941174901821531,0.3648491983526598,0.238079156420599,0.3970716452267414
random_forest,midfield_diff,46,-1.941174901821531,0.0651293628771968,0.6562265870212197,0.27864405010158333
random_forest,midfield_diff,47,-1.941174901821531,0.1322568459247937,0.5401450201276138,0.3275981339475928
random_forest,midfield_diff,48,-1.941174901821531,0.6800716595788416,0.175475912533698,0.1444524278874603
random_forest,midfield_diff,49,-1.941174901821531,0.4306990219680163,0.23343979348430252,0.33586118454768105
random_forest,midfield_diff,0,-0.3200148009005141,0.22655502084445192,0.4352132248759864,0.3382317542795617
random_forest,midfield_diff,1,-0.3200148009005141,0.15046712654695835,0.5315297133769419,0.31800316007610013
random_forest,midfield_diff,2,-0.3200148009005141,0.25507649045266606,0.4834725123241101,0.2614509972232239
random_forest,midfield_diff,3,-0.3200148009005141,0.19706210414899983,0.4406649482807698,0.36227294757023015
random_forest,midfield_diff,4,-0.3200148009005141,0.05460028038131547,0.6765846023248425,0.26881511729384217
random_forest,midfield_diff,5,-0.3200148009005141,0.08218460132795491,0.6556616534520637,0.2621537452199813
random_forest,midfield_diff,6,-0.3200148009005141,0.08913024989336303,0.5684845547816281,0.34238519532500855
random_forest,midfield_diff,7,-0.3200148009005141,0.114684490650298,0.6264697164287586,0.2588457929209431
random_forest,midfield_diff,8,-0.3200148009005141,0.22137857278017636,0.5273086457055156,0.2513127815143079
random_forest,midfield_diff,9,-0.3200148009005141,0.6093012249211622,0.1440315596753022,0.24666721540353545
random_forest,midfield_diff,10,-0.3200148009005141,0.6376514058090489,0.18818838450453282,0.17416020968641807
random_forest,midfield_diff,11,-0.3200148009005141,0.13749757927551418,0.47104009492387355,0.39146232580061224
random_forest,midfield_diff,12,-0.3200148009005141,0.18106346955752853,0.42413038133301634,0.39480614910945516
random_forest,midfield_diff,13,-0.3200148009005141,0.2419913893513719,0.46934197440284753,0.28866663624578043
random_forest,midfield_diff,14,-0.3200148009005141,0.7149163610150747,0.08417753406449248,0.2009061049204329
random_forest,midfield_diff,15,-0.3200148009005141,0.3914116359596243,0.19285984161173794,0.41572852242863784
random_forest,midfield_diff,16,-0.3200148009005141,0.6862990441791742,0.07733032939452313,0.2363706264263025
random_forest,midfield_diff,17,-0.3200148009005141,0.6364974679668833,0.11398273992429629,0.24951979210882036
random_forest,midfield_diff,18,-0.3200148009005141,0.7102902853549627,0.06935627441674817,0.22035344022828907
random_forest,midfield_diff,19,-0.3200148009005141,0.09762728340484346,0.5291028347347493,0.373269881860407
random_forest,midfield_diff,20,-0.3200148009005141,0.5735414599694247,0.09837575657201497,0.3280827834585604
random_forest,midfield_diff,21,-0.3200148009005141,0.06568422601595576,0.6644725200871932,0.269843253896851
random_forest,midfield_diff,22,-0.3200148009005141,0.0640192706899811,0.7593642327821245,0.17661649652789446
random_forest,midfield_diff,23,-0.3200148009005141,0.5978715801626951,0.13088983646371105,0.27123858337359324
random_forest,midfield_diff,24,-0.3200148009005141,0.15851067976243347,0.6023050788582912,0.23918424137927538
random_forest,midfield_diff,25,-0.3200148009005141,0.5914923018446872,0.11224265738395989,0.29626504077135263
random_forest,midfield_diff,26,-0.3200148009005141,0.6245092812942761,0.050031529315779776,0.32545918938994395
random_forest,midfield_diff,27,-0.3200148009005141,0.15310923697630177,0.35824886078407076,0.48864190223962756
random_forest,midfield_diff,28,-0.3200148009005141,0.6004883734935105,0.17010296383486842,0.22940866267162097
random_forest,midfield_diff,29,-0.3200148009005141,0.427512814464476,0.24870441101084187,0.323782774524682
random_forest,midfield_diff,30,-0.3200148009005141,0.05416218870338526,0.495186377517499,0.45065143377911593
random_forest,midfield_diff,31,-0.3200148009005141,0.05611067293670612,0.7018682293120327,0.2420210977512611
random_forest,midfield_diff,32,-0.3200148009005141,0.4882891831449117,0.27815081017489324,0.23356000668019505
random_forest,midfield_diff,33,-0.3200148009005141,0.5769427740826455,0.2057666472896699,0.21729057862768422
random_forest,midfield_diff,34,-0.3200148009005141,0.4041816729752487,0.3514166669295767,0.24440166009517464
random_forest,midfield_diff,35,-0.3200148009005141,0.6917617439904862,0.11001022701435031,0.19822802899516326
random_forest,midfield_diff,36,-0.3200148009005141,0.37287023368706457,0.2655375501944947,0.3615922161184408
random_forest,midfield_diff,37,-0.3200148009005141,0.06332317722946623,0.7510293119715657,0.18564751079896805
random_forest,midfield_diff,38,-0.3200148009005141,0.37527770164806523,0.25391594772890386,0.37080635062303086
random_forest,midfield_diff,39,-0.3200148009005141,0.7742328492072069,0.06464466978131005,0.1611224810114831
random_forest,midfield_diff,40,-0.3200148009005141,0.36032538192187263,0.3571256875809398,0.28254893049718743
random_forest,midfield_diff,41,-0.3200148009005141,0.05592445081187649,0.7356571042502352,0.20841844493788816
random_forest,midfield_diff,42,-0.3200148009005141,0.6249845718723169,0.04534710833901432,0.3296683197886686
random_forest,midfield_diff,43,-0.3200148009005141,0.23555537133815743,0.3708914771531037,0.39355315150873893
random_forest,midfield_diff,44,-0.3200148009005141,0.12037051926375154,0.6964694774969971,0.1831600032392515
random_forest,midfield_diff,45,-0.3200148009005141,0.3774106737896043,0.21953382873097113,0.4030554974794247
random_forest,midfield_diff,46,-0.3200148009005141,0.07345957590952068,0.6378259388561202,0.2887144852343591
random_forest,midfield_diff,47,-0.3200148009005141,0.14435280449355586,0.5232177787731133,0.33242941673333093
random_forest,midfield_diff,48,-0.3200148009005141,0.6999621888536853,0.1640317532520146,0.13600605789429981
random_forest,midfield_diff,49,-0.3200148009005141,0.43905534847186517,0.20338770939244322,0.3575569421356914
random_forest,midfield_diff,0,1.3524621966440264,0.224981149457418,0.4105502782800252,0.36446857226255697
random_forest,midfield_diff,1,1.3524621966440264,0.18344809937670836,0.5007319824582039,0.3158199181650879
random_forest,midfield_diff,2,1.3524621966440264,0.26667824461794887,0.4445393046302615,0.28878245075178965
random_forest,midfield_diff,3,1.3524621966440264,0.2115635494164191,0.41354342916091363,0.37489302142266695
random_forest,midfield_diff,4,1.3524621966440264,0.07524916821470662,0.6597684755775687,0.26498235620772503
random_forest,midfield_diff,5,1.3524621966440264,0.09089695949399601,0.6308017778811166,0.27830126262488747
random_forest,midfield_diff,6,1.3524621966440264,0.10644137842039507,0.5544412633213173,0.3391173582582876
random_forest,midfield_diff,7,1.3524621966440264,0.11122866733021053,0.6276858404728213,0.2610854921969681
random_forest,midfield_diff,8,1.3524621966440264,0.22935663619774815,0.4949700845125457,0.275673279289706
random_forest,midfield_diff,9,1.3524621966440264,0.6418489178839206,0.12308184459211018,0.2350692375239691
random_forest,midfield_diff,10,1.3524621966440264,0.6553243496004236,0.16173894709663547,0.1829367033029408
random_forest,midfield_diff,11,1.3524621966440264,0.14554060962823379,0.4468536813505912,0.40760570902117527
random_forest,midfield_diff,12,1.3524621966440264,0.19353680861210734,0.3919249267865054,0.41453826460138726
random_forest,midfield_diff,13,1.3524621966440264,0.26654778004186797,0.4524607317028515,0.2809914882552805
random_forest,midfield_diff,14,1.3524621966440264,0.7257483361433374,0.05955963319543391,0.21469203066122858
random_forest,midfield_diff,15,1.3524621966440264,0.38147513577945885,0.18781356359314952,0.43071130062739177
random_forest,midfield_diff,16,1.3524621966440264,0.6955596498945874,0.06015165296687363,0.24428869713853882
random_forest,midfield_diff,17,1.3524621966440264,0.6422288251441483,0.09728841464484206,0.2604827602110097
random_forest,midfield_diff,18,1.3524621966440264,0.7269866523834724,0.049403074369469085,0.22361027324705832
random_forest,midfield_diff,19,1.3524621966440264,0.11146722469880427,0.5198796326216296,0.3686531426795661
random_forest,midfield_diff,20,1.3524621966440264,0.5748715486451846,0.08744683061750395,0.3376816207373114
random_forest,midfield_diff,21,1.3524621966440264,0.07488159412309027,0.6423732050313371,0.2827452008455725
random_forest,midfield_diff,22,1.3524621966440264,0.068532577790701,0.7457529314467822,0.18571449076251692
random_forest,midfield_diff,23,1.3524621966440264,0.6088772394125735,0.1188056565969612,0.2723171039904649
random_forest,midfield_diff,24,1.3524621966440264,0.19459786724663589,0.5515523930373222,0.25384973971604186
random_forest,midfield_diff,25,1.3524621966440264,0.5962646210922962,0.11071536696286784,0.2930200119448358
random_forest,midfield_diff,26,1.3524621966440264,0.6398552639835963,0.043605507955616546,0.31653922806078716
random_forest,midfield_diff,27,1.3524621966440264,0.15678528150245416,0.33284843583445056,0.5103662826630949
random_forest,midfield_diff,28,1.3524621966440264,0.6061662254598704,0.1513575570511188,0.24247621748901071
random_forest,midfield_diff,29,1.3524621966440264,0.4347747220947273,0.2422367021141558,0.3229885757911169
random_forest,midfield_diff,30,1.3524621966440264,0.0652981333423604,0.4840533837475119,0.4506484829101278
random_forest,midfield_diff,31,1.3524621966440264,0.06537666772174901,0.687720829024347,0.24690250325390395
random_forest,midfield_diff,32,1.3524621966440264,0.4884963250530221,0.24555738994545231,0.2659462850015257
random_forest,midfield_diff,33,1.3524621966440264,0.5937425365527138,0.19006507924872787,0.2161923841985579
random_forest,midfield_diff,34,1.3524621966440264,0.4215455993603026,0.3272915194681794,0.2511628811715178
random_forest,midfield_diff,35,1.3524621966440264,0.7138933248817553,0.08811173194372567,0.1979949431745188
random_forest,midfield_diff,36,1.3524621966440264,0.38700042211697244,0.2722077061852832,0.34079187169774433
random_forest,midfield_diff,37,1.3524621966440264,0.0758371116746467,0.7260764352232156,0.19808645310213782
random_forest,midfield_diff,38,1.3524621966440264,0.3990180956229412,0.21668879097991742,0.3842931133971413
random_forest,midfield_diff,39,1.3524621966440264,0.7919402926077369,0.047246033844376735,0.16081367354788642
random_forest,midfield_diff,40,1.3524621966440264,0.3756977398894026,0.3393857129804798,0.2849165471301176
random_forest,midfield_diff,41,1.3524621966440264,0.06587874414213747,0.7219466976367297,0.21217455822113274
random_forest,midfield_diff,42,1.3524621966440264,0.6498533121672462,0.03820176251523138,0.3119449253175222
random_forest,midfield_diff,43,1.3524621966440264,0.26571067082913524,0.31723966836520123,0.4170496608056635
random_forest,midfield_diff,44,1.3524621966440264,0.13851503491541456,0.6835901431853646,0.1778948218992209
random_forest,midfield_diff,45,1.3524621966440264,0.41321754773347213,0.19403455959053853,0.3927478926759893
random_forest,midfield_diff,46,1.3524621966440264,0.08110190171611896,0.6109097989834249,0.3079882993004563
random_forest,midfield_diff,47,1.3524621966440264,0.16407303419310323,0.48931872126461057,0.3466082445422864
random_forest,midfield_diff,48,1.3524621966440264,0.7296317073408525,0.12610533962022427,0.14426295303892325
random_forest,midfield_diff,49,1.3524621966440264,0.44240355289945393,0.18667856888591086,0.3709178782146351
random_forest,midfield_diff,0,3.019044779614311,0.23586678570650418,0.4079488780444078,0.35618433624908813
random_forest,midfield_diff,1,3.019044779614311,0.1858876040672922,0.5016739409073532,0.31243845502535494
random_forest,midfield_diff,2,3.019044779614311,0.28511634525409635,0.44981843035523533,0.26506522439066843
random_forest,midfield_diff,3,3.019044779614311,0.21184350725452528,0.3995298242315522,0.3886266685139224
random_forest,midfield_diff,4,3.019044779614311,0.07547256062911276,0.649195553977156,0.2753318853937315
random_forest,midfield_diff,5,3.019044779614311,0.09219191615781865,0.6216795274248602,0.2861285564173212
random_forest,midfield_diff,6,3.019044779614311,0.11094331892615254,0.5592128769572834,0.32984380411656383
random_forest,midfield_diff,7,3.019044779614311,0.1269891295689198,0.6082216986527327,0.2647891717783473
random_forest,midfield_diff,8,3.019044779614311,0.24928812202905407,0.477413824162346,0.27329805380859984
random_forest,midfield_diff,9,3.019044779614311,0.6618598211312609,0.11626235080038057,0.22187782806835835
random_forest,midfield_diff,10,3.019044779614311,0.6789737829715117,0.140500055670541,0.18052616135794733
random_forest,midfield_diff,11,3.019044779614311,0.15089223992321424,0.4260570729387532,0.4230506871380326
random_forest,midfield_diff,12,3.019044779614311,0.2026176573832886,0.35726371784622485,0.44011862477048663
random_forest,midfield_diff,13,3.019044779614311,0.2938431195419624,0.45758379024587664,0.24857309021216065
random_forest,midfield_diff,14,3.019044779614311,0.7533701306033859,0.04069316280796514,0.20593670658864902
random_forest,midfield_diff,15,3.019044779614311,0.3925676155825266,0.17987109094587117,0.42756129347160227
random_forest,midfield_diff,16,3.019044779614311,0.7063892224380774,0.05793279183259744,0.23567798572932494
random_forest,midfield_diff,17,3.019044779614311,0.6555401007438763,0.09120939146008993,0.2532505077960338
random_forest,midfield_diff,18,3.019044779614311,0.7200476658219289,0.046706491285236185,0.2332458428928348
random_forest,midfield_diff,19,3.019044779614311,0.11948469621379666,0.5104597675403314,0.3700555362458718
random_forest,midfield_diff,20,3.019044779614311,0.5866706368158128,0.07484208049229255,0.33848728269189476
random_forest,midfield_diff,21,3.019044779614311,0.07720222547159862,0.6322224015813261,0.2905753729470752
random_forest,midfield_diff,22,3.019044779614311,0.07337337682321014,0.7342517901112365,0.1923748330655535
random_forest,midfield_diff,23,3.019044779614311,0.6256439945406441,0.11515192093414323,0.2592040845252122
random_forest,midfield_diff,24,3.019044779614311,0.21098292399330446,0.5409606321545416,0.24805644385215378
random_forest,midfield_diff,25,3.019044779614311,0.6234419538238588,0.09896752169824367,0.27759052447789717
random_forest,midfield_diff,26,3.019044779614311,0.6408012702700009,0.039708246590985825,0.3194904831390134
random_forest,midfield_diff,27,3.019044779614311,0.17485546724650206,0.31943808623090947,0.5057064465225883
random_forest,midfield_diff,28,3.019044779614311,0.6341222317372344,0.14773129603443882,0.21814647222832673
random_forest,midfield_diff,29,3.019044779614311,0.4750488647863303,0.2357905662354647,0.2891605689782049
random_forest,midfield_diff,30,3.019044779614311,0.06474816017435477,0.48560748208052124,0.4496443577451241
random_forest,midfield_diff,31,3.019044779614311,0.07049639239926798,0.6741844659492596,0.2553191416514722
random_forest,midfield_diff,32,3.019044779614311,0.49653514175594043,0.25179246257912785,0.251672395664932
random_forest,midfield_diff,33,3.019044779614311,0.610610247995986,0.17731745405180008,0.2120722979522136
random_forest,midfield_diff,34,3.019044779614311,0.41374272361612957,0.345329667880347,0.24092760850352335
random_forest,midfield_diff,35,3.019044779614311,0.7389777775564329,0.08185304852546511,0.17916917391810175
random_forest,midfield_diff,36,3.019044779614311,0.44623540453415395,0.2776109146237039,0.27615368084214253
random_forest,midfield_diff,37,3.019044779614311,0.07501387810551603,0.7165122691640309,0.20847385273045313
random_forest,midfield_diff,38,3.019044779614311,0.41032326335524577,0.20639505407015882,0.38328168257459533
random_forest,midfield_diff,39,3.019044779614311,0.8143026975391976,0.03320228341465036,0.15249501904615206
random_forest,midfield_diff,40,3.019044779614311,0.4179747466766492,0.34160220123115176,0.24042305209219908
random_forest,midfield_diff,41,3.019044779614311,0.07125220623055617,0.7115861022212199,0.21716169154822385
random_forest,midfield_diff,42,3.019044779614311,0.648340650920836,0.03125846584131782,0.32040088323784593
random_forest,midfield_diff,43,3.019044779614311,0.26592435577489143,0.310118208944454,0.4239574352806546
random_forest,midfield_diff,44,3.019044779614311,0.1425746199965446,0.6740591831634846,0.1833661968399707
random_forest,midfield_diff,45,3.019044779614311,0.44773920990265176,0.18374274229118778,0.3685180478061603
random_forest,midfield_diff,46,3.019044779614311,0.08253605115630963,0.6132597572357688,0.3042041916079218
random_forest,midfield_diff,47,3.019044779614311,0.17257333494936866,0.45363197718551684,0.3737946878651146
random_forest,midfield_diff,48,3.019044779614311,0.7707747824343155,0.10869363855888936,0.12053157900679506
random_forest,midfield_diff,49,3.019044779614311,0.44712573022508356,0.17901356563456075,0.3738607041403556
random_forest,midfield_diff,0,4.698508164147575,0.2303630762423128,0.3865718576089478,0.3830650661487394
random_forest,midfield_diff,1,4.698508164147575,0.1858876040672922,0.5016739409073532,0.31243845502535494
random_forest,midfield_diff,2,4.698508164147575,0.2911904652642995,0.44993777577404576,0.25887175896165476
random_forest,midfield_diff,3,4.698508164147575,0.2146476028545028,0.3781651795793208,0.4071872175661763
random_forest,midfield_diff,4,4.698508164147575,0.07547256062911276,0.649195553977156,0.2753318853937315
random_forest,midfield_diff,5,4.698508164147575,0.09219191615781865,0.6216795274248602,0.2861285564173212
random_forest,midfield_diff,6,4.698508164147575,0.11094331892615254,0.5592128769572834,0.32984380411656383
random_forest,midfield_diff,7,4.698508164147575,0.1269891295689198,0.6082216986527327,0.2647891717783473
random_forest,midfield_diff,8,4.698508164147575,0.25250595035606266,0.47545688936269864,0.2720371602812386
random_forest,midfield_diff,9,4.698508164147575,0.6802979038295248,0.11765915150412354,0.20204294466635164
random_forest,midfield_diff,10,4.698508164147575,0.686138647223633,0.1440160287629725,0.16984532401339444
random_forest,midfield_diff,11,4.698508164147575,0.1477261212535452,0.41800675043914687,0.43426712830730807
random_forest,midfield_diff,12,4.698508164147575,0.20489697992714562,0.33713311216736336,0.4579699079054909
random_forest,midfield_diff,13,4.698508164147575,0.2936503262106711,0.4506437488917116,0.25570592489761695
random_forest,midfield_diff,14,4.698508164147575,0.7676736294957797,0.03483257147474173,0.19749379902947864
random_forest,midfield_diff,15,4.698508164147575,0.387546743619795,0.16862465098642185,0.4438286053937832
random_forest,midfield_diff,16,4.698508164147575,0.713399879008975,0.05101812420790947,0.23558199678311545
random_forest,midfield_diff,17,4.698508164147575,0.6738385013387737,0.08716314741148994,0.23899835124973623
random_forest,midfield_diff,18,4.698508164147575,0.7385745190039604,0.039211206901245486,0.2222142740947942
random_forest,midfield_diff,19,4.698508164147575,0.1200689669856954,0.5048168837632503,0.3751141492510542
random_forest,midfield_diff,20,4.698508164147575,0.609280146012115,0.06751171673519857,0.32320813725268654
random_forest,midfield_diff,21,4.698508164147575,0.07720222547159862,0.6322224015813261,0.2905753729470752
random_forest,midfield_diff,22,4.698508164147575,0.07337337682321014,0.7342517901112365,0.1923748330655535
random_forest,midfield_diff,23,4.698508164147575,0.6353560015053157,0.10468321285313321,0.2599607856415507
random_forest,midfield_diff,24,4.698508164147575,0.21098292399330446,0.5409606321545416,0.24805644385215378
random_forest,midfield_diff,25,4.698508164147575,0.6398568713147814,0.08389116155600514,0.2762519671292131
random_forest,midfield_diff,26,4.698508164147575,0.647143713189138,0.03604828614579216,0.31680800066507
random_forest,midfield_diff,27,4.698508164147575,0.17595420666144276,0.3200778497474318,0.5039679435911252
random_forest,midfield_diff,28,4.698508164147575,0.6497236032744446,0.14298934660448107,0.20728705012107407
random_forest,midfield_diff,29,4.698508164147575,0.46836415623944055,0.23528486948829375,0.2963509742722657
random_forest,midfield_diff,30,4.698508164147575,0.06474816017435477,0.48560748208052124,0.4496443577451241
random_forest,midfield_diff,31,4.698508164147575,0.07049639239926798,0.6741844659492596,0.2553191416514722
random_forest,midfield_diff,32,4.698508164147575,0.4936379804749597,0.2590574331969125,0.2473045863281281
random_forest,midfield_diff,33,4.698508164147575,0.5970891833473309,0.16964801102808177,0.233262805624587
random_forest,midfield_diff,34,4.698508164147575,0.4174364954389806,0.33167838109918524,0.2508851234618341
random_forest,midfield_diff,35,4.698508164147575,0.76628446290762,0.07285267311931322,0.16086286397306676
random_forest,midfield_diff,36,4.698508164147575,0.44388063926269444,0.2816115073765625,0.2745078533607433
random_forest,midfield_diff,37,4.698508164147575,0.07501387810551603,0.7165122691640309,0.20847385273045313
random_forest,midfield_diff,38,4.698508164147575,0.4231234933858717,0.19715826056111696,0.3797182460530113
random_forest,midfield_diff,39,4.698508164147575,0.8239959301305673,0.026428381403516093,0.14957568846591654
random_forest,midfield_diff,40,4.698508164147575,0.4096576203677598,0.3505436199946424,0.23979875963759778
random_forest,midfield_diff,41,4.698508164147575,0.07125220623055617,0.7115861022212199,0.21716169154822385
random_forest,midfield_diff,42,4.698508164147575,0.656705024238675,0.02634410181198951,0.31695087394933535
random_forest,midfield_diff,43,4.698508164147575,0.2783677389703631,0.29569348799202216,0.42593877303761474
random_forest,midfield_diff,44,4.698508164147575,0.1425746199965446,0.6740591831634846,0.1833661968399707
random_forest,midfield_diff,45,4.698508164147575,0.42028755960717334,0.17829313691269932,0.4014193034801272
random_forest,midfield_diff,46,4.698508164147575,0.08253605115630963,0.6132597572357688,0.3042041916079218
random_forest,midfield_diff,47,4.698508164147575,0.17317416498425864,0.4298358646308999,0.39698997038484163
random_forest,midfield_diff,48,4.698508164147575,0.7879998469491802,0.09315420144326952,0.11884595160755017
random_forest,midfield_diff,49,4.698508164147575,0.45511182045920157,0.1741337328536415,0.370754446687157
random_forest,midfield_diff,0,6.737576556324197,0.23935403370160102,0.3832943325017195,0.3773516337966796
random_forest,midfield_diff,1,6.737576556324197,0.1858876040672922,0.5016739409073532,0.31243845502535494
random_forest,midfield_diff,2,6.737576556324197,0.2911364162263424,0.4523680130839682,0.25649557068968937
random_forest,midfield_diff,3,6.737576556324197,0.22032817543448333,0.37393937207007766,0.40573245249543893
random_forest,midfield_diff,4,6.737576556324197,0.07547256062911276,0.649195553977156,0.2753318853937315
random_forest,midfield_diff,5,6.737576556324197,0.09873257850673801,0.6200050565390748,0.2812623649541872
random_forest,midfield_diff,6,6.737576556324197,0.11152867262924121,0.5584838481684019,0.32998747920235666
random_forest,midfield_diff,7,6.737576556324197,0.1275744832720085,0.6074926698638511,0.26493284686414015
random_forest,midfield_diff,8,6.737576556324197,0.2533572480586595,0.4867447632860887,0.25989798865525165
random_forest,midfield_diff,9,6.737576556324197,0.6887131755264675,0.11295801549286377,0.19832880898066882
random_forest,midfield_diff,10,6.737576556324197,0.699529623571633,0.13591194722005875,0.16455842920830813
random_forest,midfield_diff,11,6.737576556324197,0.14831147495663385,0.4172777216502653,0.43441080339310095
random_forest,midfield_diff,12,6.737576556324197,0.21205952309175222,0.33751541045399164,0.4504250664542561
random_forest,midfield_diff,13,6.737576556324197,0.3007688461456678,0.4484661308837059,0.2507650229706259
random_forest,midfield_diff,14,6.737576556324197,0.7827840195083232,0.028786467054248015,0.1884295134374289
random_forest,midfield_diff,15,6.737576556324197,0.37890214630965696,0.16182456043345375,0.45927329325688926
random_forest,midfield_diff,16,6.737576556324197,0.7519761973461936,0.03959719534659207,0.20842660730721443
random_forest,midfield_diff,17,6.737576556324197,0.6973952421721799,0.07273403128498161,0.22987072654283847
random_forest,midfield_diff,18,6.737576556324197,0.7614247758206804,0.03766161667121002,0.20091360750810983
random_forest,midfield_diff,19,6.737576556324197,0.12065432068878407,0.5040878549743687,0.375257824336847
random_forest,midfield_diff,20,6.737576556324197,0.6158082837143671,0.07663628508290293,0.30755543120273016
random_forest,midfield_diff,21,6.737576556324197,0.07720222547159862,0.6322224015813261,0.2905753729470752
random_forest,midfield_diff,22,6.737576556324197,0.07337337682321014,0.7342517901112365,0.1923748330655535
random_forest,midfield_diff,23,6.737576556324197,0.6410158449076079,0.09935074130967701,0.25963341378271465
random_forest,midfield_diff,24,6.737576556324197,0.21156827769639316,0.54023160336566,0.2482001189379466
random_forest,midfield_diff,25,6.737576556324197,0.650392617145594,0.07674783010338114,0.2728595527510246
random_forest,midfield_diff,26,6.737576556324197,0.6461599552543801,0.029387960802292223,0.32445208394332786
random_forest,midfield_diff,27,6.737576556324197,0.18734149631278754,0.3147867913846813,0.49787171230253086
random_forest,midfield_diff,28,6.737576556324197,0.6565686010107337,0.12892174071060566,0.21450965827866034
random_forest,midfield_diff,29,6.737576556324197,0.4615163015192811,0.23686377844024897,0.30161992004047006
random_forest,midfield_diff,30,6.737576556324197,0.06533351387744343,0.4848784532916397,0.449788032830917
random_forest,midfield_diff,31,6.737576556324197,0.07049639239926798,0.6741844659492596,0.2553191416514722
random_forest,midfield_diff,32,6.737576556324197,0.5014043671062375,0.25925222676488846,0.23934340612887428
random_forest,midfield_diff,33,6.737576556324197,0.6218450346803468,0.16152559927954682,0.21662936604010588
random_forest,midfield_diff,34,6.737576556324197,0.4295865782055392,0.3266782334209578,0.24373518837350283
random_forest,midfield_diff,35,6.737576556324197,0.8075842511343031,0.06888421316977551,0.12353153569592139
random_forest,midfield_diff,36,6.737576556324197,0.450648671626138,0.2846131918994658,0.26473813647439653
random_forest,midfield_diff,37,6.737576556324197,0.07501387810551603,0.7165122691640309,0.20847385273045313
random_forest,midfield_diff,38,6.737576556324197,0.4302106425612425,0.19581180049631175,0.3739775569424457
random_forest,midfield_diff,39,6.737576556324197,0.8560973734064695,0.023951629905360844,0.11995099668816961
random_forest,midfield_diff,40,6.737576556324197,0.4035674667267202,0.34364970542108747,0.2527828278521924
random_forest,midfield_diff,41,6.737576556324197,0.07125220623055617,0.7115861022212199,0.21716169154822385
random_forest,midfield_diff,42,6.737576556324197,0.6548698779861212,0.021054307779446387,0.32407581423443227
random_forest,midfield_diff,43,6.737576556324197,0.2788275771452859,0.2944306480087017,0.42674177484601233
random_forest,midfield_diff,44,6.737576556324197,0.1425746199965446,0.6740591831634846,0.1833661968399707
random_forest,midfield_diff,45,6.737576556324197,0.4258066648688741,0.17094445709221154,0.40324887803891424
random_forest,midfield_diff,46,6.737576556324197,0.08253605115630963,0.6132597572357688,0.3042041916079218
random_forest,midfield_diff,47,6.737576556324197,0.17477192333847488,0.4318478273563033,0.3933802493052221
random_forest,midfield_diff,48,6.737576556324197,0.7996168843144015,0.08690101734269791,0.1134820983429004
random_forest,midfield_diff,49,6.737576556324197,0.46150978887888977,0.1650163217615746,0.37347388935953546
random_forest,midfield_diff,0,8.770052055289927,0.23935403370160102,0.3832943325017195,0.3773516337966796
random_forest,midfield_diff,1,8.770052055289927,0.1858876040672922,0.5016739409073532,0.31243845502535494
random_forest,midfield_diff,2,8.770052055289927,0.2911364162263424,0.4523680130839682,0.25649557068968937
random_forest,midfield_diff,3,8.770052055289927,0.22032817543448333,0.37393937207007766,0.40573245249543893
random_forest,midfield_diff,4,8.770052055289927,0.07547256062911276,0.649195553977156,0.2753318853937315
random_forest,midfield_diff,5,8.770052055289927,0.09873257850673801,0.6200050565390748,0.2812623649541872
random_forest,midfield_diff,6,8.770052055289927,0.11152867262924121,0.5584838481684019,0.32998747920235666
random_forest,midfield_diff,7,8.770052055289927,0.1275744832720085,0.6074926698638511,0.26493284686414015
random_forest,midfield_diff,8,8.770052055289927,0.2533572480586595,0.4867447632860887,0.25989798865525165
random_forest,midfield_diff,9,8.770052055289927,0.7010149098277966,0.10887991290425525,0.19010517726794826
random_forest,midfield_diff,10,8.770052055289927,0.6997159647902534,0.1298293727978385,0.17045466241190788
random_forest,midfield_diff,11,8.770052055289927,0.14831147495663385,0.4172777216502653,0.43441080339310095
random_forest,midfield_diff,12,8.770052055289927,0.21205952309175222,0.33751541045399164,0.4504250664542561
random_forest,midfield_diff,13,8.770052055289927,0.3007688461456678,0.4484661308837059,0.2507650229706259
random_forest,midfield_diff,14,8.770052055289927,0.7881082803873376,0.030698415061971785,0.18119330455069071
random_forest,midfield_diff,15,8.770052055289927,0.3732390606295975,0.16102004104982276,0.46574089832057974
random_forest,midfield_diff,16,8.770052055289927,0.761622145629547,0.036791267348842464,0.20158658702161067
random_forest,midfield_diff,17,8.770052055289927,0.6976395720003766,0.07207816529366556,0.23028226270595775
random_forest,midfield_diff,18,8.770052055289927,0.7512809859029509,0.03706387990045409,0.21165513419659523
random_forest,midfield_diff,19,8.770052055289927,0.12065432068878407,0.5040878549743687,0.375257824336847
random_forest,midfield_diff,20,8.770052055289927,0.6142427778964857,0.07157788836866505,0.31417933373484946
random_forest,midfield_diff,21,8.770052055289927,0.07720222547159862,0.6322224015813261,0.2905753729470752
random_forest,midfield_diff,22,8.770052055289927,0.07337337682321014,0.7342517901112365,0.1923748330655535
random_forest,midfield_diff,23,8.770052055289927,0.6449341722704129,0.09439170390531715,0.2606741238242695
random_forest,midfield_diff,24,8.770052055289927,0.21156827769639316,0.54023160336566,0.2482001189379466
random_forest,midfield_diff,25,8.770052055289927,0.6492879506823112,0.07418010851146035,0.27653194080622817
random_forest,midfield_diff,26,8.770052055289927,0.6624458718140398,0.02826748474505873,0.3092866434409016
random_forest,midfield_diff,27,8.770052055289927,0.18734149631278754,0.3147867913846813,0.49787171230253086
random_forest,midfield_diff,28,8.770052055289927,0.650071753563196,0.12830269369459338,0.22162555274221032
random_forest,midfield_diff,29,8.770052055289927,0.45399756313472545,0.23420353197500043,0.3117989048902741
random_forest,midfield_diff,30,8.770052055289927,0.06533351387744343,0.4848784532916397,0.449788032830917
random_forest,midfield_diff,31,8.770052055289927,0.07049639239926798,0.6741844659492596,0.2553191416514722
random_forest,midfield_diff,32,8.770052055289927,0.504095305000383,0.2587486655675806,0.23715602943203654
random_forest,midfield_diff,33,8.770052055289927,0.6192936110973782,0.1650765977120005,0.21562979119062084
random_forest,midfield_diff,34,8.770052055289927,0.43447623263700036,0.32616041827693015,0.23936334908606927
random_forest,midfield_diff,35,8.770052055289927,0.8092666896949839,0.06336395220283196,0.1273693581021841
random_forest,midfield_diff,36,8.770052055289927,0.44532708774145496,0.28137437217719363,0.2732985400813516
random_forest,midfield_diff,37,8.770052055289927,0.07501387810551603,0.7165122691640309,0.20847385273045313
random_forest,midfield_diff,38,8.770052055289927,0.4243467345316705,0.19415049089117045,0.3815027745771589
random_forest,midfield_diff,39,8.770052055289927,0.8595635558264102,0.02302330551621436,0.11741313865737556
random_forest,midfield_diff,40,8.770052055289927,0.4035674667267202,0.34364970542108747,0.2527828278521924
random_forest,midfield_diff,41,8.770052055289927,0.07125220623055617,0.7115861022212199,0.21716169154822385
random_forest,midfield_diff,42,8.770052055289927,0.6513919188421152,0.02105811386941878,0.32754996728846586
random_forest,midfield_diff,43,8.770052055289927,0.2788275771452859,0.2944306480087017,0.42674177484601233
random_forest,midfield_diff,44,8.770052055289927,0.1425746199965446,0.6740591831634846,0.1833661968399707
random_forest,midfield_diff,45,8.770052055289927,0.42318213358092227,0.1708094864048831,0.4060083800141945
random_forest,midfield_diff,46,8.770052055289927,0.08253605115630963,0.6132597572357688,0.3042041916079218
random_forest,midfield_diff,47,8.770052055289927,0.17477192333847488,0.4318478273563033,0.3933802493052221
random_forest,midfield_diff,48,8.770052055289927,0.7989419903400874,0.0846055468567441,0.11645246280316829
random_forest,midfield_diff,49,8.770052055289927,0.4683917037578593,0.1586795860504478,0.37292871019169277
random_forest,midfield_diff,0,11.241213665689854,0.2384786496824921,0.38023792806289985,0.38128342225460815
random_forest,midfield_diff,1,11.241213665689854,0.1858876040672922,0.5016739409073532,0.31243845502535494
random_forest,midfield_diff,2,11.241213665689854,0.3042755790788515,0.44212357386794365,0.25360084705320485
random_forest,midfield_diff,3,11.241213665689854,0.21996163032179739,0.3753166390582133,0.4047217306199893
random_forest,midfield_diff,4,11.241213665689854,0.07809183111917667,0.6513842130080121,0.2705239558728116
random_forest,midfield_diff,5,11.241213665689854,0.10527867425307803,0.6182668903136547,0.27645443543326736
random_forest,midfield_diff,6,11.241213665689854,0.11289641968840686,0.5554505757339996,0.33165300457759334
random_forest,midfield_diff,7,11.241213665689854,0.13394535335878446,0.6058601858444101,0.26019446079680514
random_forest,midfield_diff,8,11.241213665689854,0.2600223707802258,0.48293832738373704,0.2570393018360369
random_forest,midfield_diff,9,11.241213665689854,0.7194556383133679,0.10197535086500732,0.17856901082162488
random_forest,midfield_diff,10,11.241213665689854,0.6997159647902534,0.1298293727978385,0.17045466241190788
random_forest,midfield_diff,11,11.241213665689854,0.14743609093752494,0.4142213172114457,0.43834259185102953
random_forest,midfield_diff,12,11.241213665689854,0.21930810871152073,0.3326359181507517,0.44805597313772755
random_forest,midfield_diff,13,11.241213665689854,0.2968905080722192,0.4454142741295582,0.2576952177982223
random_forest,midfield_diff,14,11.241213665689854,0.7822368932948089,0.029204682974144927,0.18855842373104628
random_forest,midfield_diff,15,11.241213665689854,0.3881894748869496,0.16126668909009342,0.45054383602295717
random_forest,midfield_diff,16,11.241213665689854,0.7705404366485239,0.03390456125927397,0.19555500209220214
random_forest,midfield_diff,17,11.241213665689854,0.6848169941275456,0.07396231417553008,0.24122069169692428
random_forest,midfield_diff,18,11.241213665689854,0.7588056418332526,0.03672382182137627,0.20447053634537138
random_forest,midfield_diff,19,11.241213665689854,0.12013791685419002,0.5055851962265242,0.37427688691928557
random_forest,midfield_diff,20,11.241213665689854,0.6188347069198605,0.07116109275389468,0.3100042003262449
random_forest,midfield_diff,21,11.241213665689854,0.07683568035891271,0.6335996685694618,0.2895646510716255
random_forest,midfield_diff,22,11.241213665689854,0.08028074242840984,0.7320828105733718,0.1876364469982185
random_forest,midfield_diff,23,11.241213665689854,0.6646961569441069,0.08810141770820995,0.24720242534768266
random_forest,midfield_diff,24,11.241213665689854,0.21156827769639316,0.54023160336566,0.2482001189379466
random_forest,midfield_diff,25,11.241213665689854,0.652107236734318,0.07343059318815512,0.27446217007752666
random_forest,midfield_diff,26,11.241213665689854,0.6840923868237277,0.028134117861560056,0.2877734953147125
random_forest,midfield_diff,27,11.241213665689854,0.19623575151265685,0.3197889250579557,0.4839753234293873
random_forest,midfield_diff,28,11.241213665689854,0.6461775033751299,0.1323834437561586,0.22143905286871113
random_forest,midfield_diff,29,11.241213665689854,0.45037199703345404,0.2385082109088923,0.31111979205765367
random_forest,midfield_diff,30,11.241213665689854,0.06795278436750732,0.48706711232249583,0.4449801033099971
random_forest,midfield_diff,31,11.241213665689854,0.07256726825245279,0.6726907327768563,0.2547419989706907
random_forest,midfield_diff,32,11.241213665689854,0.4968342171738814,0.258559744124026,0.24460603870209272
random_forest,midfield_diff,33,11.241213665689854,0.5983213096806248,0.16737819228345596,0.2343004980359187
random_forest,midfield_diff,34,11.241213665689854,0.4330149331814231,0.32305770379753695,0.2439273630210397
random_forest,midfield_diff,35,11.241213665689854,0.8079423053183605,0.06717471034258614,0.12488298433905326
random_forest,midfield_diff,36,11.241213665689854,0.44990227266593186,0.2826926103905932,0.26740511694347524
random_forest,midfield_diff,37,11.241213665689854,0.0746473329928301,0.7178895361521666,0.20746313085500345
random_forest,midfield_diff,38,11.241213665689854,0.4273524152682439,0.19498633198042772,0.3776612527513284
random_forest,midfield_diff,39,11.241213665689854,0.8549882982315543,0.023466312441462456,0.12154538932698332
random_forest,midfield_diff,40,11.241213665689854,0.4066135336530113,0.3348392989442209,0.2585471674027679
random_forest,midfield_diff,41,11.241213665689854,0.0765843420233213,0.704379055725989,0.21903660225068952
random_forest,midfield_diff,42,11.241213665689854,0.6672957691241197,0.023600272383901114,0.3091039584919791
random_forest,midfield_diff,43,11.241213665689854,0.2947078825830465,0.29013974796239494,0.4151523694545585
random_forest,midfield_diff,44,11.241213665689854,0.14165968024697959,0.6717540579483607,0.18658626180465945
random_forest,midfield_diff,45,11.241213665689854,0.4282278800730723,0.16703101652013666,0.4047411034067911
random_forest,midfield_diff,46,11.241213665689854,0.08908214690264961,0.6115215910103486,0.29939626208700193
random_forest,midfield_diff,47,11.241213665689854,0.18205934606342833,0.42620215484166774,0.39173849909490416
random_forest,midfield_diff,48,11.241213665689854,0.7987637476051113,0.08427939143987893,0.11695686095500973
random_forest,midfield_diff,49,11.241213665689854,0.484074027597523,0.15941452702315875,0.3565114453793183
random_forest,midfield_diff,0,15.07907649816263,0.2384786496824921,0.38023792806289985,0.38128342225460815
random_forest,midfield_diff,1,15.07907649816263,0.1858876040672922,0.5016739409073532,0.31243845502535494
random_forest,midfield_diff,2,15.07907649816263,0.3042755790788515,0.44212357386794365,0.25360084705320485
random_forest,midfield_diff,3,15.07907649816263,0.21996163032179739,0.3753166390582133,0.4047217306199893
random_forest,midfield_diff,4,15.07907649816263,0.07809183111917667,0.6513842130080121,0.2705239558728116
random_forest,midfield_diff,5,15.07907649816263,0.10527867425307803,0.6182668903136547,0.27645443543326736
random_forest,midfield_diff,6,15.07907649816263,0.11289641968840686,0.5554505757339996,0.33165300457759334
random_forest,midfield_diff,7,15.07907649816263,0.13394535335878446,0.6058601858444101,0.26019446079680514
random_forest,midfield_diff,8,15.07907649816263,0.2600223707802258,0.48293832738373704,0.2570393018360369
random_forest,midfield_diff,9,15.07907649816263,0.69967384712033,0.09480575249362742,0.2055204003860426
random_forest,midfield_diff,10,15.07907649816263,0.701069073152995,0.13174729976694957,0.1671836270800553
random_forest,midfield_diff,11,15.07907649816263,0.14743609093752494,0.4142213172114457,0.43834259185102953
random_forest,midfield_diff,12,15.07907649816263,0.21930810871152073,0.3326359181507517,0.44805597313772755
random_forest,midfield_diff,13,15.07907649816263,0.2968905080722192,0.4454142741295582,0.2576952177982223
random_forest,midfield_diff,14,15.07907649816263,0.7760425954679828,0.023561222357487362,0.20039618217452973
random_forest,midfield_diff,15,15.07907649816263,0.3786194994009018,0.15741896810518005,0.4639615324939182
random_forest,midfield_diff,16,15.07907649816263,0.7727401283067336,0.029325406203344073,0.19793446548992233
random_forest,midfield_diff,17,15.07907649816263,0.6841960713860481,0.06756983335007166,0.24823409526387993
random_forest,midfield_diff,18,15.07907649816263,0.7583187271701625,0.03543603184554219,0.20624524098429545
random_forest,midfield_diff,19,15.07907649816263,0.12013791685419002,0.5055851962265242,0.37427688691928557
random_forest,midfield_diff,20,15.07907649816263,0.6152058485523111,0.06941393582855161,0.31538021561913737
random_forest,midfield_diff,21,15.07907649816263,0.07683568035891271,0.6335996685694618,0.2895646510716255
random_forest,midfield_diff,22,15.07907649816263,0.08028074242840984,0.7320828105733718,0.1876364469982185
random_forest,midfield_diff,23,15.07907649816263,0.6497304108013399,0.08297459833077182,0.26729499086788794
random_forest,midfield_diff,24,15.07907649816263,0.21156827769639316,0.54023160336566,0.2482001189379466
random_forest,midfield_diff,25,15.07907649816263,0.6471354879429811,0.06747714079440391,0.28538737126261465
random_forest,midfield_diff,26,15.07907649816263,0.6952478448565236,0.02052050883943395,0.2842316463040427
random_forest,midfield_diff,27,15.07907649816263,0.19623575151265685,0.3197889250579557,0.4839753234293873
random_forest,midfield_diff,28,15.07907649816263,0.6454629765683942,0.1287259744607085,0.2258110489708969
random_forest,midfield_diff,29,15.07907649816263,0.4390088126450633,0.2398711891137382,0.3211199982411986
random_forest,midfield_diff,30,15.07907649816263,0.06795278436750732,0.48706711232249583,0.4449801033099971
random_forest,midfield_diff,31,15.07907649816263,0.07256726825245279,0.6726907327768563,0.2547419989706907
random_forest,midfield_diff,32,15.07907649816263,0.5001106025973135,0.25699019609608487,0.24289920130660184
random_forest,midfield_diff,33,15.07907649816263,0.5864996845850494,0.16388217900908572,0.2496181364058645
random_forest,midfield_diff,34,15.07907649816263,0.42805430043070136,0.32398052696899093,0.24796517260030748
random_forest,midfield_diff,35,15.07907649816263,0.8054867126621706,0.06434489181345888,0.1301683955243706
random_forest,midfield_diff,36,15.07907649816263,0.44790951853065014,0.27958653548208906,0.2725039459872611
random_forest,midfield_diff,37,15.07907649816263,0.0746473329928301,0.7178895361521666,0.20746313085500345
random_forest,midfield_diff,38,15.07907649816263,0.4267100812506243,0.19355413351464426,0.37973578523473145
random_forest,midfield_diff,39,15.07907649816263,0.8550223843319925,0.021809296724239546,0.12316831894376797
random_forest,midfield_diff,40,15.07907649816263,0.4066135336530113,0.3348392989442209,0.2585471674027679
random_forest,midfield_diff,41,15.07907649816263,0.0765843420233213,0.704379055725989,0.21903660225068952
random_forest,midfield_diff,42,15.07907649816263,0.6734237259886392,0.018347522579127976,0.30822875143223266
random_forest,midfield_diff,43,15.07907649816263,0.2947078825830465,0.29013974796239494,0.4151523694545585
random_forest,midfield_diff,44,15.07907649816263,0.14165968024697959,0.6717540579483607,0.18658626180465945
random_forest,midfield_diff,45,15.07907649816263,0.41446167120955607,0.16508426547137464,0.4204540633190692
random_forest,midfield_diff,46,15.07907649816263,0.08908214690264961,0.6115215910103486,0.29939626208700193
random_forest,midfield_diff,47,15.07907649816263,0.18205934606342833,0.42620215484166774,0.39173849909490416
random_forest,midfield_diff,48,15.07907649816263,0.7899162885345077,0.08445580774272132,0.12562790372277088
random_forest,midfield_diff,49,15.07907649816263,0.4897889126185679,0.1545930301957776,0.3556180571856546
random_forest,defense_vs_attack,0,-15.000067691937414,0.22044423324394405,0.44752624013882514,0.3320295266172308
random_forest,defense_vs_attack,1,-15.000067691937414,0.10809037703439661,0.5362791016107357,0.3556305213548681
random_forest,defense_vs_attack,2,-15.000067691937414,0.2290562864906487,0.5181888312457278,0.25275488226362347
random_forest,defense_vs_attack,3,-15.000067691937414,0.15480184321974902,0.5087576880579702,0.3364404687222808
random_forest,defense_vs_attack,4,-15.000067691937414,0.023207058807523,0.7285420273842695,0.24825091380820763
random_forest,defense_vs_attack,5,-15.000067691937414,0.05776002826047533,0.6789185164705002,0.26332145526902445
random_forest,defense_vs_attack,6,-15.000067691937414,0.05693913070758715,0.6487313442903652,0.2943295250020474
random_forest,defense_vs_attack,7,-15.000067691937414,0.08103485833363287,0.7230995108937962,0.19586563077257066
random_forest,defense_vs_attack,8,-15.000067691937414,0.22266575073752815,0.5273105675781,0.25002368168437183
random_forest,defense_vs_attack,9,-15.000067691937414,0.5046154631995089,0.16947888990932658,0.32590564689116425
random_forest,defense_vs_attack,10,-15.000067691937414,0.5667786076628415,0.18891112983578343,0.24431026250137503
random_forest,defense_vs_attack,11,-15.000067691937414,0.11143548507480384,0.48349122542805256,0.405073289497144
random_forest,defense_vs_attack,12,-15.000067691937414,0.16477555790119056,0.469276468104961,0.36594797399384854
random_forest,defense_vs_attack,13,-15.000067691937414,0.18261808792530712,0.5527476898714875,0.26463422220320537
random_forest,defense_vs_attack,14,-15.000067691937414,0.6971235452446859,0.10633200215356582,0.19654445260174838
random_forest,defense_vs_attack,15,-15.000067691937414,0.3163923954081242,0.17105934741894233,0.5125482571729337
random_forest,defense_vs_attack,16,-15.000067691937414,0.6976781683052299,0.09736254158639036,0.2049592901083798
random_forest,defense_vs_attack,17,-15.000067691937414,0.6222244748974223,0.15796991162791965,0.21980561347465785
random_forest,defense_vs_attack,18,-15.000067691937414,0.6926335864620374,0.08030755892429774,0.22705885461366496
random_forest,defense_vs_attack,19,-15.000067691937414,0.06754267033023732,0.5859052519102955,0.34655207775946706
random_forest,defense_vs_attack,20,-15.000067691937414,0.5878748653651663,0.08590069723361915,0.32622443740121465
random_forest,defense_vs_attack,21,-15.000067691937414,0.03664894535754679,0.7131444222602971,0.2502066323821564
random_forest,defense_vs_attack,22,-15.000067691937414,0.034524611011562664,0.819623067615724,0.14585232137271364
random_forest,defense_vs_attack,23,-15.000067691937414,0.580504859858889,0.10808451220334032,0.31141062793777025
random_forest,defense_vs_attack,24,-15.000067691937414,0.08749640826134214,0.6049811626098502,0.30752242912880745
random_forest,defense_vs_attack,25,-15.000067691937414,0.5291235518937386,0.11564468911864668,0.3552317589876148
random_forest,defense_vs_attack,26,-15.000067691937414,0.5700360598395394,0.07135977557018011,0.35860416459028044
random_forest,defense_vs_attack,27,-15.000067691937414,0.12322396751780712,0.44637530731902936,0.4304007251631638
random_forest,defense_vs_attack,28,-15.000067691937414,0.552744272927656,0.14529438741919265,0.3019613396531508
random_forest,defense_vs_attack,29,-15.000067691937414,0.33691092890110036,0.3363862352898663,0.32670283580903353
random_forest,defense_vs_attack,30,-15.000067691937414,0.0502307065028094,0.5074365972628332,0.4423326962343577
random_forest,defense_vs_attack,31,-15.000067691937414,0.017265219380706184,0.743875430022944,0.2388593505963497
random_forest,defense_vs_attack,32,-15.000067691937414,0.44981893042219717,0.28874394077110505,0.26143712880669784
random_forest,defense_vs_attack,33,-15.000067691937414,0.5413772728531033,0.17419264767695872,0.28443007946993765
random_forest,defense_vs_attack,34,-15.000067691937414,0.3572313803479257,0.3387451787448997,0.30402344090717476
random_forest,defense_vs_attack,35,-15.000067691937414,0.6933364895636481,0.12464791267268904,0.18201559776366275
random_forest,defense_vs_attack,36,-15.000067691937414,0.4289061579580755,0.3204129848514122,0.2506808571905124
random_forest,defense_vs_attack,37,-15.000067691937414,0.02116216634501919,0.8126871101917351,0.16615072346324578
random_forest,defense_vs_attack,38,-15.000067691937414,0.39723507930663127,0.22214452036796895,0.3806204003253999
random_forest,defense_vs_attack,39,-15.000067691937414,0.7708840869120558,0.08064231986801575,0.1484735932199287
random_forest,defense_vs_attack,40,-15.000067691937414,0.23551913525254772,0.48596734974541594,0.2785135150020363
random_forest,defense_vs_attack,41,-15.000067691937414,0.01510890910506716,0.8043915971726349,0.18049949372229776
random_forest,defense_vs_attack,42,-15.000067691937414,0.605671005545557,0.06915530246835784,0.3251736919860851
random_forest,defense_vs_attack,43,-15.000067691937414,0.22786614662985213,0.3946388043771634,0.3774950489929845
random_forest,defense_vs_attack,44,-15.000067691937414,0.07821754882968059,0.7077410504495544,0.21404140072076508
random_forest,defense_vs_attack,45,-15.000067691937414,0.36714376692840545,0.1974991829944701,0.43535705007712444
random_forest,defense_vs_attack,46,-15.000067691937414,0.054119026142177847,0.6980562559744786,0.24782471788334304
random_forest,defense_vs_attack,47,-15.000067691937414,0.15130681913120825,0.5000839524559292,0.3486092284128625
random_forest,defense_vs_attack,48,-15.000067691937414,0.6906023371646614,0.15814462014551325,0.15125304268982534
random_forest,defense_vs_attack,49,-15.000067691937414,0.3320522743436794,0.270530243249873,0.39741748240644753
random_forest,defense_vs_attack,0,-11.53976133796582,0.22328454314331558,0.43883174774232264,0.33788370911436183
random_forest,defense_vs_attack,1,-11.53976133796582,0.10859542008560574,0.5385857744241943,0.3528188054902004
random_forest,defense_vs_attack,2,-11.53976133796582,0.2290562864906487,0.5181888312457278,0.25275488226362347
random_forest,defense_vs_attack,3,-11.53976133796582,0.15978817159186595,0.5040184438505604,0.3361933845575737
random_forest,defense_vs_attack,4,-11.53976133796582,0.024108130022948693,0.7209855691819637,0.2549063007950878
random_forest,defense_vs_attack,5,-11.53976133796582,0.05742058290376606,0.6866196980229337,0.25595971907330006
random_forest,defense_vs_attack,6,-11.53976133796582,0.06077446108817941,0.6597119547132114,0.27951358419860906
random_forest,defense_vs_attack,7,-11.53976133796582,0.08325273281619032,0.7420448533403364,0.17470241384347304
random_forest,defense_vs_attack,8,-11.53976133796582,0.22266575073752815,0.5273105675781,0.25002368168437183
random_forest,defense_vs_attack,9,-11.53976133796582,0.5046154631995089,0.16947888990932658,0.32590564689116425
random_forest,defense_vs_attack,10,-11.53976133796582,0.5667786076628415,0.18891112983578343,0.24431026250137503
random_forest,defense_vs_attack,11,-11.53976133796582,0.11212388753068807,0.477120582630774,0.4107555298385383
random_forest,defense_vs_attack,12,-11.53976133796582,0.17020618914190547,0.4675726664446396,0.3622211444134551
random_forest,defense_vs_attack,13,-11.53976133796582,0.18460373471238378,0.5529117536340438,0.26248451165357234
random_forest,defense_vs_attack,14,-11.53976133796582,0.6971235452446859,0.10633200215356582,0.19654445260174838
random_forest,defense_vs_attack,15,-11.53976133796582,0.3163923954081242,0.17105934741894233,0.5125482571729337
random_forest,defense_vs_attack,16,-11.53976133796582,0.6976781683052299,0.09736254158639036,0.2049592901083798
random_forest,defense_vs_attack,17,-11.53976133796582,0.6222244748974223,0.15796991162791965,0.21980561347465785
random_forest,defense_vs_attack,18,-11.53976133796582,0.6926335864620374,0.08030755892429774,0.22705885461366496
random_forest,defense_vs_attack,19,-11.53976133796582,0.06827728011437482,0.5819909795416489,0.3497317403439762
random_forest,defense_vs_attack,20,-11.53976133796582,0.5878748653651663,0.08590069723361915,0.32622443740121465
random_forest,defense_vs_attack,21,-11.53976133796582,0.033620404992854354,0.7281474591231256,0.23823213588402034
random_forest,defense_vs_attack,22,-11.53976133796582,0.036533458950490906,0.8368046195927478,0.12666192145676156
random_forest,defense_vs_attack,23,-11.53976133796582,0.580504859858889,0.10808451220334032,0.31141062793777025
random_forest,defense_vs_attack,24,-11.53976133796582,0.09415096305195188,0.6146596612674313,0.29118937568061665
random_forest,defense_vs_attack,25,-11.53976133796582,0.5291235518937386,0.11564468911864668,0.3552317589876148
random_forest,defense_vs_attack,26,-11.53976133796582,0.5700360598395394,0.07135977557018011,0.35860416459028044
random_forest,defense_vs_attack,27,-11.53976133796582,0.12494524348017778,0.43606753087021893,0.43898722564960346
random_forest,defense_vs_attack,28,-11.53976133796582,0.552744272927656,0.14529438741919265,0.3019613396531508
random_forest,defense_vs_attack,29,-11.53976133796582,0.33691092890110036,0.3363862352898663,0.32670283580903353
random_forest,defense_vs_attack,30,-11.53976133796582,0.05037522512631835,0.5001397889561177,0.4494849859175643
random_forest,defense_vs_attack,31,-11.53976133796582,0.017726303288554675,0.7568404545249812,0.225433242186464
random_forest,defense_vs_attack,32,-11.53976133796582,0.44981893042219717,0.2846792197194666,0.2655018498583363
random_forest,defense_vs_attack,33,-11.53976133796582,0.5413772728531033,0.17419264767695872,0.28443007946993765
random_forest,defense_vs_attack,34,-11.53976133796582,0.3572313803479257,0.3387451787448997,0.30402344090717476
random_forest,defense_vs_attack,35,-11.53976133796582,0.6933364895636481,0.12464791267268904,0.18201559776366275
random_forest,defense_vs_attack,36,-11.53976133796582,0.4289061579580755,0.3204129848514122,0.2506808571905124
random_forest,defense_vs_attack,37,-11.53976133796582,0.023232826333245974,0.8083633388351658,0.16840383483158852
random_forest,defense_vs_attack,38,-11.53976133796582,0.39723507930663127,0.22214452036796895,0.3806204003253999
random_forest,defense_vs_attack,39,-11.53976133796582,0.7708840869120558,0.08064231986801575,0.1484735932199287
random_forest,defense_vs_attack,40,-11.53976133796582,0.23551913525254772,0.48596734974541594,0.2785135150020363
random_forest,defense_vs_attack,41,-11.53976133796582,0.017207375086991623,0.8195341051277722,0.16325851978523584
random_forest,defense_vs_attack,42,-11.53976133796582,0.605671005545557,0.06915530246835784,0.3251736919860851
random_forest,defense_vs_attack,43,-11.53976133796582,0.22786614662985213,0.3946388043771634,0.3774950489929845
random_forest,defense_vs_attack,44,-11.53976133796582,0.07967040078843719,0.7100357990177297,0.21029380019383312
random_forest,defense_vs_attack,45,-11.53976133796582,0.36714376692840545,0.1974991829944701,0.43535705007712444
random_forest,defense_vs_attack,46,-11.53976133796582,0.054066279232805624,0.702481783711975,0.2434519370552191
random_forest,defense_vs_attack,47,-11.53976133796582,0.1565642911443727,0.49109875829591937,0.35233695055970804
random_forest,defense_vs_attack,48,-11.53976133796582,0.6906023371646614,0.15814462014551325,0.15125304268982534
random_forest,defense_vs_attack,49,-11.53976133796582,0.3320522743436794,0.270530243249873,0.39741748240644753
random_forest,defense_vs_attack,0,-9.403847548940918,0.2283997514704222,0.42912564771598266,0.3424746008135951
random_forest,defense_vs_attack,1,-9.403847548940918,0.11498208031201945,0.5072627611482126,0.37775515853976827
random_forest,defense_vs_attack,2,-9.403847548940918,0.23040433892781975,0.5131655923472361,0.256430068724944
random_forest,defense_vs_attack,3,-9.403847548940918,0.16827498554122614,0.49547677420646025,0.3362482402523137
random_forest,defense_vs_attack,4,-9.403847548940918,0.026113261954658767,0.7026835318166239,0.2712032062287176
random_forest,defense_vs_attack,5,-9.403847548940918,0.06195072216959415,0.6573995676152119,0.28064971021519397
random_forest,defense_vs_attack,6,-9.403847548940918,0.06551768933501316,0.6302533012792273,0.30422900938575953
random_forest,defense_vs_attack,7,-9.403847548940918,0.0847558893211484,0.744642511763223,0.1706015989156284
random_forest,defense_vs_attack,8,-9.403847548940918,0.22392794023184592,0.5233213436250529,0.25275071614310113
random_forest,defense_vs_attack,9,-9.403847548940918,0.5046154631995089,0.16947888990932658,0.32590564689116425
random_forest,defense_vs_attack,10,-9.403847548940918,0.5667786076628415,0.18891112983578343,0.24431026250137503
random_forest,defense_vs_attack,11,-9.403847548940918,0.11562080421478077,0.4645582514337434,0.41982094435147616
random_forest,defense_vs_attack,12,-9.403847548940918,0.1702806328064992,0.4571139026814113,0.3726054645120897
random_forest,defense_vs_attack,13,-9.403847548940918,0.18644069506392438,0.5452246532591908,0.26833465167688464
random_forest,defense_vs_attack,14,-9.403847548940918,0.6971235452446859,0.10633200215356582,0.19654445260174838
random_forest,defense_vs_attack,15,-9.403847548940918,0.31492487661652874,0.16732617331709665,0.5177489500663749
random_forest,defense_vs_attack,16,-9.403847548940918,0.6976781683052299,0.09736254158639036,0.2049592901083798
random_forest,defense_vs_attack,17,-9.403847548940918,0.6222244748974223,0.15796991162791965,0.21980561347465785
random_forest,defense_vs_attack,18,-9.403847548940918,0.6926335864620374,0.08030755892429774,0.22705885461366496
random_forest,defense_vs_attack,19,-9.403847548940918,0.07019314130012994,0.5800788236260047,0.34972803507386535
random_forest,defense_vs_attack,20,-9.403847548940918,0.5878748653651663,0.08590069723361915,0.32622443740121465
random_forest,defense_vs_attack,21,-9.403847548940918,0.03738232749687408,0.7170973220287369,0.24552035047438928
random_forest,defense_vs_attack,22,-9.403847548940918,0.03692654245508296,0.8366053429506649,0.12646811459425242
random_forest,defense_vs_attack,23,-9.403847548940918,0.580504859858889,0.10808451220334032,0.31141062793777025
random_forest,defense_vs_attack,24,-9.403847548940918,0.0990193777615951,0.6086726287804158,0.292307993457989
random_forest,defense_vs_attack,25,-9.403847548940918,0.5291235518937386,0.11564468911864668,0.3552317589876148
random_forest,defense_vs_attack,26,-9.403847548940918,0.5700360598395394,0.07135977557018011,0.35860416459028044
random_forest,defense_vs_attack,27,-9.403847548940918,0.1276936845178731,0.4247944829350822,0.4475118325470448
random_forest,defense_vs_attack,28,-9.403847548940918,0.552744272927656,0.14529438741919265,0.3019613396531508
random_forest,defense_vs_attack,29,-9.403847548940918,0.3397987071468038,0.3282977641507216,0.3319035287024747
random_forest,defense_vs_attack,30,-9.403847548940918,0.05366120088155942,0.5051100052403924,0.44122879387804853
random_forest,defense_vs_attack,31,-9.403847548940918,0.01806510407832238,0.7590694023341436,0.2228654935875339
random_forest,defense_vs_attack,32,-9.403847548940918,0.44293972614848126,0.28635773109974133,0.27070254275177746
random_forest,defense_vs_attack,33,-9.403847548940918,0.5435944652472854,0.16663829996764903,0.28976723478506533
random_forest,defense_vs_attack,34,-9.403847548940918,0.3572313803479257,0.3387451787448997,0.30402344090717476
random_forest,defense_vs_attack,35,-9.403847548940918,0.6933364895636481,0.12464791267268904,0.18201559776366275
random_forest,defense_vs_attack,36,-9.403847548940918,0.4274386391664801,0.31667981074956647,0.2558815500839536
random_forest,defense_vs_attack,37,-9.403847548940918,0.02604374950029235,0.7765296585500936,0.1974265919496141
random_forest,defense_vs_attack,38,-9.403847548940918,0.39576756051503575,0.21841134626612324,0.38582109321884106
random_forest,defense_vs_attack,39,-9.403847548940918,0.7708840869120558,0.08064231986801575,0.1484735932199287
random_forest,defense_vs_attack,40,-9.403847548940918,0.23909658948267665,0.47871470905396646,0.28218870146335684
random_forest,defense_vs_attack,41,-9.403847548940918,0.017505600310133883,0.8166697558915454,0.16582464379832043
random_forest,defense_vs_attack,42,-9.403847548940918,0.605671005545557,0.06915530246835784,0.3251736919860851
random_forest,defense_vs_attack,43,-9.403847548940918,0.2319982975081131,0.39065679430923855,0.3773449081826484
random_forest,defense_vs_attack,44,-9.403847548940918,0.07651130750683406,0.7202847449345722,0.2032039475585937
random_forest,defense_vs_attack,45,-9.403847548940918,0.3656762481368101,0.1937660088926244,0.4405577429705656
random_forest,defense_vs_attack,46,-9.403847548940918,0.060947197770881784,0.6734123531996788,0.2656404490294391
random_forest,defense_vs_attack,47,-9.403847548940918,0.15968984840856776,0.48235540954336836,0.357954742048064
random_forest,defense_vs_attack,48,-9.403847548940918,0.6906023371646614,0.15814462014551325,0.15125304268982534
random_forest,defense_vs_attack,49,-9.403847548940918,0.33058475555208394,0.2667970691480273,0.4026181752998887
random_forest,defense_vs_attack,0,-8.092476359254102,0.2324845576592468,0.4024523115727801,0.3650631307679731
random_forest,defense_vs_attack,1,-8.092476359254102,0.11409052720851065,0.4940437939473008,0.3918656788441888
random_forest,defense_vs_attack,2,-8.092476359254102,0.22761084849016391,0.5181947503366944,0.2541944011731415
random_forest,defense_vs_attack,3,-8.092476359254102,0.17587472264645496,0.46985177075856027,0.35427350659498485
random_forest,defense_vs_attack,4,-8.092476359254102,0.030869191697631648,0.6843994502716754,0.2847313580306933
random_forest,defense_vs_attack,5,-8.092476359254102,0.06649775451262806,0.6408882814175275,0.29261396406984447
random_forest,defense_vs_attack,6,-8.092476359254102,0.06691917908830587,0.6334335856001421,0.2996472353115521
random_forest,defense_vs_attack,7,-8.092476359254102,0.08145107491329438,0.7439821617584111,0.17456676332829424
random_forest,defense_vs_attack,8,-8.092476359254102,0.2254477938683007,0.5191859720267729,0.2553662341049263
random_forest,defense_vs_attack,9,-8.092476359254102,0.503410437248112,0.1747663597148894,0.32182320303699824
random_forest,defense_vs_attack,10,-8.092476359254102,0.5655735817114446,0.19419859964134634,0.24022781864720902
random_forest,defense_vs_attack,11,-8.092476359254102,0.11835391005977487,0.43055693416076773,0.45108915577945763
random_forest,defense_vs_attack,12,-8.092476359254102,0.1777615324774052,0.43791942519059446,0.3843190423320004
random_forest,defense_vs_attack,13,-8.092476359254102,0.1880514084108225,0.5394363292484701,0.2725122623407072
random_forest,defense_vs_attack,14,-8.092476359254102,0.6959185192932891,0.11161947195912865,0.19246200874758237
random_forest,defense_vs_attack,15,-8.092476359254102,0.31492487661652874,0.16126223130368764,0.5238128920797839
random_forest,defense_vs_attack,16,-8.092476359254102,0.6983660322092599,0.09769483747681673,0.20393913031392338
random_forest,defense_vs_attack,17,-8.092476359254102,0.62096316924838,0.15693641661644875,0.222100414135171
random_forest,defense_vs_attack,18,-8.092476359254102,0.6926335864620374,0.08030755892429774,0.22705885461366496
random_forest,defense_vs_attack,19,-8.092476359254102,0.07587649243088138,0.5695904084709021,0.35453309909821645
random_forest,defense_vs_attack,20,-8.092476359254102,0.5871913174757851,0.08547518679526485,0.32733349572895015
random_forest,defense_vs_attack,21,-8.092476359254102,0.03994776479855873,0.7169883303225498,0.24306390487889162
random_forest,defense_vs_attack,22,-8.092476359254102,0.04000149742937995,0.8373682216375163,0.12263028093310402
random_forest,defense_vs_attack,23,-8.092476359254102,0.580504859858889,0.10202057018993138,0.31747456995117923
random_forest,defense_vs_attack,24,-8.092476359254102,0.10554547729077218,0.6211704279354732,0.2732840947737547
random_forest,defense_vs_attack,25,-8.092476359254102,0.5291235518937386,0.10958074710523773,0.3612957010010238
random_forest,defense_vs_attack,26,-8.092476359254102,0.5688310338881426,0.07664724537574295,0.35452172073611443
random_forest,defense_vs_attack,27,-8.092476359254102,0.13360617859267612,0.41429160755776967,0.4521022138495543
random_forest,defense_vs_attack,28,-8.092476359254102,0.5534321368316861,0.145626683309619,0.30094117985869445
random_forest,defense_vs_attack,29,-8.092476359254102,0.34004133640910755,0.3347856008994492,0.3251730626914433
random_forest,defense_vs_attack,30,-8.092476359254102,0.05649009171810801,0.5070748064688247,0.4364351018130676
random_forest,defense_vs_attack,31,-8.092476359254102,0.02110798232369632,0.7553365355189713,0.22355548215733223
random_forest,defense_vs_attack,32,-8.092476359254102,0.4416068017805416,0.28967688598890173,0.2687163122305566
random_forest,defense_vs_attack,33,-8.092476359254102,0.5429109173579042,0.16621278952929472,0.2908762931128009
random_forest,defense_vs_attack,34,-8.092476359254102,0.3559700746988834,0.3377116837334288,0.3063182415676879
random_forest,defense_vs_attack,35,-8.092476359254102,0.6921314636122512,0.1299353824782519,0.1779331539094967
random_forest,defense_vs_attack,36,-8.092476359254102,0.42623361321508324,0.32196728055512935,0.2517991062297876
random_forest,defense_vs_attack,37,-8.092476359254102,0.028686377751659425,0.7534184907143585,0.21789513153398224
random_forest,defense_vs_attack,38,-8.092476359254102,0.39645542441906584,0.2187436421565496,0.3848009334243847
random_forest,defense_vs_attack,39,-8.092476359254102,0.7696790609606589,0.08592978967357857,0.1443911493657627
random_forest,defense_vs_attack,40,-8.092476359254102,0.23847285102318935,0.4862808580924393,0.2752462908843712
random_forest,defense_vs_attack,41,-8.092476359254102,0.02363166356021246,0.8154362669518548,0.16093206948793257
random_forest,defense_vs_attack,42,-8.092476359254102,0.6044659795941602,0.0744427722739207,0.3210912481319191
random_forest,defense_vs_attack,43,-8.092476359254102,0.2367441730658241,0.3951478876788425,0.3681079392553335
random_forest,defense_vs_attack,44,-8.092476359254102,0.07713837666604255,0.7229238184788621,0.19993780485509538
random_forest,defense_vs_attack,45,-8.092476359254102,0.3644712221854132,0.19905347869818732,0.4364752991163996
random_forest,defense_vs_attack,46,-8.092476359254102,0.06267019460002543,0.6662821209612726,0.2710476844387019
random_forest,defense_vs_attack,47,-8.092476359254102,0.16725955088646483,0.4619923673965863,0.37074808171694884
random_forest,defense_vs_attack,48,-8.092476359254102,0.6899187892752803,0.15771910970715894,0.15236210101756087
random_forest,defense_vs_attack,49,-8.092476359254102,0.33037623286089973,0.26809794142218485,0.40152582571691536
random_forest,defense_vs_attack,0,-6.245229423970257,0.22306350218381743,0.41953255926458916,0.35740393855159325
random_forest,defense_vs_attack,1,-6.245229423970257,0.11765992503793914,0.47370120720056536,0.4086388677614958
random_forest,defense_vs_attack,2,-6.245229423970257,0.23355103319431003,0.519165207726993,0.24728375907869682
random_forest,defense_vs_attack,3,-6.245229423970257,0.18233642139392323,0.46042296751575157,0.35724061109032523
random_forest,defense_vs_attack,4,-6.245229423970257,0.045326783002816236,0.6471574040025523,0.3075158129946318
random_forest,defense_vs_attack,5,-6.245229423970257,0.0685522596723876,0.6377508981261647,0.29369684220144765
random_forest,defense_vs_attack,6,-6.245229423970257,0.07775205185879051,0.6339269555018726,0.28832099263933686
random_forest,defense_vs_attack,7,-6.245229423970257,0.0863715568996636,0.7181613729271965,0.19546707017313925
random_forest,defense_vs_attack,8,-6.245229423970257,0.22166425623224154,0.5189249623795882,0.25941078138817014
random_forest,defense_vs_attack,9,-6.245229423970257,0.5109233112909034,0.16630981332508477,0.32276687538401155
random_forest,defense_vs_attack,10,-6.245229423970257,0.572687776122643,0.18571718475358925,0.2415950391237677
random_forest,defense_vs_attack,11,-6.245229423970257,0.1238475426486455,0.418874404932934,0.4572780524184206
random_forest,defense_vs_attack,12,-6.245229423970257,0.18140617570697035,0.41831748734819163,0.4002763369448381
random_forest,defense_vs_attack,13,-6.245229423970257,0.1998020013272314,0.5214826925510351,0.2787153061217333
random_forest,defense_vs_attack,14,-6.245229423970257,0.7050039015027229,0.10397354083679726,0.19102255766047993
random_forest,defense_vs_attack,15,-6.245229423970257,0.31822368052496164,0.15996803726553568,0.521808282209503
random_forest,defense_vs_attack,16,-6.245229423970257,0.7009637871653425,0.09363857053369488,0.2053976423009625
random_forest,defense_vs_attack,17,-6.245229423970257,0.6304592887084711,0.13916970495047093,0.2303710063410576
random_forest,defense_vs_attack,18,-6.245229423970257,0.7019099133453897,0.07103123204094544,0.22705885461366496
random_forest,defense_vs_attack,19,-6.245229423970257,0.07566894192719391,0.5385577204986512,0.3857733375741547
random_forest,defense_vs_attack,20,-6.245229423970257,0.5954588519989296,0.08239915445402185,0.32214199354704864
random_forest,defense_vs_attack,21,-6.245229423970257,0.04152241125747901,0.7108657704081031,0.24761181833441812
random_forest,defense_vs_attack,22,-6.245229423970257,0.047136610425867725,0.8186303486917108,0.1342330408824216
random_forest,defense_vs_attack,23,-6.245229423970257,0.5854828189685907,0.10180727823955278,0.3127099027918561
random_forest,defense_vs_attack,24,-6.245229423970257,0.11568083147848868,0.6272229532459048,0.2570962152756065
random_forest,defense_vs_attack,25,-6.245229423970257,0.5341015110034403,0.10936745515485911,0.35653103384170065
random_forest,defense_vs_attack,26,-6.245229423970257,0.5733216786996522,0.06763580451748466,0.3590425167828632
random_forest,defense_vs_attack,27,-6.245229423970257,0.1450793441689192,0.39587609884148184,0.45904455698959884
random_forest,defense_vs_attack,28,-6.245229423970257,0.5560298917877688,0.14157041636649723,0.30239969184573356
random_forest,defense_vs_attack,29,-6.245229423970257,0.3390931346261124,0.3447124029837285,0.3161944623901593
random_forest,defense_vs_attack,30,-6.245229423970257,0.06304672665994526,0.5034927978402789,0.433460475499776
random_forest,defense_vs_attack,31,-6.245229423970257,0.028446496386662194,0.7500301477211121,0.22152335589222572
random_forest,defense_vs_attack,32,-6.245229423970257,0.46460360460394884,0.26671528973859354,0.2686811056574578
random_forest,defense_vs_attack,33,-6.245229423970257,0.5589334070312291,0.16298414802978425,0.2780824449389864
random_forest,defense_vs_attack,34,-6.245229423970257,0.37246344910371093,0.3214861671318511,0.30605038376443816
random_forest,defense_vs_attack,35,-6.245229423970257,0.6979515064079994,0.1221562880278041,0.17989220556419638
random_forest,defense_vs_attack,36,-6.245229423970257,0.4336088119736054,0.30366686342471455,0.2627243246016802
random_forest,defense_vs_attack,37,-6.245229423970257,0.04653168862366183,0.7402492365278514,0.2132190748484871
random_forest,defense_vs_attack,38,-6.245229423970257,0.39970015640292483,0.21660224158879746,0.3836976020082776
random_forest,defense_vs_attack,39,-6.245229423970257,0.7721393972508254,0.08049778802505443,0.1473628147241203
random_forest,defense_vs_attack,40,-6.245229423970257,0.2505531202792634,0.4694740392038665,0.27997284051687005
random_forest,defense_vs_attack,41,-6.245229423970257,0.034866162519711225,0.8069137516510763,0.1582200858292124
random_forest,defense_vs_attack,42,-6.245229423970257,0.6132549921793203,0.06565375968876051,0.3210912481319191
random_forest,defense_vs_attack,43,-6.245229423970257,0.22356559048367272,0.3777354713113214,0.39869893820500596
random_forest,defense_vs_attack,44,-6.245229423970257,0.08047436499783175,0.715469124924009,0.20405651007815917
random_forest,defense_vs_attack,45,-6.245229423970257,0.37008732076934553,0.18733237676484385,0.44258030246581076
random_forest,defense_vs_attack,46,-6.245229423970257,0.06634941329997614,0.6437745603018156,0.28987602639820825
random_forest,defense_vs_attack,47,-6.245229423970257,0.17313935244159762,0.4360436574271714,0.390816990131231
random_forest,defense_vs_attack,48,-6.245229423970257,0.7017915569507464,0.14396360224955287,0.15424484079970066
random_forest,defense_vs_attack,49,-6.245229423970257,0.3464231825348197,0.249703544154397,0.4038732733107832
random_forest,defense_vs_attack,0,-4.547230674288433,0.22315451876410355,0.41206490217981356,0.36478057905608274
random_forest,defense_vs_attack,1,-4.547230674288433,0.11571881575030972,0.5005639744792277,0.3837172097704627
random_forest,defense_vs_attack,2,-4.547230674288433,0.2570854190756517,0.4979949226021134,0.2449196583222348
random_forest,defense_vs_attack,3,-4.547230674288433,0.192509376718637,0.4386334794269136,0.36885714385444923
random_forest,defense_vs_attack,4,-4.547230674288433,0.04894903030761477,0.6458314107341047,0.30521955895828107
random_forest,defense_vs_attack,5,-4.547230674288433,0.08134946850249612,0.6160962950577953,0.30255423643970847
random_forest,defense_vs_attack,6,-4.547230674288433,0.08259368303095285,0.6484783904205553,0.2689279265484918
random_forest,defense_vs_attack,7,-4.547230674288433,0.09769074744709827,0.7257540778324322,0.1765551747204692
random_forest,defense_vs_attack,8,-4.547230674288433,0.22799505143716045,0.5043986292495337,0.2676063193133058
random_forest,defense_vs_attack,9,-4.547230674288433,0.5104446173339864,0.15789626327368902,0.33165911939232445
random_forest,defense_vs_attack,10,-4.547230674288433,0.5825158418634039,0.1910048667746087,0.22647929136198744
random_forest,defense_vs_attack,11,-4.547230674288433,0.1271175720208804,0.42536208988897584,0.4475203380901438
random_forest,defense_vs_attack,12,-4.547230674288433,0.18116081495762937,0.4229110956680382,0.39592808937433244
random_forest,defense_vs_attack,13,-4.547230674288433,0.21287564912564147,0.5153988729908322,0.27172547788352625
random_forest,defense_vs_attack,14,-4.547230674288433,0.7080714900059685,0.10602785369629204,0.1859006562977397
random_forest,defense_vs_attack,15,-4.547230674288433,0.31822368052496164,0.15996803726553568,0.521808282209503
random_forest,defense_vs_attack,16,-4.547230674288433,0.7009637871653425,0.09363857053369488,0.2053976423009625
random_forest,defense_vs_attack,17,-4.547230674288433,0.6360935084917385,0.1408852126417424,0.22302127886651882
random_forest,defense_vs_attack,18,-4.547230674288433,0.7019099133453897,0.07103123204094544,0.22705885461366496
random_forest,defense_vs_attack,19,-4.547230674288433,0.08405191303157834,0.5304536986135439,0.3854943883548778
random_forest,defense_vs_attack,20,-4.547230674288433,0.5954588519989296,0.08239915445402185,0.32214199354704864
random_forest,defense_vs_attack,21,-4.547230674288433,0.053500941150592445,0.709650856116474,0.23684820273293375
random_forest,defense_vs_attack,22,-4.547230674288433,0.06045891766267721,0.8116066062920188,0.12793447604530403
random_forest,defense_vs_attack,23,-4.547230674288433,0.5854828189685907,0.10180727823955278,0.3127099027918561
random_forest,defense_vs_attack,24,-4.547230674288433,0.12470074309651198,0.637359074288016,0.237940182615472
random_forest,defense_vs_attack,25,-4.547230674288433,0.5341015110034403,0.10936745515485911,0.35653103384170065
random_forest,defense_vs_attack,26,-4.547230674288433,0.5733216786996522,0.06763580451748466,0.3590425167828632
random_forest,defense_vs_attack,27,-4.547230674288433,0.14176223254353656,0.39816259818118344,0.4600751692752798
random_forest,defense_vs_attack,28,-4.547230674288433,0.5560298917877688,0.14157041636649723,0.30239969184573356
random_forest,defense_vs_attack,29,-4.547230674288433,0.34246913670310913,0.3353481521256769,0.32218271117121416
random_forest,defense_vs_attack,30,-4.547230674288433,0.08032338049854489,0.48744228879172224,0.4322343307097331
random_forest,defense_vs_attack,31,-4.547230674288433,0.03824341491504151,0.7405881940059019,0.22116839107905653
random_forest,defense_vs_attack,32,-4.547230674288433,0.460799892710047,0.2677367201769156,0.2714633871130375
random_forest,defense_vs_attack,33,-4.547230674288433,0.5589334070312291,0.16298414802978425,0.2780824449389864
random_forest,defense_vs_attack,34,-4.547230674288433,0.38774959367297585,0.32249562610732796,0.2897547802196963
random_forest,defense_vs_attack,35,-4.547230674288433,0.7010190949112448,0.12421060088729889,0.17477030420145612
random_forest,defense_vs_attack,36,-4.547230674288433,0.44113969514976387,0.290760487887654,0.2680998169625824
random_forest,defense_vs_attack,37,-4.547230674288433,0.05548677394880253,0.7355931131180168,0.20892011293318083
random_forest,defense_vs_attack,38,-4.547230674288433,0.4017960060484194,0.21143052922419392,0.38677346472738666
random_forest,defense_vs_attack,39,-4.547230674288433,0.7760757684794598,0.08437045922497179,0.13955377229556842
random_forest,defense_vs_attack,40,-4.547230674288433,0.2612548108039381,0.46230140421599963,0.2764437849800623
random_forest,defense_vs_attack,41,-4.547230674288433,0.04772725399768996,0.8069032821728189,0.145369463829491
random_forest,defense_vs_attack,42,-4.547230674288433,0.6132549921793203,0.06565375968876051,0.3210912481319191
random_forest,defense_vs_attack,43,-4.547230674288433,0.22664064396384678,0.3863882089207104,0.38697114711544284
random_forest,defense_vs_attack,44,-4.547230674288433,0.08592736782964898,0.7182931492912269,0.19577948287912397
random_forest,defense_vs_attack,45,-4.547230674288433,0.36982583040130607,0.18418880735030452,0.4459853622483894
random_forest,defense_vs_attack,46,-4.547230674288433,0.0719761883595444,0.6383948017493692,0.2896290098910862
random_forest,defense_vs_attack,47,-4.547230674288433,0.17401516010664078,0.43522844050664794,0.3907563993867113
random_forest,defense_vs_attack,48,-4.547230674288433,0.7105511408553781,0.14772749357478857,0.14172136556983317
random_forest,defense_vs_attack,49,-4.547230674288433,0.36601538902127945,0.243461608340126,0.39052300263859446
random_forest,defense_vs_attack,0,-3.074328184048169,0.21615382328851762,0.4194191973616885,0.3644269793497937
random_forest,defense_vs_attack,1,-3.074328184048169,0.11889805508559886,0.5034530768438258,0.37764886807057546
random_forest,defense_vs_attack,2,-3.074328184048169,0.2501454577483975,0.4976793140808076,0.2521752281707948
random_forest,defense_vs_attack,3,-3.074328184048169,0.19815393719972593,0.43509450253322,0.3667515602670539
random_forest,defense_vs_attack,4,-3.074328184048169,0.054190238284780506,0.6457692253381397,0.3000405363770802
random_forest,defense_vs_attack,5,-3.074328184048169,0.0832236030699416,0.6147813500666456,0.30199504686341266
random_forest,defense_vs_attack,6,-3.074328184048169,0.0893544347794607,0.652239870552057,0.25840569466848223
random_forest,defense_vs_attack,7,-3.074328184048169,0.09926993261321733,0.7339739347272242,0.16675613265955827
random_forest,defense_vs_attack,8,-3.074328184048169,0.23541464164755446,0.49131477963361153,0.27327057871883403
random_forest,defense_vs_attack,9,-3.074328184048169,0.5059473523921468,0.15048413473224578,0.34356851287560725
random_forest,defense_vs_attack,10,-3.074328184048169,0.5708442882279421,0.19681958710289535,0.23233612466916242
random_forest,defense_vs_attack,11,-3.074328184048169,0.12939774372113524,0.42249211024273886,0.4481101460361259
random_forest,defense_vs_attack,12,-3.074328184048169,0.1833468966855275,0.43078771753832196,0.3858653857761505
random_forest,defense_vs_attack,13,-3.074328184048169,0.21703103828983772,0.5143036566148736,0.2686653050952886
random_forest,defense_vs_attack,14,-3.074328184048169,0.7039448580857668,0.09920060320944901,0.19685453870478434
random_forest,defense_vs_attack,15,-3.074328184048169,0.3071357161085584,0.16226537752816947,0.5305989063632724
random_forest,defense_vs_attack,16,-3.074328184048169,0.6909341025586518,0.0859751130880931,0.22309078435325483
random_forest,defense_vs_attack,17,-3.074328184048169,0.6335380953264816,0.14103576376522012,0.22542614090829804
random_forest,defense_vs_attack,18,-3.074328184048169,0.713152355805497,0.06065886814643793,0.2261887760480652
random_forest,defense_vs_attack,19,-3.074328184048169,0.08962940367125817,0.5359518248291626,0.37441877149957925
random_forest,defense_vs_attack,20,-3.074328184048169,0.604154348379886,0.07225076707381978,0.3235948845462943
random_forest,defense_vs_attack,21,-3.074328184048169,0.061325784903746544,0.714941796644233,0.22373241845202077
random_forest,defense_vs_attack,22,-3.074328184048169,0.06179713340796725,0.8083507492746412,0.12985211731739163
random_forest,defense_vs_attack,23,-3.074328184048169,0.58200691204132,0.0997976604269236,0.31819542753175595
random_forest,defense_vs_attack,24,-3.074328184048169,0.13153977803068773,0.6420498767979621,0.2264103451713502
random_forest,defense_vs_attack,25,-3.074328184048169,0.5277735189980729,0.1086287541477718,0.3635977268541555
random_forest,defense_vs_attack,26,-3.074328184048169,0.5600753969740032,0.0699282038360891,0.36999639918990795
random_forest,defense_vs_attack,27,-3.074328184048169,0.14939764175374895,0.3997168020573336,0.4508855561889173
random_forest,defense_vs_attack,28,-3.074328184048169,0.5295396697598831,0.13919180628526331,0.3312685239548533
random_forest,defense_vs_attack,29,-3.074328184048169,0.3289836845966287,0.3287668335547666,0.34224948184860476
random_forest,defense_vs_attack,30,-3.074328184048169,0.08561518614399662,0.4925864200815628,0.4217983937744407
random_forest,defense_vs_attack,31,-3.074328184048169,0.049237036457168,0.7389118715772511,0.21185109196558086
random_forest,defense_vs_attack,32,-3.074328184048169,0.46720622756075364,0.26480828235258264,0.2679854900866639
random_forest,defense_vs_attack,33,-3.074328184048169,0.576364893089942,0.1473684492970244,0.27626665761303343
random_forest,defense_vs_attack,34,-3.074328184048169,0.389405423633776,0.32894107017613705,0.2816535061900871
random_forest,defense_vs_attack,35,-3.074328184048169,0.7102676931273723,0.1229724068738924,0.16675989999873528
random_forest,defense_vs_attack,36,-3.074328184048169,0.42739443780084563,0.28416914158764905,0.28843642061150554
random_forest,defense_vs_attack,37,-3.074328184048169,0.05494217285060568,0.7348418635570199,0.2102159635923746
random_forest,defense_vs_attack,38,-3.074328184048169,0.4041189541669768,0.20591678090291185,0.3899642649301113
random_forest,defense_vs_attack,39,-3.074328184048169,0.7719491365592582,0.07754320873812875,0.15050765470261307
random_forest,defense_vs_attack,40,-3.074328184048169,0.2702306648495399,0.44688522715317425,0.28288410799728586
random_forest,defense_vs_attack,41,-3.074328184048169,0.05346481180474024,0.7992480830936811,0.1472871051015786
random_forest,defense_vs_attack,42,-3.074328184048169,0.6198486902668748,0.0585857556105564,0.32156555412256854
random_forest,defense_vs_attack,43,-3.074328184048169,0.22652078406786905,0.376255096819682,0.3972241191124491
random_forest,defense_vs_attack,44,-3.074328184048169,0.09607718905594871,0.7046940825948075,0.19922872834924374
random_forest,defense_vs_attack,45,-3.074328184048169,0.3672723418094442,0.1808478373772864,0.4518798208132693
random_forest,defense_vs_attack,46,-3.074328184048169,0.07115968617425782,0.6402503103168933,0.2885900035088487
random_forest,defense_vs_attack,47,-3.074328184048169,0.17474365180314247,0.43494003169804535,0.39031631649881215
random_forest,defense_vs_attack,48,-3.074328184048169,0.7084426145840087,0.14475809775766604,0.14679928765832506
random_forest,defense_vs_attack,49,-3.074328184048169,0.37515572193631397,0.24174334248832305,0.3831009355753629
random_forest,defense_vs_attack,0,-1.7311951579589666,0.22683434027276864,0.4091866776370916,0.3639789820901396
random_forest,defense_vs_attack,1,-1.7311951579589666,0.12510678937741324,0.5080657055893824,0.36682750503320466
random_forest,defense_vs_attack,2,-1.7311951579589666,0.25961767243800715,0.4789167878252305,0.2614655397367624
random_forest,defense_vs_attack,3,-1.7311951579589666,0.20278154713241628,0.43614253153291066,0.36107592133467287
random_forest,defense_vs_attack,4,-1.7311951579589666,0.05790930523413094,0.6425335422543302,0.2995571525115393
random_forest,defense_vs_attack,5,-1.7311951579589666,0.08550864896173466,0.6165627487839435,0.29792860225432183
random_forest,defense_vs_attack,6,-1.7311951579589666,0.0931412262006262,0.648974863128822,0.2578839106705517
random_forest,defense_vs_attack,7,-1.7311951579589666,0.10328717337528552,0.7234875227011096,0.17322530392360444
random_forest,defense_vs_attack,8,-1.7311951579589666,0.232521627727297,0.49815246683594266,0.2693259054367604
random_forest,defense_vs_attack,9,-1.7311951579589666,0.5385976340470496,0.15687472284105025,0.3045276431118998
random_forest,defense_vs_attack,10,-1.7311951579589666,0.6099015808395948,0.1948353939214972,0.195263025238908
random_forest,defense_vs_attack,11,-1.7311951579589666,0.13493908501496257,0.42740493190038187,0.4376559830846556
random_forest,defense_vs_attack,12,-1.7311951579589666,0.1876632956551446,0.43572738872602784,0.3766093156188275
random_forest,defense_vs_attack,13,-1.7311951579589666,0.21947284793943803,0.5007178855652018,0.2798092664953601
random_forest,defense_vs_attack,14,-1.7311951579589666,0.7130386647235943,0.09620437727932761,0.19075695799707829
random_forest,defense_vs_attack,15,-1.7311951579589666,0.3174453115960675,0.16382375295280996,0.5187309354511228
random_forest,defense_vs_attack,16,-1.7311951579589666,0.6961881949659873,0.08644797612078647,0.21736382891322617
random_forest,defense_vs_attack,17,-1.7311951579589666,0.6400368141302885,0.14677580024485123,0.21318738562486003
random_forest,defense_vs_attack,18,-1.7311951579589666,0.716026419347851,0.06424222913438432,0.21973135151776493
random_forest,defense_vs_attack,19,-1.7311951579589666,0.09239967487631413,0.5369951675708663,0.3706051575528195
random_forest,defense_vs_attack,20,-1.7311951579589666,0.6081974490122638,0.07555957546672237,0.31624297552101394
random_forest,defense_vs_attack,21,-1.7311951579589666,0.06372883422040988,0.7089097700400226,0.2273613957395678
random_forest,defense_vs_attack,22,-1.7311951579589666,0.06758300648247241,0.793477641024522,0.13893935249300568
random_forest,defense_vs_attack,23,-1.7311951579589666,0.5992153889854592,0.10620986348743722,0.29457474752710305
random_forest,defense_vs_attack,24,-1.7311951579589666,0.1491181087812111,0.6270345490724752,0.22384734214631374
random_forest,defense_vs_attack,25,-1.7311951579589666,0.5545502226766357,0.10946656174473951,0.3359832155786247
random_forest,defense_vs_attack,26,-1.7311951579589666,0.5673053893941805,0.06119150239297826,0.3715031082128412
random_forest,defense_vs_attack,27,-1.7311951579589666,0.15872278961150488,0.3936874158728683,0.4475897945156266
random_forest,defense_vs_attack,28,-1.7311951579589666,0.5728867929279201,0.13343719793606182,0.2936760091360176
random_forest,defense_vs_attack,29,-1.7311951579589666,0.3435959138515616,0.31704938940904853,0.3393546967393901
random_forest,defense_vs_attack,30,-1.7311951579589666,0.08998526538108292,0.49226276128350904,0.41775197333540803
random_forest,defense_vs_attack,31,-1.7311951579589666,0.05347408965785181,0.7300146837785632,0.21651122656358512
random_forest,defense_vs_attack,32,-1.7311951579589666,0.47986949110355265,0.2724722642594843,0.24765824463696318
random_forest,defense_vs_attack,33,-1.7311951579589666,0.5790105100782583,0.1521027949176099,0.2688866950041316
random_forest,defense_vs_attack,34,-1.7311951579589666,0.39224427526732436,0.33821370823887015,0.2695420164938056
random_forest,defense_vs_attack,35,-1.7311951579589666,0.7233173900266149,0.12926224480791015,0.1474203651654746
random_forest,defense_vs_attack,36,-1.7311951579589666,0.44813317972393807,0.27283625025775765,0.2790305700183045
random_forest,defense_vs_attack,37,-1.7311951579589666,0.05570150057934344,0.7293370527423809,0.21496144667827569
random_forest,defense_vs_attack,38,-1.7311951579589666,0.40787115417619124,0.19738271169841928,0.39474613412538934
random_forest,defense_vs_attack,39,-1.7311951579589666,0.7905735222400126,0.07783234101346674,0.13159413674652062
random_forest,defense_vs_attack,40,-1.7311951579589666,0.27754885594318635,0.42709831905339235,0.29535282500342125
random_forest,defense_vs_attack,41,-1.7311951579589666,0.0570314630733309,0.7856564829388607,0.15731205398780837
random_forest,defense_vs_attack,42,-1.7311951579589666,0.6237562531475199,0.06252305778462379,0.31372068906785616
random_forest,defense_vs_attack,43,-1.7311951579589666,0.25353104943252597,0.3793623574365779,0.3671065931308963
random_forest,defense_vs_attack,44,-1.7311951579589666,0.10100740844113167,0.6986915960057507,0.20030099555311753
random_forest,defense_vs_attack,45,-1.7311951579589666,0.39410119735873006,0.1757931225416336,0.4301056800996363
random_forest,defense_vs_attack,46,-1.7311951579589666,0.07706671410768912,0.6369899467181989,0.2859433391741118
random_forest,defense_vs_attack,47,-1.7311951579589666,0.17946358925822134,0.43402689530833144,0.38650951543344725
random_forest,defense_vs_attack,48,-1.7311951579589666,0.7264399053082511,0.13744904973669642,0.13611104495505238
random_forest,defense_vs_attack,49,-1.7311951579589666,0.3998360750622072,0.2250705237766748,0.3750934011611177
random_forest,defense_vs_attack,0,-0.4954216767756472,0.24387370640105088,0.38900585138774546,0.3671204422112036
random_forest,defense_vs_attack,1,-0.4954216767756472,0.14708311622575018,0.4965736870959509,0.3563431966782993
random_forest,defense_vs_attack,2,-0.4954216767756472,0.2932384753844944,0.4276981192354055,0.27906340538010016
random_forest,defense_vs_attack,3,-0.4954216767756472,0.2077075553999966,0.41958753568705304,0.3727049089129504
random_forest,defense_vs_attack,4,-0.4954216767756472,0.07906040690319553,0.6040890539150546,0.31685053918175016
random_forest,defense_vs_attack,5,-0.4954216767756472,0.10276713073038712,0.5860109620707947,0.31122190719881804
random_forest,defense_vs_attack,6,-0.4954216767756472,0.13635759624672492,0.6134065023915107,0.2502359013617643
random_forest,defense_vs_attack,7,-0.4954216767756472,0.13314409936857824,0.678627810657388,0.18822808997403365
random_forest,defense_vs_attack,8,-0.4954216767756472,0.26307318126282164,0.49753304206425963,0.23939377667291872
random_forest,defense_vs_attack,9,-0.4954216767756472,0.6021012971737975,0.15371700179388065,0.24418170103232173
random_forest,defense_vs_attack,10,-0.4954216767756472,0.6370801097589716,0.17849648586306469,0.18442340437796367
random_forest,defense_vs_attack,11,-0.4954216767756472,0.1607353674845549,0.39781635635180174,0.4414482761636435
random_forest,defense_vs_attack,12,-0.4954216767756472,0.21162774690692343,0.4060837132194692,0.3822885398736074
random_forest,defense_vs_attack,13,-0.4954216767756472,0.25688988762141257,0.47825936577977957,0.2648507465988077
random_forest,defense_vs_attack,14,-0.4954216767756472,0.7574091944356619,0.07417403003119719,0.16841677553314113
random_forest,defense_vs_attack,15,-0.4954216767756472,0.37311050066567014,0.1820843619887322,0.44480513734559773
random_forest,defense_vs_attack,16,-0.4954216767756472,0.7213192660949926,0.07813632104840947,0.20054441285659774
random_forest,defense_vs_attack,17,-0.4954216767756472,0.6706022811516346,0.11923433086101064,0.21016338798735448
random_forest,defense_vs_attack,18,-0.4954216767756472,0.745159834167601,0.05897581079876087,0.1958643550336385
random_forest,defense_vs_attack,19,-0.4954216767756472,0.11546248442858505,0.5076147570945916,0.3769227584768235
random_forest,defense_vs_attack,20,-0.4954216767756472,0.6446297035634003,0.06337402638466459,0.2919962700519353
random_forest,defense_vs_attack,21,-0.4954216767756472,0.08082559107476618,0.6709166824280445,0.24825772649718955
random_forest,defense_vs_attack,22,-0.4954216767756472,0.09302487594843896,0.7551934936526908,0.15178163039887033
random_forest,defense_vs_attack,23,-0.4954216767756472,0.6302774981070309,0.11304034785509569,0.2566821540378729
random_forest,defense_vs_attack,24,-0.4954216767756472,0.19131118175562853,0.598408427510412,0.21028039073395954
random_forest,defense_vs_attack,25,-0.4954216767756472,0.6076255521774104,0.1245380114159453,0.2678364364066441
random_forest,defense_vs_attack,26,-0.4954216767756472,0.5992040120715465,0.04376215459477235,0.35703383333368116
random_forest,defense_vs_attack,27,-0.4954216767756472,0.1786123797590409,0.36402928597516554,0.4573583342657935
random_forest,defense_vs_attack,28,-0.4954216767756472,0.6362694460688748,0.133751133401003,0.22997942053012177
random_forest,defense_vs_attack,29,-0.4954216767756472,0.3913121614380128,0.28846979802903766,0.32021804053294983
random_forest,defense_vs_attack,30,-0.4954216767756472,0.10646897838972634,0.4841503229522481,0.4093806986580257
random_forest,defense_vs_attack,31,-0.4954216767756472,0.08530290819732302,0.6907967120289665,0.22390037977371066
random_forest,defense_vs_attack,32,-0.4954216767756472,0.49409456716606676,0.2503326266316486,0.2555728062022848
random_forest,defense_vs_attack,33,-0.4954216767756472,0.6241275433081815,0.15785033218098835,0.2180221245108296
random_forest,defense_vs_attack,34,-0.4954216767756472,0.41739797242715904,0.33752010652729103,0.24508192104555002
random_forest,defense_vs_attack,35,-0.4954216767756472,0.7685474146160312,0.09562060526452647,0.13583198011944234
random_forest,defense_vs_attack,36,-0.4954216767756472,0.4832880178093322,0.25308907863619895,0.26362290355446905
random_forest,defense_vs_attack,37,-0.4954216767756472,0.07426838793112821,0.675178524610789,0.2505530874580828
random_forest,defense_vs_attack,38,-0.4954216767756472,0.4568808414991607,0.19546521130107822,0.34765394719976106
random_forest,defense_vs_attack,39,-0.4954216767756472,0.8144255531249338,0.06145455524315513,0.12411989163191116
random_forest,defense_vs_attack,40,-0.4954216767756472,0.3283175471636713,0.3765265348787192,0.2951559179576096
random_forest,defense_vs_attack,41,-0.4954216767756472,0.07885772388361645,0.7477719250510684,0.17337035106531526
random_forest,defense_vs_attack,42,-0.4954216767756472,0.6424456894283758,0.04577087841839184,0.3117834321532322
random_forest,defense_vs_attack,43,-0.4954216767756472,0.2872345248400768,0.35868975974191236,0.35407571541801103
random_forest,defense_vs_attack,44,-0.4954216767756472,0.1278482121251746,0.6499778998703999,0.22217388800442553
random_forest,defense_vs_attack,45,-0.4954216767756472,0.44211710011639754,0.18456086787638204,0.3733220320072201
random_forest,defense_vs_attack,46,-0.4954216767756472,0.10502518546371571,0.6123204499000092,0.2826543646362749
random_forest,defense_vs_attack,47,-0.4954216767756472,0.21280343626950224,0.41356236638506844,0.37363419734542935
random_forest,defense_vs_attack,48,-0.4954216767756472,0.7519970711507346,0.1232912095126122,0.12471171933665302
random_forest,defense_vs_attack,49,-0.4954216767756472,0.42530708355546243,0.22790563455685509,0.3467872818876821
random_forest,defense_vs_attack,0,1.1352759536999684,0.2604999037310685,0.39878172870723,0.3407183675617016
random_forest,defense_vs_attack,1,1.1352759536999684,0.15927431926985058,0.5053810765756364,0.3353446041545134
random_forest,defense_vs_attack,2,1.1352759536999684,0.3183437907198535,0.43037464768296146,0.2512815615971851
random_forest,defense_vs_attack,3,1.1352759536999684,0.23280718737486095,0.41666681079149903,0.3505260018336401
random_forest,defense_vs_attack,4,1.1352759536999684,0.08094672306610044,0.6074422230419444,0.3116110538919555
random_forest,defense_vs_attack,5,1.1352759536999684,0.10305506295181736,0.5956340162900086,0.30131092075817384
random_forest,defense_vs_attack,6,1.1352759536999684,0.12253818363100412,0.6398035436382291,0.23765827273076665
random_forest,defense_vs_attack,7,1.1352759536999684,0.11957964714328256,0.686736295570777,0.1936840572859403
random_forest,defense_vs_attack,8,1.1352759536999684,0.2986581157649943,0.5051596283053128,0.19618225592969277
random_forest,defense_vs_attack,9,1.1352759536999684,0.631395657272588,0.14276886278403253,0.22583547994337924
random_forest,defense_vs_attack,10,1.1352759536999684,0.6361910872504123,0.1768302147209406,0.18697869802864708
random_forest,defense_vs_attack,11,1.1352759536999684,0.1521836535270172,0.44048160444927803,0.40733474202370484
random_forest,defense_vs_attack,12,1.1352759536999684,0.23389265703126916,0.4295739484014527,0.33653339456727843
random_forest,defense_vs_attack,13,1.1352759536999684,0.28062570677111615,0.4811978182645678,0.23817647496431568
random_forest,defense_vs_attack,14,1.1352759536999684,0.7575711041604162,0.06662781422805888,0.1758010816115253
random_forest,defense_vs_attack,15,1.1352759536999684,0.3801442333911053,0.1918939190260378,0.42796184758285705
random_forest,defense_vs_attack,16,1.1352759536999684,0.7091783645598603,0.08435453824935794,0.20646709719078152
random_forest,defense_vs_attack,17,1.1352759536999684,0.6830762253500516,0.11158043792883426,0.20534333672111385
random_forest,defense_vs_attack,18,1.1352759536999684,0.7401251059848746,0.05573025961951559,0.20414463439561017
random_forest,defense_vs_attack,19,1.1352759536999684,0.10996630920171636,0.5272151914756689,0.36281849932261484
random_forest,defense_vs_attack,20,1.1352759536999684,0.6394532606658238,0.05856782157342217,0.3019789177607542
random_forest,defense_vs_attack,21,1.1352759536999684,0.07310185905997092,0.6822616880703589,0.2446364528696702
random_forest,defense_vs_attack,22,1.1352759536999684,0.08030139083418968,0.7733217711019463,0.14637683806386406
random_forest,defense_vs_attack,23,1.1352759536999684,0.6426084678110928,0.1087875339474106,0.2486039982414963
random_forest,defense_vs_attack,24,1.1352759536999684,0.18689779712720966,0.6127828430313198,0.20031935984147045
random_forest,defense_vs_attack,25,1.1352759536999684,0.5998423216602002,0.1288190072270388,0.2713386711127609
random_forest,defense_vs_attack,26,1.1352759536999684,0.5996554154563025,0.0397519423387195,0.36059264220497794
random_forest,defense_vs_attack,27,1.1352759536999684,0.19999447860008737,0.3738723991674869,0.4261331222324256
random_forest,defense_vs_attack,28,1.1352759536999684,0.6422508258427684,0.1314684297087633,0.22628074444846788
random_forest,defense_vs_attack,29,1.1352759536999684,0.4010494176967896,0.28664964430432,0.3123009379988905
random_forest,defense_vs_attack,30,1.1352759536999684,0.11176431026559136,0.4823498713503421,0.4058858183840666
random_forest,defense_vs_attack,31,1.1352759536999684,0.0851436460118933,0.6958006906990843,0.2190556632890224
random_forest,defense_vs_attack,32,1.1352759536999684,0.4899921068428495,0.26105476484792567,0.2489531283092249
random_forest,defense_vs_attack,33,1.1352759536999684,0.6223517130721484,0.17074236483700633,0.20690592209084469
random_forest,defense_vs_attack,34,1.1352759536999684,0.424017015361934,0.34631128491174784,0.22967169972631818
random_forest,defense_vs_attack,35,1.1352759536999684,0.786228934048165,0.08515048089348844,0.12862058505834675
random_forest,defense_vs_attack,36,1.1352759536999684,0.5129262865764272,0.23397144828791552,0.25310226513565737
random_forest,defense_vs_attack,37,1.1352759536999684,0.07841896018416745,0.6842706160833112,0.23731042373252131
random_forest,defense_vs_attack,38,1.1352759536999684,0.44120948992816494,0.19824330414769278,0.3605472059241421
random_forest,defense_vs_attack,39,1.1352759536999684,0.8194239504878106,0.052464727832628504,0.1281113216795611
random_forest,defense_vs_attack,40,1.1352759536999684,0.3504283864021937,0.3655180302670926,0.2840535833307137
random_forest,defense_vs_attack,41,1.1352759536999684,0.06377604565683226,0.7682583956128587,0.16796555873030897
random_forest,defense_vs_attack,42,1.1352759536999684,0.642165533873927,0.045330062324393385,0.31250440380167954
random_forest,defense_vs_attack,43,1.1352759536999684,0.348497433675119,0.3774322404647019,0.27407032586017926
random_forest,defense_vs_attack,44,1.1352759536999684,0.11467457739563723,0.6597583697027329,0.2255670529016298
random_forest,defense_vs_attack,45,1.1352759536999684,0.4642106093309357,0.17968897187662483,0.35610041879243926
random_forest,defense_vs_attack,46,1.1352759536999684,0.10942484464263946,0.6216156613016596,0.2689594940557008
random_forest,defense_vs_attack,47,1.1352759536999684,0.23297681770573245,0.4282501760740394,0.33877300622022827
random_forest,defense_vs_attack,48,1.1352759536999684,0.75960756208194,0.12116447246614136,0.11922796545191844
random_forest,defense_vs_attack,49,1.1352759536999684,0.4380551692813404,0.2318315503197922,0.33011328039886695
random_forest,defense_vs_attack,0,2.4394227074816097,0.2665472279773354,0.39504436524900105,0.3384084067736637
random_forest,defense_vs_attack,1,2.4394227074816097,0.16037286916370022,0.49918178112765155,0.3404453497086486
random_forest,defense_vs_attack,2,2.4394227074816097,0.33757128659422864,0.41440204040420436,0.24802667300156697
random_forest,defense_vs_attack,3,2.4394227074816097,0.24031902985623768,0.41410164568654445,0.3455793244572179
random_forest,defense_vs_attack,4,2.4394227074816097,0.08563509645784802,0.6027538496501968,0.3116110538919555
random_forest,defense_vs_attack,5,2.4394227074816097,0.10305506295181736,0.5956340162900086,0.30131092075817384
random_forest,defense_vs_attack,6,2.4394227074816097,0.1301799255015439,0.6270610562135542,0.24275901828490185
random_forest,defense_vs_attack,7,2.4394227074816097,0.1261921046658701,0.674367903779665,0.19943999155446487
random_forest,defense_vs_attack,8,2.4394227074816097,0.3347738948652505,0.4804509802900226,0.18477512484472688
random_forest,defense_vs_attack,9,2.4394227074816097,0.6327152560453159,0.14074690337758297,0.22653784057710083
random_forest,defense_vs_attack,10,2.4394227074816097,0.6442005370366087,0.17402988358026517,0.18176957938312602
random_forest,defense_vs_attack,11,2.4394227074816097,0.1626003201936839,0.44003358738360626,0.39736609242271
random_forest,defense_vs_attack,12,2.4394227074816097,0.22829527480376652,0.4242092923898529,0.34749543280638084
random_forest,defense_vs_attack,13,2.4394227074816097,0.2961407438512015,0.46256368519229313,0.24129557095650514
random_forest,defense_vs_attack,14,2.4394227074816097,0.7382089976233792,0.06268017365874709,0.19911082871787392
random_forest,defense_vs_attack,15,2.4394227074816097,0.3819942328172817,0.1903019518867187,0.42770381529599977
random_forest,defense_vs_attack,16,2.4394227074816097,0.7221072034833459,0.06922425361132378,0.20866854290533032
random_forest,defense_vs_attack,17,2.4394227074816097,0.6661973148854734,0.10054351295749427,0.23325917215703215
random_forest,defense_vs_attack,18,2.4394227074816097,0.7432827366011243,0.05199035305852917,0.20472691034034676
random_forest,defense_vs_attack,19,2.4394227074816097,0.11106485909556602,0.5210158960276841,0.36791924487674993
random_forest,defense_vs_attack,20,2.4394227074816097,0.6402351463029293,0.05775801886490817,0.3020068348321627
random_forest,defense_vs_attack,21,2.4394227074816097,0.07420040895382056,0.6760623926223741,0.2497371984238054
random_forest,defense_vs_attack,22,2.4394227074816097,0.08629926871202091,0.7713160573901966,0.1423846738977825
random_forest,defense_vs_attack,23,2.4394227074816097,0.6487768007595233,0.09707053391345183,0.25415266532702446
random_forest,defense_vs_attack,24,2.4394227074816097,0.19441840000066649,0.6014346208012257,0.2041469791981078
random_forest,defense_vs_attack,25,2.4394227074816097,0.5895825737754078,0.11798058039699677,0.29243684582759527
random_forest,defense_vs_attack,26,2.4394227074816097,0.5971665148290058,0.03773221237354594,0.3651012727974481
random_forest,defense_vs_attack,27,2.4394227074816097,0.21604598860402557,0.3715862827252383,0.41236772867073596
random_forest,defense_vs_attack,28,2.4394227074816097,0.6420785604909949,0.12652633135341404,0.2313951081555908
random_forest,defense_vs_attack,29,2.4394227074816097,0.4035446361210462,0.2850541099038318,0.3114012539751223
random_forest,defense_vs_attack,30,2.4394227074816097,0.11248236307441262,0.481232597199748,0.4062850397258395
random_forest,defense_vs_attack,31,2.4394227074816097,0.0851436460118933,0.6958006906990843,0.2190556632890224
random_forest,defense_vs_attack,32,2.4394227074816097,0.49216508879714765,0.26516722178880753,0.2426676894140449
random_forest,defense_vs_attack,33,2.4394227074816097,0.6120535863588733,0.17781312531001384,0.21013328833111242
random_forest,defense_vs_attack,34,2.4394227074816097,0.4271580138268412,0.3389286365236564,0.2339133496495023
random_forest,defense_vs_attack,35,2.4394227074816097,0.7685788486151544,0.08396109364266813,0.14746005774217744
random_forest,defense_vs_attack,36,2.4394227074816097,0.5275809975470654,0.2204752090215207,0.2519437934314142
random_forest,defense_vs_attack,37,2.4394227074816097,0.0795175100780171,0.6780713206353264,0.2424111692866565
random_forest,defense_vs_attack,38,2.4394227074816097,0.4378261151450065,0.19777513732378457,0.3643987475312087
random_forest,defense_vs_attack,39,2.4394227074816097,0.8081445001738458,0.05411299960819791,0.13774250021795642
random_forest,defense_vs_attack,40,2.4394227074816097,0.3660431557809984,0.3484380025560962,0.28551884166290536
random_forest,defense_vs_attack,41,2.4394227074816097,0.07235438130544425,0.764169326884813,0.16347629180974263
random_forest,defense_vs_attack,42,2.4394227074816097,0.6486546140948105,0.038539550524893454,0.312805835380296
random_forest,defense_vs_attack,43,2.4394227074816097,0.3502904787507261,0.37595079780249363,0.2737587234467805
random_forest,defense_vs_attack,44,2.4394227074816097,0.1217710051673181,0.6515533605429985,0.22667563428968343
random_forest,defense_vs_attack,45,2.4394227074816097,0.46617185744568607,0.1795640241799379,0.35426411837437594
random_forest,defense_vs_attack,46,2.4394227074816097,0.10942484464263946,0.6216156613016596,0.2689594940557008
random_forest,defense_vs_attack,47,2.4394227074816097,0.2371333647544344,0.42091811201943163,0.34194852322613406
random_forest,defense_vs_attack,48,2.4394227074816097,0.7616022460106174,0.11326543666770776,0.12513231732167449
random_forest,defense_vs_attack,49,2.4394227074816097,0.43329482309590256,0.23194622896523343,0.33475894793886357
random_forest,defense_vs_attack,0,4.2127315662774745,0.26779025464941836,0.3935370034354237,0.338672741915158
random_forest,defense_vs_attack,1,4.2127315662774745,0.16037286916370022,0.49918178112765155,0.3404453497086486
random_forest,defense_vs_attack,2,4.2127315662774745,0.3520282982648444,0.4055487918343746,0.2424229099007809
random_forest,defense_vs_attack,3,4.2127315662774745,0.24031902985623768,0.41410164568654445,0.3455793244572179
random_forest,defense_vs_attack,4,4.2127315662774745,0.08563509645784802,0.6027538496501968,0.3116110538919555
random_forest,defense_vs_attack,5,4.2127315662774745,0.10238350937675837,0.5916787548222283,0.30593773580101313
random_forest,defense_vs_attack,6,4.2127315662774745,0.135338500838807,0.6202535671415079,0.24440793201968503
random_forest,defense_vs_attack,7,4.2127315662774745,0.13308296368935663,0.6679135761339818,0.1990034601766615
random_forest,defense_vs_attack,8,4.2127315662774745,0.3382792689395162,0.4680755514902443,0.1936451795702395
random_forest,defense_vs_attack,9,4.2127315662774745,0.6387299313774715,0.11988703446907327,0.2413830341534551
random_forest,defense_vs_attack,10,4.2127315662774745,0.6633498203914049,0.16248593964691924,0.17416423996167574
random_forest,defense_vs_attack,11,4.2127315662774745,0.1619287666186249,0.436078325915826,0.4019929074655493
random_forest,defense_vs_attack,12,4.2127315662774745,0.22618114003565512,0.4205263764970975,0.3532924834672475
random_forest,defense_vs_attack,13,4.2127315662774745,0.3011101693540837,0.44984347460390445,0.24904635604201156
random_forest,defense_vs_attack,14,4.2127315662774745,0.7621150401261848,0.0356055417866521,0.20227941808716335
random_forest,defense_vs_attack,15,4.2127315662774745,0.3982135745969672,0.18159563984214558,0.42019078556088746
random_forest,defense_vs_attack,16,4.2127315662774745,0.7665811274583662,0.03388915597616272,0.19952971656547094
random_forest,defense_vs_attack,17,4.2127315662774745,0.6933618360857702,0.07485986271592629,0.23177830119830334
random_forest,defense_vs_attack,18,4.2127315662774745,0.7463759394332148,0.03799443061787208,0.21562962994891352
random_forest,defense_vs_attack,19,4.2127315662774745,0.11106485909556602,0.5210158960276841,0.36791924487674993
random_forest,defense_vs_attack,20,4.2127315662774745,0.6596861622218134,0.03861466092592393,0.3016991768522627
random_forest,defense_vs_attack,21,4.2127315662774745,0.07420040895382056,0.6760623926223741,0.2497371984238054
random_forest,defense_vs_attack,22,4.2127315662774745,0.09319012773550744,0.7648617297445134,0.14194814251997914
random_forest,defense_vs_attack,23,4.2127315662774745,0.6715052901783848,0.07146806151032033,0.2570266483112945
random_forest,defense_vs_attack,24,4.2127315662774745,0.20508018187898394,0.5935013242658692,0.20141849385514685
random_forest,defense_vs_attack,25,4.2127315662774745,0.6016319207776777,0.10135461930785845,0.29701345991446365
random_forest,defense_vs_attack,26,4.2127315662774745,0.6271829560175877,0.017882934748585638,0.3549341092338267
random_forest,defense_vs_attack,27,4.2127315662774745,0.21728369335197747,0.3664179031513137,0.4162984034967088
random_forest,defense_vs_attack,28,4.2127315662774745,0.620020924707772,0.10961081575987974,0.27036825953234794
random_forest,defense_vs_attack,29,4.2127315662774745,0.4380803055613323,0.2767860941483737,0.28513360029029416
random_forest,defense_vs_attack,30,4.2127315662774745,0.11235553725661723,0.47218969290931895,0.4154547698340639
random_forest,defense_vs_attack,31,4.2127315662774745,0.07927378720974797,0.6953692658218364,0.22535694696841568
random_forest,defense_vs_attack,32,4.2127315662774745,0.4996570056753409,0.25130193525159544,0.24904105907306365
random_forest,defense_vs_attack,33,4.2127315662774745,0.5965940119712142,0.13925190381481284,0.26415408421397285
random_forest,defense_vs_attack,34,4.2127315662774745,0.4734214372274268,0.3221262250251055,0.2044523377474676
random_forest,defense_vs_attack,35,4.2127315662774745,0.7956397794317116,0.06597235327496746,0.13838786729332098
random_forest,defense_vs_attack,36,4.2127315662774745,0.5496375729924624,0.21386462758166513,0.2364977994258727
random_forest,defense_vs_attack,37,4.2127315662774745,0.0795175100780171,0.6780713206353264,0.2424111692866565
random_forest,defense_vs_attack,38,4.2127315662774745,0.44254688597512354,0.18416695755507473,0.3732861564698018
random_forest,defense_vs_attack,39,4.2127315662774745,0.8569455133014471,0.026957273618241167,0.11609721308031183
random_forest,defense_vs_attack,40,4.2127315662774745,0.3815250990144987,0.3354251890418367,0.2830497119436645
random_forest,defense_vs_attack,41,4.2127315662774745,0.07751295664270735,0.7573618378127668,0.16512520554452584
random_forest,defense_vs_attack,42,4.2127315662774745,0.677300886534767,0.021416302788435895,0.3012828106767968
random_forest,defense_vs_attack,43,4.2127315662774745,0.35017307119322144,0.37410903024546865,0.2757178985613101
random_forest,defense_vs_attack,44,4.2127315662774745,0.1274206394022123,0.6478075324310691,0.22477182816671856
random_forest,defense_vs_attack,45,4.2127315662774745,0.4763142257165112,0.17018016671264272,0.35350560757084576
random_forest,defense_vs_attack,46,4.2127315662774745,0.11214070550796255,0.6142729853934973,0.2735863090985401
random_forest,defense_vs_attack,47,4.2127315662774745,0.2410573161821327,0.41582932575658127,0.34311335806128596
random_forest,defense_vs_attack,48,4.2127315662774745,0.7739711037773103,0.09615123978870788,0.12987765643398158
random_forest,defense_vs_attack,49,4.2127315662774745,0.43694341208776866,0.21791864304441397,0.3451379448678171
random_forest,defense_vs_attack,0,6.355426198490196,0.27421538870963824,0.39345509070310336,0.3323295205872584
random_forest,defense_vs_attack,1,6.355426198490196,0.16037286916370022,0.49918178112765155,0.3404453497086486
random_forest,defense_vs_attack,2,6.355426198490196,0.3580501094664605,0.40271471772517636,0.23923517280836315
random_forest,defense_vs_attack,3,6.355426198490196,0.24890456532299635,0.41047701176326007,0.34061842291374367
random_forest,defense_vs_attack,4,6.355426198490196,0.08563509645784802,0.6027538496501968,0.3116110538919555
random_forest,defense_vs_attack,5,6.355426198490196,0.10238350937675837,0.5916787548222283,0.30593773580101313
random_forest,defense_vs_attack,6,6.355426198490196,0.14059332118437387,0.6162700747886027,0.2431366040270233
random_forest,defense_vs_attack,7,6.355426198490196,0.14147512188038316,0.6639300837810767,0.19459479433854018
random_forest,defense_vs_attack,8,6.355426198490196,0.34116374229567265,0.465241477381046,0.1935947803232814
random_forest,defense_vs_attack,9,6.355426198490196,0.6791155058021016,0.11876081656368305,0.20212367763421546
random_forest,defense_vs_attack,10,6.355426198490196,0.6586011175704506,0.16380795313219165,0.17759092929735756
random_forest,defense_vs_attack,11,6.355426198490196,0.1619287666186249,0.436078325915826,0.4019929074655493
random_forest,defense_vs_attack,12,6.355426198490196,0.24864065727161686,0.42152352473539006,0.3298358179929933
random_forest,defense_vs_attack,13,6.355426198490196,0.3063649896996505,0.44585998225099926,0.24777502804934992
random_forest,defense_vs_attack,14,6.355426198490196,0.7851405090697537,0.031303429596202303,0.183556061334044
random_forest,defense_vs_attack,15,6.355426198490196,0.4168653660320996,0.18124975190106762,0.40188488206683287
random_forest,defense_vs_attack,16,6.355426198490196,0.7812165100820003,0.0314586528388679,0.1873248370791316
random_forest,defense_vs_attack,17,6.355426198490196,0.6916854203295717,0.07619832242947888,0.23211625724094923
random_forest,defense_vs_attack,18,6.355426198490196,0.7586870402820246,0.036498580692613754,0.20481437902536193
random_forest,defense_vs_attack,19,6.355426198490196,0.11106485909556602,0.5210158960276841,0.36791924487674993
random_forest,defense_vs_attack,20,6.355426198490196,0.6578685860116008,0.03830244565150887,0.3038289683368906
random_forest,defense_vs_attack,21,6.355426198490196,0.07420040895382056,0.6760623926223741,0.2497371984238054
random_forest,defense_vs_attack,22,6.355426198490196,0.09319012773550744,0.7648617297445134,0.14194814251997914
random_forest,defense_vs_attack,23,6.355426198490196,0.6924207402114573,0.0663644182444618,0.24121484154408038
random_forest,defense_vs_attack,24,6.355426198490196,0.2106964190574415,0.5878850870874116,0.20141849385514685
random_forest,defense_vs_attack,25,6.355426198490196,0.6339051722466696,0.08877729970863696,0.2773175280446932
random_forest,defense_vs_attack,26,6.355426198490196,0.6417179253690329,0.01637738074593803,0.34190469388502903
random_forest,defense_vs_attack,27,6.355426198490196,0.22132715766699187,0.3658815179628812,0.4127913243701267
random_forest,defense_vs_attack,28,6.355426198490196,0.626258341598413,0.1116996026509587,0.26204205575062794
random_forest,defense_vs_attack,29,6.355426198490196,0.4335493995909685,0.270046200983834,0.29640439942519764
random_forest,defense_vs_attack,30,6.355426198490196,0.11235553725661723,0.47218969290931895,0.4154547698340639
random_forest,defense_vs_attack,31,6.355426198490196,0.07927378720974797,0.6953692658218364,0.22535694696841568
random_forest,defense_vs_attack,32,6.355426198490196,0.5104340220492405,0.24024916950776143,0.24931680844299808
random_forest,defense_vs_attack,33,6.355426198490196,0.6221141285581057,0.12427910312868302,0.2536067683132111
random_forest,defense_vs_attack,34,6.355426198490196,0.49509396690662455,0.29930557281003484,0.20560046028334045
random_forest,defense_vs_attack,35,6.355426198490196,0.814714107609641,0.06529716395275507,0.11998872843760398
random_forest,defense_vs_attack,36,6.355426198490196,0.5539772280477164,0.21284113147327755,0.23318164047900636
random_forest,defense_vs_attack,37,6.355426198490196,0.0795175100780171,0.6780713206353264,0.2424111692866565
random_forest,defense_vs_attack,38,6.355426198490196,0.4709961652466627,0.17471166741936914,0.35429216733396834
random_forest,defense_vs_attack,39,6.355426198490196,0.8621505172236622,0.023045523454962902,0.11480395932137498
random_forest,defense_vs_attack,40,6.355426198490196,0.3912174390863312,0.31998960993165615,0.2887929509820126
random_forest,defense_vs_attack,41,6.355426198490196,0.07751295664270735,0.7573618378127668,0.16512520554452584
random_forest,defense_vs_attack,42,6.355426198490196,0.6852812209010168,0.01797817941823946,0.2967405996807435
random_forest,defense_vs_attack,43,6.355426198490196,0.35017307119322144,0.37410903024546865,0.2757178985613101
random_forest,defense_vs_attack,44,6.355426198490196,0.1326754597477792,0.643824040078164,0.22350050017405684
random_forest,defense_vs_attack,45,6.355426198490196,0.4876894667251317,0.16162662380978315,0.3506839094650851
random_forest,defense_vs_attack,46,6.355426198490196,0.11214070550796255,0.6142729853934973,0.2735863090985401
random_forest,defense_vs_attack,47,6.355426198490196,0.26351683341809445,0.41682647399487377,0.3196566925870317
random_forest,defense_vs_attack,48,6.355426198490196,0.7987637476051113,0.08427939143987893,0.11695686095500973
random_forest,defense_vs_attack,49,6.355426198490196,0.4519363569925132,0.21221024145802644,0.33585340154946003
random_forest,defense_vs_attack,0,8.30097485812165,0.27421538870963824,0.39345509070310336,0.3323295205872584
random_forest,defense_vs_attack,1,8.30097485812165,0.16037286916370022,0.49918178112765155,0.3404453497086486
random_forest,defense_vs_attack,2,8.30097485812165,0.3580501094664605,0.40271471772517636,0.23923517280836315
random_forest,defense_vs_attack,3,8.30097485812165,0.24890456532299635,0.41047701176326007,0.34061842291374367
random_forest,defense_vs_attack,4,8.30097485812165,0.08563509645784802,0.6027538496501968,0.3116110538919555
random_forest,defense_vs_attack,5,8.30097485812165,0.10238350937675837,0.5916787548222283,0.30593773580101313
random_forest,defense_vs_attack,6,8.30097485812165,0.14059332118437387,0.6162700747886027,0.2431366040270233
random_forest,defense_vs_attack,7,8.30097485812165,0.14147512188038316,0.6639300837810767,0.19459479433854018
random_forest,defense_vs_attack,8,8.30097485812165,0.34470871177084944,0.46282197910832895,0.1924693091208215
random_forest,defense_vs_attack,9,8.30097485812165,0.6876149086580824,0.11620281202451388,0.19618227931740384
random_forest,defense_vs_attack,10,8.30097485812165,0.6414368954937844,0.15370109429779397,0.20486201020842162
random_forest,defense_vs_attack,11,8.30097485812165,0.1619287666186249,0.436078325915826,0.4019929074655493
random_forest,defense_vs_attack,12,8.30097485812165,0.24864065727161686,0.42152352473539006,0.3298358179929933
random_forest,defense_vs_attack,13,8.30097485812165,0.3130416070660801,0.43794609112891364,0.249012301805006
random_forest,defense_vs_attack,14,8.30097485812165,0.7827840195083232,0.028786467054248015,0.1884295134374289
random_forest,defense_vs_attack,15,8.30097485812165,0.41353165604123937,0.1781113265257793,0.4083570174329816
random_forest,defense_vs_attack,16,8.30097485812165,0.780342627851392,0.030927991268702357,0.18872938087990557
random_forest,defense_vs_attack,17,8.30097485812165,0.6857990574671708,0.07580929714254134,0.2383916453902876
random_forest,defense_vs_attack,18,8.30097485812165,0.762465459479284,0.035581791476735965,0.2019527490439804
random_forest,defense_vs_attack,19,8.30097485812165,0.11106485909556602,0.5210158960276841,0.36791924487674993
random_forest,defense_vs_attack,20,8.30097485812165,0.666031763955842,0.03620048033951805,0.29776775570464015
random_forest,defense_vs_attack,21,8.30097485812165,0.07420040895382056,0.6760623926223741,0.2497371984238054
random_forest,defense_vs_attack,22,8.30097485812165,0.09319012773550744,0.7648617297445134,0.14194814251997914
random_forest,defense_vs_attack,23,8.30097485812165,0.6886084873843078,0.06386140499427152,0.24753010762142036
random_forest,defense_vs_attack,24,8.30097485812165,0.2106964190574415,0.5878850870874116,0.20141849385514685
random_forest,defense_vs_attack,25,8.30097485812165,0.6303381766570479,0.07793344974055294,0.2917283736023989
random_forest,defense_vs_attack,26,8.30097485812165,0.6438498064902758,0.01637738074593803,0.33977281276378624
random_forest,defense_vs_attack,27,8.30097485812165,0.22132715766699187,0.3658815179628812,0.4127913243701267
random_forest,defense_vs_attack,28,8.30097485812165,0.6226638282040641,0.10593406078851854,0.2714021110074169
random_forest,defense_vs_attack,29,8.30097485812165,0.43730283142158455,0.26798778872584833,0.29470937985256723
random_forest,defense_vs_attack,30,8.30097485812165,0.11235553725661723,0.47218969290931895,0.4154547698340639
random_forest,defense_vs_attack,31,8.30097485812165,0.07927378720974797,0.6953692658218364,0.22535694696841568
random_forest,defense_vs_attack,32,8.30097485812165,0.522617187146189,0.23644188294602106,0.2409409299077899
random_forest,defense_vs_attack,33,8.30097485812165,0.6172840950250434,0.12369917377059618,0.2590167312043601
random_forest,defense_vs_attack,34,8.30097485812165,0.5000729941119295,0.2962715180031003,0.2036554878849701
random_forest,defense_vs_attack,35,8.30097485812165,0.8137894868445894,0.0639275782682867,0.12228293488712381
random_forest,defense_vs_attack,36,8.30097485812165,0.5539772280477164,0.21284113147327755,0.23318164047900636
random_forest,defense_vs_attack,37,8.30097485812165,0.0795175100780171,0.6780713206353264,0.2424111692866565
random_forest,defense_vs_attack,38,8.30097485812165,0.47133720421090447,0.16259108453126628,0.3660717112578294
random_forest,defense_vs_attack,39,8.30097485812165,0.864220144318835,0.0225292471802931,0.11325060850087193
random_forest,defense_vs_attack,40,8.30097485812165,0.3912174390863312,0.31998960993165615,0.2887929509820126
random_forest,defense_vs_attack,41,8.30097485812165,0.07751295664270735,0.7573618378127668,0.16512520554452584
random_forest,defense_vs_attack,42,8.30097485812165,0.6902320304559432,0.01797817941823946,0.2917897901258172
random_forest,defense_vs_attack,43,8.30097485812165,0.35017307119322144,0.37410903024546865,0.2757178985613101
random_forest,defense_vs_attack,44,8.30097485812165,0.1326754597477792,0.643824040078164,0.22350050017405684
random_forest,defense_vs_attack,45,8.30097485812165,0.49399149638409495,0.16016161038392615,0.34584689323197887
random_forest,defense_vs_attack,46,8.30097485812165,0.11214070550796255,0.6142729853934973,0.2735863090985401
random_forest,defense_vs_attack,47,8.30097485812165,0.26351683341809445,0.41682647399487377,0.3196566925870317
random_forest,defense_vs_attack,48,8.30097485812165,0.7981141665399658,0.08249815561941704,0.11938767784061693
random_forest,defense_vs_attack,49,8.30097485812165,0.45722537529003854,0.20427569789816624,0.338498926811795
random_forest,defense_vs_attack,0,11.62497702504473,0.27421538870963824,0.39345509070310336,0.3323295205872584
random_forest,defense_vs_attack,1,11.62497702504473,0.16037286916370022,0.49918178112765155,0.3404453497086486
random_forest,defense_vs_attack,2,11.62497702504473,0.3580501094664605,0.40271471772517636,0.23923517280836315
random_forest,defense_vs_attack,3,11.62497702504473,0.24890456532299635,0.41047701176326007,0.34061842291374367
random_forest,defense_vs_attack,4,11.62497702504473,0.08563509645784802,0.6027538496501968,0.3116110538919555
random_forest,defense_vs_attack,5,11.62497702504473,0.10238350937675837,0.5916787548222283,0.30593773580101313
random_forest,defense_vs_attack,6,11.62497702504473,0.14059332118437387,0.6162700747886027,0.2431366040270233
random_forest,defense_vs_attack,7,11.62497702504473,0.14147512188038316,0.6639300837810767,0.19459479433854018
random_forest,defense_vs_attack,8,11.62497702504473,0.34470871177084944,0.46282197910832895,0.1924693091208215
random_forest,defense_vs_attack,9,11.62497702504473,0.6887131755264675,0.11295801549286377,0.19832880898066882
random_forest,defense_vs_attack,10,11.62497702504473,0.6373082701970904,0.1539599214389178,0.20873180836399186
random_forest,defense_vs_attack,11,11.62497702504473,0.1619287666186249,0.436078325915826,0.4019929074655493
random_forest,defense_vs_attack,12,11.62497702504473,0.24864065727161686,0.42152352473539006,0.3298358179929933
random_forest,defense_vs_attack,13,11.62497702504473,0.3130416070660801,0.43794609112891364,0.249012301805006
random_forest,defense_vs_attack,14,11.62497702504473,0.7887218606810039,0.02780886507949529,0.18346927423950096
random_forest,defense_vs_attack,15,11.62497702504473,0.41856570345055116,0.1761131012971492,0.40532119525229987
random_forest,defense_vs_attack,16,11.62497702504473,0.7792163514924572,0.029496640706454427,0.1912870078010884
random_forest,defense_vs_attack,17,11.62497702504473,0.6942415918214428,0.0715061323267592,0.23425227585179795
random_forest,defense_vs_attack,18,11.62497702504473,0.7574961225839885,0.035581791476735965,0.20692208593927597
random_forest,defense_vs_attack,19,11.62497702504473,0.11106485909556602,0.5210158960276841,0.36791924487674993
random_forest,defense_vs_attack,20,11.62497702504473,0.6432332269002916,0.041608854037333214,0.3151579190623755
random_forest,defense_vs_attack,21,11.62497702504473,0.07420040895382056,0.6760623926223741,0.2497371984238054
random_forest,defense_vs_attack,22,11.62497702504473,0.09319012773550744,0.7648617297445134,0.14194814251997914
random_forest,defense_vs_attack,23,11.62497702504473,0.6874822110253729,0.062430054432023596,0.2500877345426032
random_forest,defense_vs_attack,24,11.62497702504473,0.2106964190574415,0.5878850870874116,0.20141849385514685
random_forest,defense_vs_attack,25,11.62497702504473,0.6296748225483612,0.07789347310716464,0.2924317043444739
random_forest,defense_vs_attack,26,11.62497702504473,0.6300375075874927,0.019485790254657243,0.3504767021578501
random_forest,defense_vs_attack,27,11.62497702504473,0.22132715766699187,0.3658815179628812,0.4127913243701267
random_forest,defense_vs_attack,28,11.62497702504473,0.6291530140765634,0.10363215300106281,0.2672148329223733
random_forest,defense_vs_attack,29,11.62497702504473,0.4331742061248905,0.2682466158669721,0.29857917800813755
random_forest,defense_vs_attack,30,11.62497702504473,0.11235553725661723,0.47218969290931895,0.4154547698340639
random_forest,defense_vs_attack,31,11.62497702504473,0.07927378720974797,0.6953692658218364,0.22535694696841568
random_forest,defense_vs_attack,32,11.62497702504473,0.518488561849495,0.23670071008714486,0.24481072806336016
random_forest,defense_vs_attack,33,11.62497702504473,0.6184456285591622,0.12039111057321256,0.26116326086762504
random_forest,defense_vs_attack,34,11.62497702504473,0.4959443688152354,0.2965303451442241,0.20752528604054032
random_forest,defense_vs_attack,35,11.62497702504473,0.8168410111296395,0.06351592813229316,0.11964306073806737
random_forest,defense_vs_attack,36,11.62497702504473,0.5498486027510223,0.21309995861440134,0.23705143863457664
random_forest,defense_vs_attack,37,11.62497702504473,0.0795175100780171,0.6780713206353264,0.2424111692866565
random_forest,defense_vs_attack,38,11.62497702504473,0.4724155085507124,0.1605516303172467,0.36703286113204103
random_forest,defense_vs_attack,39,11.62497702504473,0.8690245481002578,0.021739452435421285,0.109235999464321
random_forest,defense_vs_attack,40,11.62497702504473,0.3912174390863312,0.31998960993165615,0.2887929509820126
random_forest,defense_vs_attack,41,11.62497702504473,0.07751295664270735,0.7573618378127668,0.16512520554452584
random_forest,defense_vs_attack,42,11.62497702504473,0.663896634791907,0.018999301110397996,0.3171040640976949
random_forest,defense_vs_attack,43,11.62497702504473,0.35017307119322144,0.37410903024546865,0.2757178985613101
random_forest,defense_vs_attack,44,11.62497702504473,0.1326754597477792,0.643824040078164,0.22350050017405684
random_forest,defense_vs_attack,45,11.62497702504473,0.49902554379340686,0.15816338515529604,0.3428110710512971
random_forest,defense_vs_attack,46,11.62497702504473,0.11214070550796255,0.6142729853934973,0.2735863090985401
random_forest,defense_vs_attack,47,11.62497702504473,0.26351683341809445,0.41682647399487377,0.3196566925870317
random_forest,defense_vs_attack,48,11.62497702504473,0.7943959350430466,0.08354109014825412,0.12206297480869903
random_forest,defense_vs_attack,49,11.62497702504473,0.46316422725892625,0.20297912449784772,0.33385664824322586
random_forest,elo_diff,0,-316.8854948175054,0.19580242554265526,0.5175838224110175,0.2866137520463274
random_forest,elo_diff,1,-316.8854948175054,0.08555007453754133,0.5764753730679774,0.33797455239448154
random_forest,elo_diff,2,-316.8854948175054,0.1925065864220413,0.6200274851108786,0.18746592846708013
random_forest,elo_diff,3,-316.8854948175054,0.18070804508935537,0.49223675487092505,0.3270552000397195
random_forest,elo_diff,4,-316.8854948175054,0.02414227252677203,0.7185096851699778,0.2573480423032502
random_forest,elo_diff,5,-316.8854948175054,0.04429737639397039,0.7195740965760615,0.23612852702996778
random_forest,elo_diff,6,-316.8854948175054,0.05719075585340117,0.6918457970612488,0.25096344708534984
random_forest,elo_diff,7,-316.8854948175054,0.05414243893362706,0.7707078707457296,0.17514969032064312
random_forest,elo_diff,8,-316.8854948175054,0.18806197307417416,0.5779014603375553,0.23403656658827063
random_forest,elo_diff,9,-316.8854948175054,0.6745159078401265,0.11445478292877442,0.2110293092310991
random_forest,elo_diff,10,-316.8854948175054,0.5785610820062456,0.20048761086852443,0.22095130712522992
random_forest,elo_diff,11,-316.8854948175054,0.08456579024871397,0.5547358466775704,0.36069836307371556
random_forest,elo_diff,12,-316.8854948175054,0.12845763449768927,0.5419701020258524,0.3295722634764586
random_forest,elo_diff,13,-316.8854948175054,0.19816626352242495,0.5471252745662046,0.2547084619113703
random_forest,elo_diff,14,-316.8854948175054,0.745431294463763,0.06360428884010215,0.1909644166961351
random_forest,elo_diff,15,-316.8854948175054,0.36930351094472263,0.18416862116065677,0.44652786789462046
random_forest,elo_diff,16,-316.8854948175054,0.7420846061532781,0.03696936844304601,0.2209460254036759
random_forest,elo_diff,17,-316.8854948175054,0.6529962409844303,0.09377541403209788,0.2532283449834716
random_forest,elo_diff,18,-316.8854948175054,0.7044124515401413,0.056436437414346896,0.23915111104551154
random_forest,elo_diff,19,-316.8854948175054,0.07627932730305416,0.5610306209886285,0.3626900517083171
random_forest,elo_diff,20,-316.8854948175054,0.5292685004268886,0.1342700880872104,0.336461411485901
random_forest,elo_diff,21,-316.8854948175054,0.03664894535754679,0.7131444222602971,0.2502066323821564
random_forest,elo_diff,22,-316.8854948175054,0.03366653790024374,0.849258213953158,0.11707524814659852
random_forest,elo_diff,23,-316.8854948175054,0.6382270397546053,0.08332568499482253,0.27844727525057195
random_forest,elo_diff,24,-316.8854948175054,0.11689087935368342,0.6587026535084143,0.22440646713790233
random_forest,elo_diff,25,-316.8854948175054,0.5603998339782439,0.11767387985118623,0.32192628617056956
random_forest,elo_diff,26,-316.8854948175054,0.6360258606462683,0.04098777982050069,0.3229863595332312
random_forest,elo_diff,27,-316.8854948175054,0.10231166148209346,0.5002960638506854,0.3973922746672214
random_forest,elo_diff,28,-316.8854948175054,0.5639356019126651,0.16428207613309684,0.27178232195423785
random_forest,elo_diff,29,-316.8854948175054,0.3850388786477494,0.3244830962273492,0.29047802512490145
random_forest,elo_diff,30,-316.8854948175054,0.049763927716917074,0.509253615020731,0.44098245726235225
random_forest,elo_diff,31,-316.8854948175054,0.016753728473465696,0.7437330092358515,0.23951326229068268
random_forest,elo_diff,32,-316.8854948175054,0.4710309765010445,0.2701268605558688,0.25884216294308676
random_forest,elo_diff,33,-316.8854948175054,0.5913414107895154,0.17095075667499263,0.23770783253549158
random_forest,elo_diff,34,-316.8854948175054,0.4030479885449841,0.3330054290431484,0.2639465824118674
random_forest,elo_diff,35,-316.8854948175054,0.7517733325396933,0.09587320556482883,0.1523534618954779
random_forest,elo_diff,36,-316.8854948175054,0.4210788296027889,0.30836807814749057,0.27055309224972074
random_forest,elo_diff,37,-316.8854948175054,0.027198476110700465,0.7912496518221817,0.18155187206711806
random_forest,elo_diff,38,-316.8854948175054,0.33607231331670606,0.27723384376081767,0.38669384292247627
random_forest,elo_diff,39,-316.8854948175054,0.7860713704103911,0.057087620709901137,0.15684100887970778
random_forest,elo_diff,40,-316.8854948175054,0.3060391162579866,0.4143495039740163,0.27961137976799716
random_forest,elo_diff,41,-316.8854948175054,0.01605543305363714,0.812713343076398,0.1712312238699647
random_forest,elo_diff,42,-316.8854948175054,0.6726962216174689,0.040113110384944736,0.287190667997586
random_forest,elo_diff,43,-316.8854948175054,0.16988263742675647,0.48392245086965985,0.34619491170358385
random_forest,elo_diff,44,-316.8854948175054,0.08232512935987445,0.7174180497843635,0.20025682085576205
random_forest,elo_diff,45,-316.8854948175054,0.38933821837757515,0.20256417356156145,0.4080976080608632
random_forest,elo_diff,46,-316.8854948175054,0.04035330674039298,0.7611081363247151,0.19853855693489153
random_forest,elo_diff,47,-316.8854948175054,0.10228249361909697,0.637471453096036,0.2602460532848672
random_forest,elo_diff,48,-316.8854948175054,0.7028189919157107,0.1396226878649161,0.15755832021937308
random_forest,elo_diff,49,-316.8854948175054,0.37997131075813506,0.24195776933330612,0.3780709199085586
random_forest,elo_diff,0,-218.87034664064703,0.2080473388167958,0.4860958551478263,0.30585680603537796
random_forest,elo_diff,1,-218.87034664064703,0.09196218776135373,0.568031675233519,0.3400061370051275
random_forest,elo_diff,2,-218.87034664064703,0.20501330799217388,0.5991017168763678,0.1958849751314582
random_forest,elo_diff,3,-218.87034664064703,0.19494328377068784,0.45601043108805533,0.34904628514125674
random_forest,elo_diff,4,-218.87034664064703,0.026610885813574417,0.692182394433224,0.28120671975320183
random_forest,elo_diff,5,-218.87034664064703,0.04910814265336733,0.6982888447279136,0.25260301261871876
random_forest,elo_diff,6,-218.87034664064703,0.06261419156668113,0.6592565183328868,0.2781292901004319
random_forest,elo_diff,7,-218.87034664064703,0.057263345225538415,0.7781897550041278,0.16454689977033368
random_forest,elo_diff,8,-218.87034664064703,0.197863561164359,0.5567567507528882,0.2453796880827527
random_forest,elo_diff,9,-218.87034664064703,0.6745159078401265,0.11445478292877442,0.2110293092310991
random_forest,elo_diff,10,-218.87034664064703,0.5785610820062456,0.20048761086852443,0.22095130712522992
random_forest,elo_diff,11,-218.87034664064703,0.08960963691142598,0.4972704258301996,0.4131199372583745
random_forest,elo_diff,12,-218.87034664064703,0.13280442994972283,0.5167946059231442,0.3504009641271329
random_forest,elo_diff,13,-218.87034664064703,0.20688568414111783,0.5289069119379516,0.2642074039209305
random_forest,elo_diff,14,-218.87034664064703,0.745431294463763,0.06360428884010215,0.1909644166961351
random_forest,elo_diff,15,-218.87034664064703,0.36930351094472263,0.18416862116065677,0.44652786789462046
random_forest,elo_diff,16,-218.87034664064703,0.7420846061532781,0.03696936844304601,0.2209460254036759
random_forest,elo_diff,17,-218.87034664064703,0.6529962409844303,0.09377541403209788,0.2532283449834716
random_forest,elo_diff,18,-218.87034664064703,0.7044124515401413,0.056436437414346896,0.23915111104551154
random_forest,elo_diff,19,-218.87034664064703,0.0833963570428768,0.5351013722557166,0.3815022707014062
random_forest,elo_diff,20,-218.87034664064703,0.5308943423293068,0.13227614660246062,0.3368295110682325
random_forest,elo_diff,21,-218.87034664064703,0.04022520262174966,0.6642061701792247,0.2955686271990257
random_forest,elo_diff,22,-218.87034664064703,0.038325465290013315,0.8355681741742341,0.1261063605357529
random_forest,elo_diff,23,-218.87034664064703,0.6382270397546053,0.08332568499482253,0.27844727525057195
random_forest,elo_diff,24,-218.87034664064703,0.12637755294871603,0.642274026040703,0.23134842101058092
random_forest,elo_diff,25,-218.87034664064703,0.5603998339782439,0.11767387985118623,0.32192628617056956
random_forest,elo_diff,26,-218.87034664064703,0.6360258606462683,0.04098777982050069,0.3229863595332312
random_forest,elo_diff,27,-218.87034664064703,0.10972979795152171,0.46935750153193984,0.42091270051653856
random_forest,elo_diff,28,-218.87034664064703,0.5639356019126651,0.16428207613309684,0.27178232195423785
random_forest,elo_diff,29,-218.87034664064703,0.3966260137487083,0.3058978188789207,0.2974761673723711
random_forest,elo_diff,30,-218.87034664064703,0.051335985174231345,0.5001174847910166,0.4485465300347524
random_forest,elo_diff,31,-218.87034664064703,0.020672345005956067,0.7270687144107452,0.2522589405832987
random_forest,elo_diff,32,-218.87034664064703,0.4710309765010445,0.2701268605558688,0.25884216294308676
random_forest,elo_diff,33,-218.87034664064703,0.5913414107895154,0.17095075667499263,0.23770783253549158
random_forest,elo_diff,34,-218.87034664064703,0.40247859758773735,0.3295384512309385,0.26798295118132415
random_forest,elo_diff,35,-218.87034664064703,0.7517733325396933,0.09587320556482883,0.1523534618954779
random_forest,elo_diff,36,-218.87034664064703,0.4322921109630968,0.30074763020372175,0.2669602588331818
random_forest,elo_diff,37,-218.87034664064703,0.030599250776231848,0.76391262496108,0.2054881242626884
random_forest,elo_diff,38,-218.87034664064703,0.34425799085403347,0.26484843560327725,0.39089357354268944
random_forest,elo_diff,39,-218.87034664064703,0.7860713704103911,0.057087620709901137,0.15684100887970778
random_forest,elo_diff,40,-218.87034664064703,0.30895721140003846,0.4166250738671627,0.27441771473279886
random_forest,elo_diff,41,-218.87034664064703,0.020025878978179954,0.7575810165041031,0.22239310451771646
random_forest,elo_diff,42,-218.87034664064703,0.6726962216174689,0.040113110384944736,0.287190667997586
random_forest,elo_diff,43,-218.87034664064703,0.18227936691396174,0.4473311259337324,0.37038950715230584
random_forest,elo_diff,44,-218.87034664064703,0.08875405565594181,0.7070929600051716,0.20415298433888632
random_forest,elo_diff,45,-218.87034664064703,0.38933821837757515,0.20256417356156145,0.4080976080608632
random_forest,elo_diff,46,-218.87034664064703,0.04783891928990841,0.7354574010345022,0.2167036796755891
random_forest,elo_diff,47,-218.87034664064703,0.10400595596231764,0.6071770715171204,0.28881697252056177
random_forest,elo_diff,48,-218.87034664064703,0.7028189919157107,0.1396226878649161,0.15755832021937308
random_forest,elo_diff,49,-218.87034664064703,0.37997131075813506,0.24195776933330612,0.3780709199085586
random_forest,elo_diff,0,-166.96559512561336,0.21667770803427808,0.4492618024289235,0.33406048953679846
random_forest,elo_diff,1,-166.96559512561336,0.09504072145350605,0.5728167409949851,0.3321425375515092
random_forest,elo_diff,2,-166.96559512561336,0.21332603391507174,0.580111676861896,0.20656228922303213
random_forest,elo_diff,3,-166.96559512561336,0.19815393719972593,0.43509450253322,0.3667515602670539
random_forest,elo_diff,4,-166.96559512561336,0.02687348574680111,0.6784207895738149,0.2947057246793842
random_forest,elo_diff,5,-166.96559512561336,0.05063330128506328,0.6919296840839073,0.25743701463102925
random_forest,elo_diff,6,-166.96559512561336,0.06351641625675077,0.6515659605719616,0.2849176231712877
random_forest,elo_diff,7,-166.96559512561336,0.061735406166275215,0.78076349926548,0.15750109456824465
random_forest,elo_diff,8,-166.96559512561336,0.20400631277337333,0.5471105149418334,0.2488831722847932
random_forest,elo_diff,9,-166.96559512561336,0.6745159078401265,0.11445478292877442,0.2110293092310991
random_forest,elo_diff,10,-166.96559512561336,0.5785610820062456,0.20048761086852443,0.22095130712522992
random_forest,elo_diff,11,-166.96559512561336,0.08989676113803546,0.4888321423074365,0.42127109655452805
random_forest,elo_diff,12,-166.96559512561336,0.13782612832254576,0.5000724252838608,0.3621014463935936
random_forest,elo_diff,13,-166.96559512561336,0.21211374664537827,0.5173276863391078,0.270558567015514
random_forest,elo_diff,14,-166.96559512561336,0.745431294463763,0.06360428884010215,0.1909644166961351
random_forest,elo_diff,15,-166.96559512561336,0.36580485409870334,0.17476143119849522,0.4594337147028013
random_forest,elo_diff,16,-166.96559512561336,0.7420846061532781,0.03696936844304601,0.2209460254036759
random_forest,elo_diff,17,-166.96559512561336,0.6529962409844303,0.09377541403209788,0.2532283449834716
random_forest,elo_diff,18,-166.96559512561336,0.7044124515401413,0.056436437414346896,0.23915111104551154
random_forest,elo_diff,19,-166.96559512561336,0.08725026644293221,0.5279120692396595,0.3848376643174081
random_forest,elo_diff,20,-166.96559512561336,0.5354185421529359,0.11737684677780195,0.34720461106926215
random_forest,elo_diff,21,-166.96559512561336,0.04638222903918798,0.6537897560366349,0.29982801492417716
random_forest,elo_diff,22,-166.96559512561336,0.04017559630279143,0.8297789280714286,0.13004547562578025
random_forest,elo_diff,23,-166.96559512561336,0.6382270397546053,0.08332568499482253,0.27844727525057195
random_forest,elo_diff,24,-166.96559512561336,0.1317281695743804,0.635175019085523,0.2330968113400966
random_forest,elo_diff,25,-166.96559512561336,0.5603998339782439,0.11767387985118623,0.32192628617056956
random_forest,elo_diff,26,-166.96559512561336,0.6360258606462683,0.04098777982050069,0.3229863595332312
random_forest,elo_diff,27,-166.96559512561336,0.11248857487399988,0.42550825531724046,0.46200316980875966
random_forest,elo_diff,28,-166.96559512561336,0.5639356019126651,0.16428207613309684,0.27178232195423785
random_forest,elo_diff,29,-166.96559512561336,0.39917970185943025,0.30212249659731977,0.29869780154325004
random_forest,elo_diff,30,-166.96559512561336,0.05530198759699351,0.5124790727421603,0.4322189396608464
random_forest,elo_diff,31,-166.96559512561336,0.02249734439056873,0.7296309834924033,0.24787167211702754
random_forest,elo_diff,32,-166.96559512561336,0.47358466461176635,0.2663515382742679,0.2600637971139657
random_forest,elo_diff,33,-166.96559512561336,0.5913414107895154,0.17095075667499263,0.23770783253549158
random_forest,elo_diff,34,-166.96559512561336,0.40247859758773735,0.3295384512309385,0.26798295118132415
random_forest,elo_diff,35,-166.96559512561336,0.7517733325396933,0.09587320556482883,0.1523534618954779
random_forest,elo_diff,36,-166.96559512561336,0.4328157009071432,0.2969539017095642,0.27023039738329274
random_forest,elo_diff,37,-166.96559512561336,0.031345944940231414,0.7505157034825306,0.21813835157723815
random_forest,elo_diff,38,-166.96559512561336,0.3541347042325977,0.23795589412759854,0.4079094016398039
random_forest,elo_diff,39,-166.96559512561336,0.7860713704103911,0.057087620709901137,0.15684100887970778
random_forest,elo_diff,40,-166.96559512561336,0.3085196499521839,0.41706263531501725,0.27441771473279886
random_forest,elo_diff,41,-166.96559512561336,0.02683392426387424,0.7599448907951389,0.21322118494098652
random_forest,elo_diff,42,-166.96559512561336,0.6726962216174689,0.040113110384944736,0.287190667997586
random_forest,elo_diff,43,-166.96559512561336,0.18662131698126339,0.43240070900391964,0.3809779740148169
random_forest,elo_diff,44,-166.96559512561336,0.09138622983272472,0.7003691209742554,0.20824464919301963
random_forest,elo_diff,45,-166.96559512561336,0.38837162390657515,0.1906249212243807,0.421003454869044
random_forest,elo_diff,46,-166.96559512561336,0.04616572789128994,0.7229504250134706,0.2308838470952391
random_forest,elo_diff,47,-166.96559512561336,0.11374098836213002,0.5720248714207102,0.3142341402171598
random_forest,elo_diff,48,-166.96559512561336,0.7028189919157107,0.1396226878649161,0.15755832021937308
random_forest,elo_diff,49,-166.96559512561336,0.38171286552083067,0.22594624581998005,0.392340888659189
random_forest,elo_diff,0,-125.94174501588935,0.22286162576242488,0.445764533000044,0.3313738412375311
random_forest,elo_diff,1,-125.94174501588935,0.0932093920004991,0.5458386486945391,0.36095195930496193
random_forest,elo_diff,2,-125.94174501588935,0.21904749869034135,0.5527244452038157,0.22822805610584287
random_forest,elo_diff,3,-125.94174501588935,0.19748436397233018,0.4443908826863751,0.35812475334129457
random_forest,elo_diff,4,-125.94174501588935,0.029964221306502028,0.6547318172816239,0.31530396141187444
random_forest,elo_diff,5,-125.94174501588935,0.05587013579753717,0.6875490714074556,0.2565807927950072
random_forest,elo_diff,6,-125.94174501588935,0.06551768933501316,0.6302533012792273,0.30422900938575953
random_forest,elo_diff,7,-125.94174501588935,0.06659374427603494,0.7783163345202575,0.15508992120370738
random_forest,elo_diff,8,-125.94174501588935,0.21415163375289833,0.5238131387027631,0.2620352275443384
random_forest,elo_diff,9,-125.94174501588935,0.6745159078401265,0.11445478292877442,0.2110293092310991
random_forest,elo_diff,10,-125.94174501588935,0.5873315839198987,0.1994984498849481,0.21316996619515305
random_forest,elo_diff,11,-125.94174501588935,0.0878443827345255,0.49014015353522145,0.4220154637302533
random_forest,elo_diff,12,-125.94174501588935,0.13743067438211448,0.5009571783692489,0.36161214724863666
random_forest,elo_diff,13,-125.94174501588935,0.22667629039820672,0.5032124456538795,0.2701112639479136
random_forest,elo_diff,14,-125.94174501588935,0.745431294463763,0.06360428884010215,0.1909644166961351
random_forest,elo_diff,15,-125.94174501588935,0.3657269539972053,0.17632554043512386,0.45794750556767055
random_forest,elo_diff,16,-125.94174501588935,0.7420846061532781,0.03696936844304601,0.2209460254036759
random_forest,elo_diff,17,-125.94174501588935,0.6529962409844303,0.09377541403209788,0.2532283449834716
random_forest,elo_diff,18,-125.94174501588935,0.7044124515401413,0.056436437414346896,0.23915111104551154
random_forest,elo_diff,19,-125.94174501588935,0.08995315391659166,0.5148935370367199,0.3951533090466881
random_forest,elo_diff,20,-125.94174501588935,0.5354185421529359,0.11737684677780195,0.34720461106926215
random_forest,elo_diff,21,-125.94174501588935,0.04517750385923844,0.6364807565594065,0.3183417395813551
random_forest,elo_diff,22,-125.94174501588935,0.04196103985710944,0.8279403549035594,0.13009860523933137
random_forest,elo_diff,23,-125.94174501588935,0.6382270397546053,0.08332568499482253,0.27844727525057195
random_forest,elo_diff,24,-125.94174501588935,0.13197480231170752,0.6316643557544229,0.23636084193386944
random_forest,elo_diff,25,-125.94174501588935,0.5603998339782439,0.11767387985118623,0.32192628617056956
random_forest,elo_diff,26,-125.94174501588935,0.6360258606462683,0.04098777982050069,0.3229863595332312
random_forest,elo_diff,27,-125.94174501588935,0.1138857436099499,0.419231903360898,0.4668823530291521
random_forest,elo_diff,28,-125.94174501588935,0.5639356019126651,0.16428207613309684,0.27178232195423785
random_forest,elo_diff,29,-125.94174501588935,0.4124174713305857,0.284201532737811,0.30338099593160345
random_forest,elo_diff,30,-125.94174501588935,0.05670674845460553,0.515263585842983,0.4280296657024117
random_forest,elo_diff,31,-125.94174501588935,0.028428424329272468,0.7286269104221282,0.2429446652485989
random_forest,elo_diff,32,-125.94174501588935,0.48703204598285454,0.26009987980001,0.2528680742171355
random_forest,elo_diff,33,-125.94174501588935,0.5972213072214644,0.1733631147945478,0.2294155779839874
random_forest,elo_diff,34,-125.94174501588935,0.412927755860586,0.337607992178019,0.249464251961395
random_forest,elo_diff,35,-125.94174501588935,0.7517733325396933,0.09587320556482883,0.1523534618954779
random_forest,elo_diff,36,-125.94174501588935,0.44402517305517364,0.2790143784284785,0.2769604485163481
random_forest,elo_diff,37,-125.94174501588935,0.03860102499074264,0.727609601071971,0.23378937393728652
random_forest,elo_diff,38,-125.94174501588935,0.3556855000341043,0.23180661382533566,0.41250788614056016
random_forest,elo_diff,39,-125.94174501588935,0.7860713704103911,0.057087620709901137,0.15684100887970778
random_forest,elo_diff,40,-125.94174501588935,0.3263455674337855,0.41122473572734525,0.2624296968388692
random_forest,elo_diff,41,-125.94174501588935,0.033995504950897905,0.7419902219359553,0.22401427311314648
random_forest,elo_diff,42,-125.94174501588935,0.6726962216174689,0.040113110384944736,0.287190667997586
random_forest,elo_diff,43,-125.94174501588935,0.18938999491918937,0.41375799319795875,0.39685201188285174
random_forest,elo_diff,44,-125.94174501588935,0.09364497569209766,0.670395262572737,0.23595976173516522
random_forest,elo_diff,45,-125.94174501588935,0.3955059176306955,0.19632665544462524,0.4081674269246791
random_forest,elo_diff,46,-125.94174501588935,0.051057053702794446,0.699508739359556,0.2494342069376492
random_forest,elo_diff,47,-125.94174501588935,0.11431327659114134,0.5703121866868205,0.31537453672203825
random_forest,elo_diff,48,-125.94174501588935,0.7028189919157107,0.1396226878649161,0.15755832021937308
random_forest,elo_diff,49,-125.94174501588935,0.39058639371841425,0.23372172652472611,0.3756918797568593
random_forest,elo_diff,0,-88.645324655008,0.2232280798993769,0.44728764950350214,0.329484270597121
random_forest,elo_diff,1,-88.645324655008,0.09985922654295697,0.5165256897546987,0.3836150837023446
random_forest,elo_diff,2,-88.645324655008,0.2251097776906065,0.5488648414774338,0.22602538083195975
random_forest,elo_diff,3,-88.645324655008,0.20202802081437235,0.4422244630053081,0.35574751618031936
random_forest,elo_diff,4,-88.645324655008,0.032019560179576294,0.6572654032603455,0.3107150365600784
random_forest,elo_diff,5,-88.645324655008,0.0577055581671663,0.6933640619755722,0.24893037985726116
random_forest,elo_diff,6,-88.645324655008,0.06620494087495665,0.6394216156931968,0.2943734434318466
random_forest,elo_diff,7,-88.645324655008,0.07085018727379024,0.7864265480544997,0.1427232646717099
random_forest,elo_diff,8,-88.645324655008,0.2250287673003218,0.512414547146744,0.26255668555293415
random_forest,elo_diff,9,-88.645324655008,0.6887131755264675,0.11295801549286377,0.19832880898066882
random_forest,elo_diff,10,-88.645324655008,0.586006051629698,0.20270069752168676,0.21129325084861508
random_forest,elo_diff,11,-88.645324655008,0.09332791136108883,0.49283006880344654,0.4138420198354649
random_forest,elo_diff,12,-88.645324655008,0.14198512631968077,0.48449554499057834,0.3735193286897409
random_forest,elo_diff,13,-88.645324655008,0.23533679846538483,0.4957285305688864,0.2689346709657287
random_forest,elo_diff,14,-88.645324655008,0.7531130710233406,0.06436842103186793,0.18251850794479163
random_forest,elo_diff,15,-88.645324655008,0.37372785332270414,0.18682568220457352,0.43944646447272234
random_forest,elo_diff,16,-88.645324655008,0.7510919150030565,0.03453125299807313,0.21437683199887045
random_forest,elo_diff,17,-88.645324655008,0.660678017544008,0.09453954622386367,0.24478243623212814
random_forest,elo_diff,18,-88.645324655008,0.7104471540769765,0.055929997336435354,0.233622848586588
random_forest,elo_diff,19,-88.645324655008,0.0928360901128442,0.5277995883540928,0.3793643215330626
random_forest,elo_diff,20,-88.645324655008,0.5392315092272771,0.11582321489605389,0.3449452758766689
random_forest,elo_diff,21,-88.645324655008,0.045388194619857575,0.6488729534651748,0.3057388519149676
random_forest,elo_diff,22,-88.645324655008,0.041826694191169654,0.8356424871380054,0.12253081867082531
random_forest,elo_diff,23,-88.645324655008,0.6539437203169735,0.08127761587160602,0.2647786638114201
random_forest,elo_diff,24,-88.645324655008,0.13645209611149267,0.6264496058760017,0.2370982980125056
random_forest,elo_diff,25,-88.645324655008,0.5791851642316411,0.12119117708871563,0.29962365867964297
random_forest,elo_diff,26,-88.645324655008,0.6450331694960466,0.0385496643755278,0.3164171661284257
random_forest,elo_diff,27,-88.645324655008,0.12068786572595636,0.4217063827042647,0.45760575156977895
random_forest,elo_diff,28,-88.645324655008,0.5745622178577173,0.17038879031854695,0.2550489918237353
random_forest,elo_diff,29,-88.645324655008,0.4124174713305857,0.284201532737811,0.30338099593160345
random_forest,elo_diff,30,-88.645324655008,0.06052649722390455,0.5151906327287369,0.4242828700473588
random_forest,elo_diff,31,-88.645324655008,0.03273974945801788,0.7303292720838432,0.23693097845813849
random_forest,elo_diff,32,-88.645324655008,0.4863359795528208,0.26654715119629185,0.2471168692508873
random_forest,elo_diff,33,-88.645324655008,0.5978338671076316,0.1793197483131861,0.22284638457918193
random_forest,elo_diff,34,-88.645324655008,0.4110719479401703,0.3398057384931587,0.249122313566671
random_forest,elo_diff,35,-88.645324655008,0.7594551090992708,0.09663733775659461,0.14390755314413453
random_forest,elo_diff,36,-88.645324655008,0.43487173900625264,0.2893671433190262,0.2757611176747214
random_forest,elo_diff,37,-88.645324655008,0.038996303631213584,0.7369020454122787,0.22410165095650791
random_forest,elo_diff,38,-88.645324655008,0.3584981552640867,0.23899960213145077,0.4025022426044626
random_forest,elo_diff,39,-88.645324655008,0.7937531469699688,0.057851752901666914,0.1483951001283644
random_forest,elo_diff,40,-88.645324655008,0.33339861970100587,0.41378306165275647,0.25281831864623766
random_forest,elo_diff,41,-88.645324655008,0.03540476492770767,0.7402900451783787,0.2243051898939132
random_forest,elo_diff,42,-88.645324655008,0.6817035304672472,0.03767499493997185,0.28062147459278053
random_forest,elo_diff,43,-88.645324655008,0.19504090999392687,0.4205951387677267,0.3843639512383464
random_forest,elo_diff,44,-88.645324655008,0.0938502988689972,0.6683572591356738,0.23779244199532867
random_forest,elo_diff,45,-88.645324655008,0.401490645655517,0.20245641172098275,0.3960529426235002
random_forest,elo_diff,46,-88.645324655008,0.052738571236663756,0.6983091218936858,0.24895230686965023
random_forest,elo_diff,47,-88.645324655008,0.11171624927850789,0.5643298176243782,0.323953933097114
random_forest,elo_diff,48,-88.645324655008,0.7088536944525458,0.13911624778700457,0.15203005776044956
random_forest,elo_diff,49,-88.645324655008,0.4072075071716031,0.24018028567872207,0.3526122071496745
random_forest,elo_diff,0,-63.73066128038465,0.23136062625235398,0.43254775609254487,0.3360916176551012
random_forest,elo_diff,1,-63.73066128038465,0.10455564837100155,0.5179043742964461,0.37753997733255257
random_forest,elo_diff,2,-63.73066128038465,0.23915300322270786,0.5123234051856218,0.24852359159167034
random_forest,elo_diff,3,-63.73066128038465,0.22552798536079496,0.4065723108563979,0.36789970378280706
random_forest,elo_diff,4,-63.73066128038465,0.03375273933128793,0.6706038191495857,0.2956434415191266
random_forest,elo_diff,5,-63.73066128038465,0.06033283239643456,0.6999034976384898,0.2397636699650755
random_forest,elo_diff,6,-63.73066128038465,0.07231577490166027,0.6380259864682017,0.289658238630138
random_forest,elo_diff,7,-63.73066128038465,0.07543163023294622,0.7744138542445002,0.1501545155225535
random_forest,elo_diff,8,-63.73066128038465,0.23927078224244303,0.4828584872490002,0.27787073050855654
random_forest,elo_diff,9,-63.73066128038465,0.6914431470489829,0.11467835080635187,0.19387850214466526
random_forest,elo_diff,10,-63.73066128038465,0.5942181932521393,0.19597855890888907,0.20980324783897156
random_forest,elo_diff,11,-63.73066128038465,0.10608492988533737,0.48622945070711326,0.4076856194075495
random_forest,elo_diff,12,-63.73066128038465,0.16264826627797688,0.4684796262236732,0.3688721074983499
random_forest,elo_diff,13,-63.73066128038465,0.23556188119646174,0.48208897885850566,0.28234913994503236
random_forest,elo_diff,14,-63.73066128038465,0.7616805411606563,0.06445315700172448,0.17386630183761922
random_forest,elo_diff,15,-63.73066128038465,0.39306903341203125,0.19295688239165276,0.41397408419631615
random_forest,elo_diff,16,-63.73066128038465,0.7530345483394373,0.037341717770670975,0.2096237338898919
random_forest,elo_diff,17,-63.73066128038465,0.6632448220887034,0.09515323856354886,0.24160193934774754
random_forest,elo_diff,18,-63.73066128038465,0.7081415837167994,0.05333501869624855,0.23852339758695182
random_forest,elo_diff,19,-63.73066128038465,0.11004445755491372,0.5191400131156095,0.37081552932947653
random_forest,elo_diff,20,-63.73066128038465,0.5415961129526639,0.12191771843976638,0.3364861686075697
random_forest,elo_diff,21,-63.73066128038465,0.04897444567519758,0.6569843077892478,0.2940412465355547
random_forest,elo_diff,22,-63.73066128038465,0.04088400431754647,0.8339677367308385,0.1251482589516154
random_forest,elo_diff,23,-63.73066128038465,0.6531179623703577,0.08294197990239631,0.26394005772724566
random_forest,elo_diff,24,-63.73066128038465,0.14357910681012626,0.6068355330149597,0.24958536017491392
random_forest,elo_diff,25,-63.73066128038465,0.5757926017403299,0.12224184877982071,0.301965549479849
random_forest,elo_diff,26,-63.73066128038465,0.6382218072323208,0.038849562399919706,0.3229286303677596
random_forest,elo_diff,27,-63.73066128038465,0.1293956157041986,0.40702598289787595,0.4635784013979256
random_forest,elo_diff,28,-63.73066128038465,0.5804767220880598,0.17162291697024998,0.24790036094168996
random_forest,elo_diff,29,-63.73066128038465,0.4048122839696145,0.28387911865636406,0.3113085973740216
random_forest,elo_diff,30,-63.73066128038465,0.06241181182314246,0.5189408737554009,0.4186473144214569
random_forest,elo_diff,31,-63.73066128038465,0.032287867053069325,0.7340231427420859,0.23368899020484427
random_forest,elo_diff,32,-63.73066128038465,0.4810723016881175,0.26968030301632134,0.24924739529556128
random_forest,elo_diff,33,-63.73066128038465,0.6072737853528329,0.1680072476774637,0.22471896696970306
random_forest,elo_diff,34,-63.73066128038465,0.4089064780182768,0.3465280500810912,0.24456547190063196
random_forest,elo_diff,35,-63.73066128038465,0.7594551090992708,0.09663733775659461,0.14390755314413453
random_forest,elo_diff,36,-63.73066128038465,0.443598048908622,0.2856133746278452,0.2707885764635331
random_forest,elo_diff,37,-63.73066128038465,0.044872439544832,0.7522211661086059,0.2029063943465624
random_forest,elo_diff,38,-63.73066128038465,0.36829075055904886,0.24772204399634892,0.38398720544460235
random_forest,elo_diff,39,-63.73066128038465,0.803032010522526,0.05803972446092454,0.13892826501654942
random_forest,elo_diff,40,-63.73066128038465,0.3465151619227587,0.3920736147711746,0.2614112233060667
random_forest,elo_diff,41,-63.73066128038465,0.037447214105628485,0.7429367772419888,0.21961600865238232
random_forest,elo_diff,42,-63.73066128038465,0.6748921682035215,0.03797489296436375,0.28713293883211444
random_forest,elo_diff,43,-63.73066128038465,0.19911839374407134,0.4272978212155733,0.37358378504035533
random_forest,elo_diff,44,-63.73066128038465,0.10255314854122398,0.6541591710002258,0.24328768045855
random_forest,elo_diff,45,-63.73066128038465,0.4250923061142125,0.20112423664605864,0.3737834572397288
random_forest,elo_diff,46,-63.73066128038465,0.05676508570740064,0.7025027614954511,0.2407321527971478
random_forest,elo_diff,47,-63.73066128038465,0.12070814147228776,0.5522658242263102,0.32702603430140204
random_forest,elo_diff,48,-63.73066128038465,0.7162248843295034,0.13174505791004706,0.15203005776044956
random_forest,elo_diff,49,-63.73066128038465,0.4252485864708373,0.23748601924927806,0.3372653942798842
random_forest,elo_diff,0,-33.93073215658396,0.24455967646199564,0.3986133320721912,0.35682699146581315
random_forest,elo_diff,1,-33.93073215658396,0.10435500442659806,0.5167785906551058,0.37886640491829643
random_forest,elo_diff,2,-33.93073215658396,0.23785573436026716,0.5007186558425,0.2614256097972329
random_forest,elo_diff,3,-33.93073215658396,0.2300092793044911,0.40282049024985583,0.36717023044565295
random_forest,elo_diff,4,-33.93073215658396,0.03576804063360447,0.6598211372341968,0.3044108221321989
random_forest,elo_diff,5,-33.93073215658396,0.0648733450958988,0.6872021110186851,0.24792454388541593
random_forest,elo_diff,6,-33.93073215658396,0.07859570407506543,0.59402476351172,0.32737953241321455
random_forest,elo_diff,7,-33.93073215658396,0.08635100705394244,0.7216157517395518,0.19203324120650508
random_forest,elo_diff,8,-33.93073215658396,0.2579243145076874,0.45412582792275824,0.28794985756955427
random_forest,elo_diff,9,-33.93073215658396,0.6963172657258417,0.124177174898479,0.17950555937567939
random_forest,elo_diff,10,-33.93073215658396,0.6198704378333089,0.19400558034130896,0.18612398182538212
random_forest,elo_diff,11,-33.93073215658396,0.10788566926210352,0.4793163813537665,0.4127979493841303
random_forest,elo_diff,12,-33.93073215658396,0.16192587149965645,0.460396837156408,0.37767729134393546
random_forest,elo_diff,13,-33.93073215658396,0.24053316596739507,0.48166964154911707,0.2777971924834876
random_forest,elo_diff,14,-33.93073215658396,0.7712313211568212,0.057174524647828906,0.17159415419535004
random_forest,elo_diff,15,-33.93073215658396,0.39649634689329355,0.1870654644624713,0.4164381886442355
random_forest,elo_diff,16,-33.93073215658396,0.75770866463025,0.03957685715733659,0.20271447821241342
random_forest,elo_diff,17,-33.93073215658396,0.6678270968140482,0.09301419537607997,0.2391587078098717
random_forest,elo_diff,18,-33.93073215658396,0.7171976911451678,0.05244528661737428,0.2303570222374576
random_forest,elo_diff,19,-33.93073215658396,0.10725290560347805,0.529831363796358,0.36291573060016374
random_forest,elo_diff,20,-33.93073215658396,0.5657938214638386,0.12176177021882297,0.3124444083173384
random_forest,elo_diff,21,-33.93073215658396,0.05482627142353852,0.6499962964729634,0.29517743210349784
random_forest,elo_diff,22,-33.93073215658396,0.04974230142537395,0.7932491540160683,0.15700854455855773
random_forest,elo_diff,23,-33.93073215658396,0.6640469274918617,0.0852174378436757,0.2507356346644623
random_forest,elo_diff,24,-33.93073215658396,0.14719042896344725,0.5526198554188052,0.3001897156177475
random_forest,elo_diff,25,-33.93073215658396,0.5871337345578661,0.11876236712270094,0.29410389831943257
random_forest,elo_diff,26,-33.93073215658396,0.6475036160909252,0.03662102417154138,0.31587535973753345
random_forest,elo_diff,27,-33.93073215658396,0.1559930128811371,0.3979421498616688,0.4460648372571942
random_forest,elo_diff,28,-33.93073215658396,0.6053120059251399,0.16835673460309622,0.2263312594717635
random_forest,elo_diff,29,-33.93073215658396,0.41078434710095896,0.2843107569580467,0.30490489594099446
random_forest,elo_diff,30,-33.93073215658396,0.07153543926986289,0.5089675369068376,0.41949702382329973
random_forest,elo_diff,31,-33.93073215658396,0.03926679471312848,0.7187181489965916,0.24201505629027956
random_forest,elo_diff,32,-33.93073215658396,0.49203692942521243,0.2770491603007386,0.23091391027404895
random_forest,elo_diff,33,-33.93073215658396,0.6212839645060061,0.16511698121775525,0.21359905427623826
random_forest,elo_diff,34,-33.93073215658396,0.4131866068526255,0.357725832485486,0.22908756066188843
random_forest,elo_diff,35,-33.93073215658396,0.7985820021373313,0.08834784605250501,0.11307015181016346
random_forest,elo_diff,36,-33.93073215658396,0.44813317972393807,0.27283625025775765,0.2790305700183045
random_forest,elo_diff,37,-33.93073215658396,0.04818414572355076,0.7490634881772534,0.20275236609919614
random_forest,elo_diff,38,-33.93073215658396,0.3718797245560314,0.24565496987357482,0.38246530557039393
random_forest,elo_diff,39,-33.93073215658396,0.8255512360580116,0.05028765184711057,0.1241611120948777
random_forest,elo_diff,40,-33.93073215658396,0.3489614916233809,0.37748757867978844,0.2735509296968306
random_forest,elo_diff,41,-33.93073215658396,0.042367366095762554,0.708324622388964,0.24930801151527304
random_forest,elo_diff,42,-33.93073215658396,0.6681793422939646,0.04205746327917743,0.28976319442685755
random_forest,elo_diff,43,-33.93073215658396,0.20863033919002025,0.41934648666992325,0.3720231741400566
random_forest,elo_diff,44,-33.93073215658396,0.10328679681158486,0.6191260376333271,0.2775871655550876
random_forest,elo_diff,45,-33.93073215658396,0.4312811231493494,0.19897015063836934,0.3697487262122811
random_forest,elo_diff,46,-33.93073215658396,0.06543077704177472,0.6813579079775275,0.25321131498069754
random_forest,elo_diff,47,-33.93073215658396,0.12776246288287843,0.533341805909792,0.3388957312073295
random_forest,elo_diff,48,-33.93073215658396,0.7595772484650186,0.12401424628306028,0.116408505251921
random_forest,elo_diff,49,-33.93073215658396,0.4458700965248132,0.23325740223625782,0.3208725012389287
random_forest,elo_diff,0,-6.047832396123008,0.23135815935085555,0.38305893711035993,0.3855829035387844
random_forest,elo_diff,1,-6.047832396123008,0.11173379823169832,0.5104789493630568,0.37778725240524524
random_forest,elo_diff,2,-6.047832396123008,0.24488553706740626,0.4978750342807725,0.2572394286518212
random_forest,elo_diff,3,-6.047832396123008,0.23944399589661314,0.3839139386902586,0.37664206541312817
random_forest,elo_diff,4,-6.047832396123008,0.035962372599275184,0.651707218521906,0.31233040887881885
random_forest,elo_diff,5,-6.047832396123008,0.0684364887990651,0.67549625267811,0.256067258522825
random_forest,elo_diff,6,-6.047832396123008,0.08129753005346572,0.5872716698302963,0.33143080011623777
random_forest,elo_diff,7,-6.047832396123008,0.08801774047179117,0.710307557310211,0.20167470221799755
random_forest,elo_diff,8,-6.047832396123008,0.2581499593925218,0.4400007772315227,0.30184926337595536
random_forest,elo_diff,9,-6.047832396123008,0.7035505764370625,0.12220722298687914,0.17424220057605835
random_forest,elo_diff,10,-6.047832396123008,0.6284266040420775,0.19375350882049902,0.17781988713742344
random_forest,elo_diff,11,-6.047832396123008,0.1119340127607978,0.4695125928086267,0.4185533944305759
random_forest,elo_diff,12,-6.047832396123008,0.16768680743633393,0.4456262235330688,0.38668696903059724
random_forest,elo_diff,13,-6.047832396123008,0.23941565923930228,0.4857641097048209,0.27482023105587655
random_forest,elo_diff,14,-6.047832396123008,0.7671858703679528,0.05425998367296695,0.17855414595908017
random_forest,elo_diff,15,-6.047832396123008,0.3890785980024461,0.19350898243607237,0.4174124195614817
random_forest,elo_diff,16,-6.047832396123008,0.7575404326275222,0.04004976914693042,0.2024097982255473
random_forest,elo_diff,17,-6.047832396123008,0.6648868966947349,0.09064840911032158,0.24446469419494346
random_forest,elo_diff,18,-6.047832396123008,0.7210260969632939,0.04956301489868185,0.22941088813802393
random_forest,elo_diff,19,-6.047832396123008,0.10531576269431181,0.5374506973120399,0.35723353999364815
random_forest,elo_diff,20,-6.047832396123008,0.5656279400534788,0.11603589491196416,0.3183361650345569
random_forest,elo_diff,21,-6.047832396123008,0.05932491056725838,0.6403858361632326,0.30028925326950884
random_forest,elo_diff,22,-6.047832396123008,0.04724451269203649,0.8057010737549466,0.147054413553017
random_forest,elo_diff,23,-6.047832396123008,0.6626068932413751,0.08550051089856125,0.2518925958600632
random_forest,elo_diff,24,-6.047832396123008,0.14404884822771943,0.5630173685808645,0.29293378319141605
random_forest,elo_diff,25,-6.047832396123008,0.590766546809354,0.11825195066866562,0.2909815025219801
random_forest,elo_diff,26,-6.047832396123008,0.6460635818404388,0.03690409722642694,0.3170323209331344
random_forest,elo_diff,27,-6.047832396123008,0.15862843364773752,0.3887562352698874,0.4526153310823753
random_forest,elo_diff,28,-6.047832396123008,0.6076200642017927,0.16606541149219564,0.2263145243060113
random_forest,elo_diff,29,-6.047832396123008,0.41376937531033514,0.2838983041703525,0.3023323205193125
random_forest,elo_diff,30,-6.047832396123008,0.08204269799557462,0.5105542258085957,0.40740307619583
random_forest,elo_diff,31,-6.047832396123008,0.04086152146843802,0.7351667330091933,0.22397174552236818
random_forest,elo_diff,32,-6.047832396123008,0.4781547781582198,0.2916193790549689,0.23022584278681127
random_forest,elo_diff,33,-6.047832396123008,0.6248312060070018,0.16317235287178916,0.21199644112120855
random_forest,elo_diff,34,-6.047832396123008,0.43335816836732377,0.3523009266773578,0.21434090495531818
random_forest,elo_diff,35,-6.047832396123008,0.7918638985658486,0.08781319538102032,0.12032290605313088
random_forest,elo_diff,36,-6.047832396123008,0.4560312166896807,0.27174746980306763,0.272221313507252
random_forest,elo_diff,37,-6.047832396123008,0.052181294034656406,0.739685238208323,0.20813346775702082
random_forest,elo_diff,38,-6.047832396123008,0.3709307166730553,0.24172608294399076,0.38734320038295417
random_forest,elo_diff,39,-6.047832396123008,0.8254044912334372,0.049911402289122435,0.12468410647744027
random_forest,elo_diff,40,-6.047832396123008,0.3514319444838327,0.36665146679165783,0.28191658872450936
random_forest,elo_diff,41,-6.047832396123008,0.04135940296191388,0.7298735403828024,0.22876705665528316
random_forest,elo_diff,42,-6.047832396123008,0.6667393080434781,0.04234053633406299,0.2909201556224585
random_forest,elo_diff,43,-6.047832396123008,0.20918084389709227,0.40884146129660065,0.38197769480630717
random_forest,elo_diff,44,-6.047832396123008,0.10034074311395332,0.6270381485659998,0.2726211083200465
random_forest,elo_diff,45,-6.047832396123008,0.44607460235033486,0.1887905477419316,0.3651348499077334
random_forest,elo_diff,46,-6.047832396123008,0.06513631157378537,0.6858738266365392,0.24898986178967528
random_forest,elo_diff,47,-6.047832396123008,0.142515158813191,0.5184567771707734,0.3390280640160357
random_forest,elo_diff,48,-6.047832396123008,0.7613749325202003,0.12023203586734293,0.11839303161245673
random_forest,elo_diff,49,-6.047832396123008,0.45072042202174384,0.2314367128802346,0.31784286509802134
random_forest,elo_diff,0,17.416008069282316,0.2486105078870121,0.3612343233499349,0.3901551687630529
random_forest,elo_diff,1,17.416008069282316,0.11134903865508523,0.49550328768283647,0.39314767366207864
random_forest,elo_diff,2,17.416008069282316,0.252147278328771,0.4940636776990677,0.25378904397216123
random_forest,elo_diff,3,17.416008069282316,0.24609512728170446,0.37002469954420275,0.3838801731740928
random_forest,elo_diff,4,17.416008069282316,0.040259641939167964,0.6509999359003932,0.30874042216043895
random_forest,elo_diff,5,17.416008069282316,0.07976484154370767,0.6744888892403033,0.2457462692159892
random_forest,elo_diff,6,17.416008069282316,0.09029697160080542,0.5843945580355258,0.3253084703636689
random_forest,elo_diff,7,17.416008069282316,0.09086411613738793,0.7118005307465815,0.19733535311603034
random_forest,elo_diff,8,17.416008069282316,0.2799100477266429,0.42483544749228574,0.2952545047810712
random_forest,elo_diff,9,17.416008069282316,0.7331491404410028,0.10489788486360918,0.16195297469538827
random_forest,elo_diff,10,17.416008069282316,0.6453039110518148,0.18372000621264192,0.17097608273554318
random_forest,elo_diff,11,17.416008069282316,0.12044363421309863,0.47451512053896905,0.4050412452479326
random_forest,elo_diff,12,17.416008069282316,0.18106346955752853,0.42413038133301634,0.39480614910945516
random_forest,elo_diff,13,17.416008069282316,0.24885157138060224,0.4703246167335596,0.280823811885838
random_forest,elo_diff,14,17.416008069282316,0.7706421661561977,0.03946274395537211,0.18989508988843032
random_forest,elo_diff,15,17.416008069282316,0.3882108168648018,0.19555866051200801,0.4162305226231903
random_forest,elo_diff,16,17.416008069282316,0.7612664454057271,0.03519658805947997,0.203536966534793
random_forest,elo_diff,17,17.416008069282316,0.67791868745101,0.08437927877699342,0.23770203377199653
random_forest,elo_diff,18,17.416008069282316,0.7457071612617624,0.04185082778750038,0.2124420109507372
random_forest,elo_diff,19,17.416008069282316,0.11050009113842314,0.5432405566586122,0.3462593522029645
random_forest,elo_diff,20,17.416008069282316,0.5880906117331675,0.09525642506290838,0.31665296320392416
random_forest,elo_diff,21,17.416008069282316,0.06508590849930222,0.6543679201351641,0.2805461713655336
random_forest,elo_diff,22,17.416008069282316,0.0518525241308283,0.8027011722839954,0.14544630358517616
random_forest,elo_diff,23,17.416008069282316,0.6809192802808764,0.07701573093993246,0.24206498877919083
random_forest,elo_diff,24,17.416008069282316,0.15214843275859363,0.5585392991999114,0.28931226804149507
random_forest,elo_diff,25,17.416008069282316,0.6044688859240287,0.10915918537062091,0.28637192870535016
random_forest,elo_diff,26,17.416008069282316,0.6455315817774915,0.032879314835899114,0.3215891033866097
random_forest,elo_diff,27,17.416008069282316,0.1699336685335716,0.3800263133183363,0.45004001814809236
random_forest,elo_diff,28,17.416008069282316,0.6246720232022848,0.1445504528857073,0.23077752391200756
random_forest,elo_diff,29,17.416008069282316,0.42767522315691914,0.27155492152119615,0.30076985532188505
random_forest,elo_diff,30,17.416008069282316,0.08691050115726949,0.5037624737301539,0.40932702511257685
random_forest,elo_diff,31,17.416008069282316,0.050839412467487466,0.7257575841624399,0.22340300337007238
random_forest,elo_diff,32,17.416008069282316,0.4749753658643306,0.2943663811320157,0.23065825300365383
random_forest,elo_diff,33,17.416008069282316,0.6649177836259589,0.12236131890992957,0.21272089746411124
random_forest,elo_diff,34,17.416008069282316,0.467183018435027,0.30855123463085327,0.2242657469341194
random_forest,elo_diff,35,17.416008069282316,0.811557132468293,0.06851726913252701,0.11992559839917984
random_forest,elo_diff,36,17.416008069282316,0.4650970607356444,0.26769931904801175,0.2672036202163442
random_forest,elo_diff,37,17.416008069282316,0.05725305324020088,0.7398458926737147,0.20290105408608458
random_forest,elo_diff,38,17.416008069282316,0.3854242919652893,0.23370103906229459,0.3808746689724161
random_forest,elo_diff,39,17.416008069282316,0.8231703724419984,0.03393274350487908,0.14289688405312237
random_forest,elo_diff,40,17.416008069282316,0.3580737851436579,0.3505985908152134,0.29132762404112866
random_forest,elo_diff,41,17.416008069282316,0.052972960270655574,0.7342901344720668,0.21273690525727731
random_forest,elo_diff,42,17.416008069282316,0.6931186881451311,0.033237301767830636,0.2736440100870379
random_forest,elo_diff,43,17.416008069282316,0.2199031596022758,0.38779310714746495,0.39230373325025925
random_forest,elo_diff,44,17.416008069282316,0.10184027015756679,0.6321110424244919,0.2660486874179411
random_forest,elo_diff,45,17.416008069282316,0.4519901284253955,0.18340678678615363,0.36460308478845066
random_forest,elo_diff,46,17.416008069282316,0.07542302812855896,0.6894358538170581,0.23514111805438265
random_forest,elo_diff,47,17.416008069282316,0.1496305400854546,0.4964349415629104,0.3539345183516349
random_forest,elo_diff,48,17.416008069282316,0.790857192871164,0.09345512431213604,0.11568768281669985
random_forest,elo_diff,49,17.416008069282316,0.45431787036127197,0.222459567336011,0.3232225623027169
random_forest,elo_diff,0,46.16511619873789,0.26130324244964553,0.3525164243577758,0.38618033319257855
random_forest,elo_diff,1,46.16511619873789,0.11695078746203592,0.48785718048931087,0.3951920320486535
random_forest,elo_diff,2,46.16511619873789,0.2508824443429422,0.5062684402454637,0.242849115411594
random_forest,elo_diff,3,46.16511619873789,0.2536426631353528,0.3657348368664144,0.38062249999823283
random_forest,elo_diff,4,46.16511619873789,0.04291258325475278,0.6459826747855218,0.31110474195972543
random_forest,elo_diff,5,46.16511619873789,0.08009541026828029,0.6679872412529225,0.2519173484787973
random_forest,elo_diff,6,46.16511619873789,0.09105170015164521,0.5827066596358367,0.32624164021251817
random_forest,elo_diff,7,46.16511619873789,0.09505328073561072,0.7043279740510404,0.20061874521334858
random_forest,elo_diff,8,46.16511619873789,0.28026353527571524,0.43062230622187553,0.289114158502409
random_forest,elo_diff,9,46.16511619873789,0.7378431095326176,0.09851669241584171,0.16364019805154087
random_forest,elo_diff,10,46.16511619873789,0.6404208964140643,0.18286572928159595,0.17671337430433967
random_forest,elo_diff,11,46.16511619873789,0.12638461574535745,0.46922979056632036,0.4043855936883225
random_forest,elo_diff,12,46.16511619873789,0.19385447913285256,0.42562319944737226,0.3805223214197751
random_forest,elo_diff,13,46.16511619873789,0.2571613295815889,0.46299735597052544,0.27984131444788557
random_forest,elo_diff,14,46.16511619873789,0.779354679084006,0.03479258055254737,0.1858527403634466
random_forest,elo_diff,15,46.16511619873789,0.3824190296605654,0.19159415410532876,0.42598681623410606
random_forest,elo_diff,16,46.16511619873789,0.7699789583335354,0.03052642465665523,0.1994946170098093
random_forest,elo_diff,17,46.16511619873789,0.6845560691937386,0.07774189703426482,0.23770203377199653
random_forest,elo_diff,18,46.16511619873789,0.7282014345773272,0.04337600319767349,0.22842256222499926
random_forest,elo_diff,19,46.16511619873789,0.11688949816859906,0.5450460189779172,0.3380644828534837
random_forest,elo_diff,20,46.16511619873789,0.5918084857697653,0.09195906473396735,0.31623244949626744
random_forest,elo_diff,21,46.16511619873789,0.06530445294118863,0.6533299056431635,0.2813656414156477
random_forest,elo_diff,22,46.16511619873789,0.05346250833595437,0.797217045466501,0.1493204461975445
random_forest,elo_diff,23,46.16511619873789,0.6854302272158169,0.07296404996202693,0.24160572282215584
random_forest,elo_diff,24,46.16511619873789,0.1601564341636221,0.5621911567589367,0.27765240907744115
random_forest,elo_diff,25,46.16511619873789,0.6044688859240287,0.10915918537062091,0.28637192870535016
random_forest,elo_diff,26,46.16511619873789,0.6478285577924758,0.0280798498752767,0.32409159233224766
random_forest,elo_diff,27,46.16511619873789,0.17919216068199575,0.3828845853164977,0.4379232540015067
random_forest,elo_diff,28,46.16511619873789,0.6286047645584741,0.1400457359205892,0.2313494995209363
random_forest,elo_diff,29,46.16511619873789,0.43682391194649495,0.26168843111199785,0.30148765694150753
random_forest,elo_diff,30,46.16511619873789,0.09373342386483884,0.49858237819812373,0.40768419793703764
random_forest,elo_diff,31,46.16511619873789,0.05252463207334194,0.7215334073716663,0.22594196055499147
random_forest,elo_diff,32,46.16511619873789,0.46646516302440894,0.30038018348930734,0.23315465348628386
random_forest,elo_diff,33,46.16511619873789,0.6531116396729802,0.12505075000665752,0.22183761032036187
random_forest,elo_diff,34,46.16511619873789,0.4757872410492044,0.30734038935984775,0.2168723695909475
random_forest,elo_diff,35,46.16511619873789,0.8117826062236747,0.0676372165100311,0.12058017726629401
random_forest,elo_diff,36,46.16511619873789,0.46376384260874776,0.2664544180586894,0.2697817393325632
random_forest,elo_diff,37,46.16511619873789,0.06621064324044634,0.7333544784047411,0.20043487835481258
random_forest,elo_diff,38,46.16511619873789,0.3906127130889634,0.22556171176944603,0.3838255751415907
random_forest,elo_diff,39,46.16511619873789,0.8318828853698069,0.029262580102054347,0.13885453452813873
random_forest,elo_diff,40,46.16511619873789,0.3581377325246446,0.35130329797752746,0.2905589694978277
random_forest,elo_diff,41,46.16511619873789,0.05372768882149537,0.7326022360723776,0.21367007510612665
random_forest,elo_diff,42,46.16511619873789,0.7018312010729394,0.028567138365005903,0.2696016605620543
random_forest,elo_diff,43,46.16511619873789,0.23946252551017344,0.3767308312826303,0.38380664320719626
random_forest,elo_diff,44,46.16511619873789,0.11060300011343509,0.6340750015838282,0.25532199830273655
random_forest,elo_diff,45,46.16511619873789,0.44956421999325397,0.18273670936951877,0.3676990706372272
random_forest,elo_diff,46,46.16511619873789,0.07575359685313159,0.6829342058296773,0.24131219731719075
random_forest,elo_diff,47,46.16511619873789,0.1534167616635064,0.49010816206873925,0.3564750762677544
random_forest,elo_diff,48,46.16511619873789,0.7963717292287869,0.08272913065530828,0.12089914011590476
random_forest,elo_diff,49,46.16511619873789,0.45173598798902814,0.21899051686759466,0.32927349514337706
random_forest,elo_diff,0,77.73785610176495,0.2520790824915356,0.34988112420763057,0.3980397933008337
random_forest,elo_diff,1,77.73785610176495,0.12649894988819643,0.48423738963332513,0.3892636604784787
random_forest,elo_diff,2,77.73785610176495,0.2385368071397691,0.4994477584656886,0.26201543439454217
random_forest,elo_diff,3,77.73785610176495,0.25154337258686454,0.3651532795239098,0.38330334788922565
random_forest,elo_diff,4,77.73785610176495,0.04329052522495941,0.6443374358630564,0.3123720389119843
random_forest,elo_diff,5,77.73785610176495,0.08059080524157453,0.6641090151641957,0.25530017959422974
random_forest,elo_diff,6,77.73785610176495,0.09213951992962917,0.5890828580641709,0.3187776220061999
random_forest,elo_diff,7,77.73785610176495,0.0949308368498575,0.7009729985692998,0.20409616458084237
random_forest,elo_diff,8,77.73785610176495,0.2685753914562257,0.4190427560747691,0.312381852469005
random_forest,elo_diff,9,77.73785610176495,0.7367691045868789,0.09959069736158033,0.16364019805154087
random_forest,elo_diff,10,77.73785610176495,0.6428335622086947,0.18063400631095058,0.1765324314803546
random_forest,elo_diff,11,77.73785610176495,0.13115718421616807,0.46161754764878044,0.4072252681350519
random_forest,elo_diff,12,77.73785610176495,0.18350885534165007,0.4068028450729276,0.4096882995854223
random_forest,elo_diff,13,77.73785610176495,0.2513906658340926,0.46260590610709545,0.28600342805881185
random_forest,elo_diff,14,77.73785610176495,0.7805790422664177,0.03123434648154136,0.18818661125204098
random_forest,elo_diff,15,77.73785610176495,0.37841788366817625,0.18423538267853076,0.4373467336532932
random_forest,elo_diff,16,77.73785610176495,0.7947086809913935,0.03130884991582676,0.1739824690927798
random_forest,elo_diff,17,77.73785610176495,0.69299653861055,0.07532598469640095,0.23167747669304892
random_forest,elo_diff,18,77.73785610176495,0.7486734271877945,0.043017253563614403,0.2083093192485912
random_forest,elo_diff,19,77.73785610176495,0.12383529217142715,0.5198991656108162,0.35626554221775636
random_forest,elo_diff,20,77.73785610176495,0.600101495096358,0.0912581955406599,0.3086403093629821
random_forest,elo_diff,21,77.73785610176495,0.06528592287324277,0.6460871115357504,0.2886269655910067
random_forest,elo_diff,22,77.73785610176495,0.05346250833595437,0.7909385870334164,0.15559890463062906
random_forest,elo_diff,23,77.73785610176495,0.6914188790769482,0.06940308458823018,0.23917803633482126
random_forest,elo_diff,24,77.73785610176495,0.1413829823069318,0.5629771699631715,0.29563984772989665
random_forest,elo_diff,25,77.73785610176495,0.6097754500993139,0.10481940675453962,0.28540514314614623
random_forest,elo_diff,26,77.73785610176495,0.6599150933748724,0.0294536483578543,0.31063125826727345
random_forest,elo_diff,27,77.73785610176495,0.18687329501733096,0.3759323074466305,0.4371943975360388
random_forest,elo_diff,28,77.73785610176495,0.6275064390736216,0.13688639693382618,0.23560716399255185
random_forest,elo_diff,29,77.73785610176495,0.4280306163389633,0.2571790874894046,0.3147902961716324
random_forest,elo_diff,30,77.73785610176495,0.09373342386483884,0.49858237819812373,0.40768419793703764
random_forest,elo_diff,31,77.73785610176495,0.05252463207334194,0.7215334073716663,0.22594196055499147
random_forest,elo_diff,32,77.73785610176495,0.4709822806642258,0.2953151318379296,0.23370258749784456
random_forest,elo_diff,33,77.73785610176495,0.652142360306183,0.12317918204658701,0.22467845764722968
random_forest,elo_diff,34,77.73785610176495,0.47665726051504337,0.3102377617151795,0.21310497776977688
random_forest,elo_diff,35,77.73785610176495,0.8141952720183051,0.06540549353938575,0.12039923444230897
random_forest,elo_diff,36,77.73785610176495,0.4562200261639638,0.26359582178807134,0.2801841520479653
random_forest,elo_diff,37,77.73785610176495,0.06695422088718454,0.7297874041403823,0.20325837497243313
random_forest,elo_diff,38,77.73785610176495,0.41379460117609773,0.20878712370590144,0.3774182751180007
random_forest,elo_diff,39,77.73785610176495,0.8331203036606395,0.02804337982085695,0.13883631651850353
random_forest,elo_diff,40,77.73785610176495,0.3547010172197087,0.3504633809351941,0.294835601845097
random_forest,elo_diff,41,77.73785610176495,0.05372768882149537,0.7326022360723776,0.21367007510612665
random_forest,elo_diff,42,77.73785610176495,0.7161328552526358,0.029965351446804945,0.25390179330055895
random_forest,elo_diff,43,77.73785610176495,0.22283955227204486,0.36873642110733496,0.4084240266206203
random_forest,elo_diff,44,77.73785610176495,0.11043170143513403,0.6352678748428465,0.2543004237220193
random_forest,elo_diff,45,77.73785610176495,0.443845548398408,0.18177073392535972,0.3743837176762322
random_forest,elo_diff,46,77.73785610176495,0.07624899182642583,0.6790559797409506,0.24469502843262322
random_forest,elo_diff,47,77.73785610176495,0.15108612445372532,0.46902632703016217,0.37988754851611256
random_forest,elo_diff,48,77.73785610176495,0.7931934740026562,0.08535339638561756,0.12145312961172615
random_forest,elo_diff,49,77.73785610176495,0.4553609411850517,0.21770414269578323,0.3269349161191649
random_forest,elo_diff,0,119.5569726539491,0.24736032671883845,0.3426693147343003,0.4099703585468612
random_forest,elo_diff,1,119.5569726539491,0.1187330089734333,0.4851332130795494,0.3961337779470176
random_forest,elo_diff,2,119.5569726539491,0.23799135431065244,0.5066389965202642,0.25536964916908317
random_forest,elo_diff,3,119.5569726539491,0.25154337258686454,0.3651532795239098,0.38330334788922565
random_forest,elo_diff,4,119.5569726539491,0.03823204893253929,0.641260725333812,0.32050722573364887
random_forest,elo_diff,5,119.5569726539491,0.08165584812440492,0.659010922593012,0.2593332292825831
random_forest,elo_diff,6,119.5569726539491,0.0877090920764863,0.5879170562805683,0.32437385164294535
random_forest,elo_diff,7,119.5569726539491,0.09432976354963057,0.7070540018179649,0.19861623463240427
random_forest,elo_diff,8,119.5569726539491,0.2685753914562257,0.4190427560747691,0.312381852469005
random_forest,elo_diff,9,119.5569726539491,0.7391084502542543,0.09417455086986604,0.16671699887587976
random_forest,elo_diff,10,119.5569726539491,0.6370589891527457,0.17996002389259091,0.18298098695466325
random_forest,elo_diff,11,119.5569726539491,0.13134752754913362,0.46801117013201793,0.4006413023188488
random_forest,elo_diff,12,119.5569726539491,0.17939873377896295,0.3988663382269499,0.421734927994087
random_forest,elo_diff,13,119.5569726539491,0.24567803963405047,0.4615065259449016,0.29281543442104796
random_forest,elo_diff,14,119.5569726539491,0.7833131339559766,0.03014970661723725,0.18653715942678617
random_forest,elo_diff,15,119.5569726539491,0.3842349404972812,0.18357772831111593,0.4321873311916031
random_forest,elo_diff,16,119.5569726539491,0.7986009695361873,0.030487749932267574,0.17091128053154514
random_forest,elo_diff,17,119.5569726539491,0.6942415918214428,0.0715061323267592,0.23425227585179795
random_forest,elo_diff,18,119.5569726539491,0.7624968435977714,0.04009151427097985,0.19741164213124895
random_forest,elo_diff,19,119.5569726539491,0.12396226538811028,0.5116370055724687,0.36440072903942095
random_forest,elo_diff,20,119.5569726539491,0.6114525621420946,0.08744665565364518,0.3011007822042601
random_forest,elo_diff,21,119.5569726539491,0.06433528681090671,0.645486526592625,0.29017818659646816
random_forest,elo_diff,22,119.5569726539491,0.051292851845278514,0.7929535694410682,0.1557535787136531
random_forest,elo_diff,23,119.5569726539491,0.7076541126857702,0.06867409693363068,0.2236717903805989
random_forest,elo_diff,24,119.5569726539491,0.14150995552361492,0.5547150099248238,0.30377503455156113
random_forest,elo_diff,25,119.5569726539491,0.6086875192982707,0.09704476702259403,0.294267713679135
random_forest,elo_diff,26,119.5569726539491,0.6687838837414214,0.0271017407378238,0.304114375520755
random_forest,elo_diff,27,119.5569726539491,0.18181481872491087,0.37285559691738607,0.44532958435770326
random_forest,elo_diff,28,119.5569726539491,0.6321888175067307,0.1283361293506859,0.2394750531425832
random_forest,elo_diff,29,119.5569726539491,0.43395752189562625,0.257193851613654,0.30884862649072004
random_forest,elo_diff,30,119.5569726539491,0.09392376719780439,0.5049760006813611,0.4011002321208346
random_forest,elo_diff,31,119.5569726539491,0.05285204993415499,0.7181103426643102,0.22903760740153456
random_forest,elo_diff,32,119.5569726539491,0.4660784894655216,0.2971841076817242,0.23673740285275424
random_forest,elo_diff,33,119.5569726539491,0.6530511231556858,0.12205668345592112,0.22489219338839292
random_forest,elo_diff,34,119.5569726539491,0.464049626104828,0.30882922760563597,0.22712114628953575
random_forest,elo_diff,35,119.5569726539491,0.8127583553452155,0.06501088621963508,0.12223075843514956
random_forest,elo_diff,36,119.5569726539491,0.45981027473530717,0.26860864492677344,0.27158108033791967
random_forest,elo_diff,37,119.5569726539491,0.06665359030872035,0.7244534306873843,0.20889297900389536
random_forest,elo_diff,38,119.5569726539491,0.4197427563093203,0.20890241387278496,0.3713548298178946
random_forest,elo_diff,39,119.5569726539491,0.8369030232476056,0.02845507840603878,0.13464189834635568
random_forest,elo_diff,40,119.5569726539491,0.35369548804180373,0.3631758186018739,0.28312869335632224
random_forest,elo_diff,41,119.5569726539491,0.0540551066823084,0.7291791713650215,0.21676572195266974
random_forest,elo_diff,42,119.5569726539491,0.7144020236377439,0.027319811580485447,0.2582781647817706
random_forest,elo_diff,43,119.5569726539491,0.22218924932991788,0.3721661311610236,0.40564461950905867
random_forest,elo_diff,44,119.5569726539491,0.1143607391439137,0.6257426074973214,0.25989665335876466
random_forest,elo_diff,45,119.5569726539491,0.45217438123714015,0.17943641729985318,0.3683892014630065
random_forest,elo_diff,46,119.5569726539491,0.07731403470925623,0.6739578871697668,0.24872807812097655
random_forest,elo_diff,47,119.5569726539491,0.15658442167284176,0.46370361127751525,0.379711967049643
random_forest,elo_diff,48,119.5569726539491,0.7896465435309019,0.08465400503513977,0.1256994514339582
random_forest,elo_diff,49,119.5569726539491,0.44750836884015427,0.22185956823664618,0.3306320629231993
random_forest,elo_diff,0,161.51756994088464,0.2565911552390737,0.33850647138170076,0.40490237337922547
random_forest,elo_diff,1,161.51756994088464,0.1187330089734333,0.4851332130795494,0.3961337779470176
random_forest,elo_diff,2,161.51756994088464,0.23673484322564453,0.4940797862864766,0.2691853704878788
random_forest,elo_diff,3,161.51756994088464,0.25154337258686454,0.3651532795239098,0.38330334788922565
random_forest,elo_diff,4,161.51756994088464,0.03823204893253929,0.641260725333812,0.32050722573364887
random_forest,elo_diff,5,161.51756994088464,0.08165584812440492,0.659010922593012,0.2593332292825831
random_forest,elo_diff,6,161.51756994088464,0.0877090920764863,0.5879170562805683,0.32437385164294535
random_forest,elo_diff,7,161.51756994088464,0.09366552798549749,0.7014291013595458,0.2049053706549563
random_forest,elo_diff,8,161.51756994088464,0.28588082257575825,0.41106540670409025,0.3030537707201512
random_forest,elo_diff,9,161.51756994088464,0.747308055263852,0.09428372020554023,0.15840822453060777
random_forest,elo_diff,10,161.51756994088464,0.6623210597822247,0.16983902649811947,0.1678399137196559
random_forest,elo_diff,11,161.51756994088464,0.12998593646980514,0.46567631740662363,0.4043377461235716
random_forest,elo_diff,12,161.51756994088464,0.1893665506280772,0.3986404013944049,0.41199304797751773
random_forest,elo_diff,13,161.51756994088464,0.2414598529462959,0.4421795943313265,0.31636055272237745
random_forest,elo_diff,14,161.51756994088464,0.7811394503713247,0.029442555383934702,0.1894179942447406
random_forest,elo_diff,15,161.51756994088464,0.4088275239763639,0.1812222110607096,0.40995026496292675
random_forest,elo_diff,16,161.51756994088464,0.7885947528123509,0.030328746491611668,0.1810765006960373
random_forest,elo_diff,17,161.51756994088464,0.6808453219647848,0.06678728153038871,0.25236739650482615
random_forest,elo_diff,18,161.51756994088464,0.7547604819443893,0.03940400875993815,0.20583550929567276
random_forest,elo_diff,19,161.51756994088464,0.12396226538811028,0.5116370055724687,0.36440072903942095
random_forest,elo_diff,20,161.51756994088464,0.6014691039472403,0.07961600473837606,0.3189148913143837
random_forest,elo_diff,21,161.51756994088464,0.06433528681090671,0.645486526592625,0.29017818659646816
random_forest,elo_diff,22,161.51756994088464,0.051292851845278514,0.7929535694410682,0.1557535787136531
random_forest,elo_diff,23,161.51756994088464,0.7077384319599225,0.0647401103986595,0.22752145764141782
random_forest,elo_diff,24,161.51756994088464,0.14150995552361492,0.5547150099248238,0.30377503455156113
random_forest,elo_diff,25,161.51756994088464,0.6027968089382837,0.09065127425595776,0.3065519168057584
random_forest,elo_diff,26,161.51756994088464,0.6611653783452399,0.022240562194103145,0.31659405946065694
random_forest,elo_diff,27,161.51756994088464,0.18593445643627024,0.37765321560721193,0.43641232795651796
random_forest,elo_diff,28,161.51756994088464,0.6536836135111754,0.1256700497407357,0.22064633674808856
random_forest,elo_diff,29,161.51756994088464,0.4260150902095427,0.2473757940024571,0.32660911578800045
random_forest,elo_diff,30,161.51756994088464,0.09392376719780439,0.5049760006813611,0.4011002321208346
random_forest,elo_diff,31,161.51756994088464,0.05285204993415499,0.7181103426643102,0.22903760740153456
random_forest,elo_diff,32,161.51756994088464,0.47241680898365895,0.2840921868513744,0.2434910041649666
random_forest,elo_diff,33,161.51756994088464,0.6682528577539742,0.11553869051294315,0.21620845173308248
random_forest,elo_diff,34,161.51756994088464,0.4622641499363855,0.29115033346334573,0.2465855166002685
random_forest,elo_diff,35,161.51756994088464,0.8102650721358725,0.06404668921603088,0.12568823864809658
random_forest,elo_diff,36,161.51756994088464,0.4522226681900762,0.2585339938352716,0.28924333797465257
random_forest,elo_diff,37,161.51756994088464,0.06665359030872035,0.7244534306873843,0.20889297900389536
random_forest,elo_diff,38,161.51756994088464,0.433708577857231,0.20909421498935218,0.3571972071534168
random_forest,elo_diff,39,161.51756994088464,0.8310510329997008,0.029030108544166416,0.13991885845613275
random_forest,elo_diff,40,161.51756994088464,0.3537452874944325,0.33917415978582927,0.30708055271973805
random_forest,elo_diff,41,161.51756994088464,0.0540551066823084,0.7291791713650215,0.21676572195266974
random_forest,elo_diff,42,161.51756994088464,0.721302625156189,0.026730476247624924,0.251966898596186
random_forest,elo_diff,43,161.51756994088464,0.23133358232142628,0.37318994382116144,0.3954764738574123
random_forest,elo_diff,44,161.51756994088464,0.1143607391439137,0.6257426074973214,0.25989665335876466
random_forest,elo_diff,45,161.51756994088464,0.4817426704739712,0.17446064087255905,0.3437966886534696
random_forest,elo_diff,46,161.51756994088464,0.07731403470925623,0.6739578871697668,0.24872807812097655
random_forest,elo_diff,47,161.51756994088464,0.1665328980286429,0.45375502621326463,0.37971207575809246
random_forest,elo_diff,48,161.51756994088464,0.7914020536643077,0.08108302029443093,0.12751492604126127
random_forest,elo_diff,49,161.51756994088464,0.44401348379076006,0.2134119456908489,0.3425745705183909
random_forest,elo_diff,0,218.44304723442954,0.26257994924470357,0.3413357118306672,0.39608433892462913
random_forest,elo_diff,1,218.44304723442954,0.1187330089734333,0.4851332130795494,0.3961337779470176
random_forest,elo_diff,2,218.44304723442954,0.23262455843451138,0.48712552018630534,0.2802499213791831
random_forest,elo_diff,3,218.44304723442954,0.25154337258686454,0.3651532795239098,0.38330334788922565
random_forest,elo_diff,4,218.44304723442954,0.03823204893253929,0.641260725333812,0.32050722573364887
random_forest,elo_diff,5,218.44304723442954,0.08165584812440492,0.659010922593012,0.2593332292825831
random_forest,elo_diff,6,218.44304723442954,0.08633670555129441,0.5842657305102581,0.32939756393844755
random_forest,elo_diff,7,218.44304723442954,0.09369172282876674,0.7007452353863636,0.2055630417848693
random_forest,elo_diff,8,218.44304723442954,0.26843825725927106,0.4096955011128091,0.32186624162791955
random_forest,elo_diff,9,218.44304723442954,0.7505443487023942,0.09374064292599561,0.15571500837161031
random_forest,elo_diff,10,218.44304723442954,0.6572906901345072,0.15940782328112493,0.18330148658436773
random_forest,elo_diff,11,218.44304723442954,0.12998593646980514,0.46567631740662363,0.4043377461235716
random_forest,elo_diff,12,218.44304723442954,0.1893665506280772,0.3986404013944049,0.41199304797751773
random_forest,elo_diff,13,218.44304723442954,0.23698854284855186,0.4338588567672681,0.3291526003841798
random_forest,elo_diff,14,218.44304723442954,0.7846191830184203,0.023990813443924435,0.19139000353765537
random_forest,elo_diff,15,218.44304723442954,0.4545082379410941,0.17458065533274683,0.37091110672615923
random_forest,elo_diff,16,218.44304723442954,0.7816725459892653,0.02980576901334737,0.1885216849973874
random_forest,elo_diff,17,218.44304723442954,0.6924559185793152,0.06297614953475673,0.24456793188592793
random_forest,elo_diff,18,218.44304723442954,0.7651973215157356,0.03581055704184659,0.19899212144241799
random_forest,elo_diff,19,218.44304723442954,0.12396226538811028,0.5116370055724687,0.36440072903942095
random_forest,elo_diff,20,218.44304723442954,0.6186419542916773,0.07786948856161582,0.30348855714670686
random_forest,elo_diff,21,218.44304723442954,0.06433528681090671,0.645486526592625,0.29017818659646816
random_forest,elo_diff,22,218.44304723442954,0.05131904668854776,0.7922697034678858,0.1564112498435661
random_forest,elo_diff,23,218.44304723442954,0.7153151799378302,0.0601461897105789,0.22453863035159075
random_forest,elo_diff,24,218.44304723442954,0.1350895881292569,0.5535061197595449,0.3114042921111983
random_forest,elo_diff,25,218.44304723442954,0.6254862702613081,0.08128048713491928,0.2932332426037724
random_forest,elo_diff,26,218.44304723442954,0.6493420817338901,0.02145269657748848,0.3292052216886216
random_forest,elo_diff,27,218.44304723442954,0.18785676668096551,0.37949147436487896,0.4326517589541557
random_forest,elo_diff,28,218.44304723442954,0.6609927847020315,0.12053478187675987,0.21847243342120817
random_forest,elo_diff,29,218.44304723442954,0.42476051773474777,0.23289696627821999,0.3423425159870325
random_forest,elo_diff,30,218.44304723442954,0.09267546133387801,0.4968247924368694,0.41049974622925284
random_forest,elo_diff,31,218.44304723442954,0.052878244777424234,0.717426476691128,0.22969527853144756
random_forest,elo_diff,32,218.44304723442954,0.48245631929866956,0.255090698497826,0.26245298220350444
random_forest,elo_diff,33,218.44304723442954,0.688968831022959,0.10500376062408497,0.20602740835295588
random_forest,elo_diff,34,218.44304723442954,0.4679219551658425,0.2634266617819791,0.2686513830521782
random_forest,elo_diff,35,218.44304723442954,0.8037505853977857,0.06400442706235138,0.13224498753986308
random_forest,elo_diff,36,218.44304723442954,0.4432437314193047,0.2528073539718983,0.3039489146087974
random_forest,elo_diff,37,218.44304723442954,0.06665359030872035,0.7244534306873843,0.20889297900389536
random_forest,elo_diff,38,218.44304723442954,0.4628945511510391,0.20405594390567763,0.33304950494328334
random_forest,elo_diff,39,218.44304723442954,0.854003337908595,0.026719365833334133,0.11927729625807089
random_forest,elo_diff,40,218.44304723442954,0.35366575126052124,0.33798011570236786,0.3083541330371108
random_forest,elo_diff,41,218.44304723442954,0.05268272015711651,0.7255278455947112,0.2217894342481719
random_forest,elo_diff,42,218.44304723442954,0.729373540955518,0.024090209065652516,0.24653624997882947
random_forest,elo_diff,43,218.44304723442954,0.22781035173589803,0.3703106398194335,0.4018790084446686
random_forest,elo_diff,44,218.44304723442954,0.11298835261872181,0.6220912817270111,0.26492036565426685
random_forest,elo_diff,45,218.44304723442954,0.5078617809447343,0.16807057019709304,0.32406764885817235
random_forest,elo_diff,46,218.44304723442954,0.07731403470925623,0.6739578871697668,0.24872807812097655
random_forest,elo_diff,47,218.44304723442954,0.1652845921647165,0.4456038179687729,0.3891115898665107
random_forest,elo_diff,48,218.44304723442954,0.7978978658765811,0.07954734536333123,0.12255478876008763
random_forest,elo_diff,49,218.44304723442954,0.428898004848633,0.21507952301754277,0.35602247213382404
random_forest,elo_diff,0,317.63823609247237,0.26257994924470357,0.3413357118306672,0.39608433892462913
random_forest,elo_diff,1,317.63823609247237,0.1187330089734333,0.4851332130795494,0.3961337779470176
random_forest,elo_diff,2,317.63823609247237,0.23262455843451138,0.48712552018630534,0.2802499213791831
random_forest,elo_diff,3,317.63823609247237,0.25154337258686454,0.3651532795239098,0.38330334788922565
random_forest,elo_diff,4,317.63823609247237,0.03823204893253929,0.641260725333812,0.32050722573364887
random_forest,elo_diff,5,317.63823609247237,0.08165584812440492,0.659010922593012,0.2593332292825831
random_forest,elo_diff,6,317.63823609247237,0.08633670555129441,0.5842657305102581,0.32939756393844755
random_forest,elo_diff,7,317.63823609247237,0.09369172282876674,0.7007452353863636,0.2055630417848693
random_forest,elo_diff,8,317.63823609247237,0.26843825725927106,0.4096955011128091,0.32186624162791955
random_forest,elo_diff,9,317.63823609247237,0.7494427148336249,0.09294642553760064,0.15761085962877464
random_forest,elo_diff,10,317.63823609247237,0.6690508318149756,0.1523227248651761,0.17862644331984812
random_forest,elo_diff,11,317.63823609247237,0.12998593646980514,0.46567631740662363,0.4043377461235716
random_forest,elo_diff,12,317.63823609247237,0.1893665506280772,0.3986404013944049,0.41199304797751773
random_forest,elo_diff,13,317.63823609247237,0.23698854284855186,0.4338588567672681,0.3291526003841798
random_forest,elo_diff,14,317.63823609247237,0.7831203146291524,0.023104378092287898,0.19377530727855974
random_forest,elo_diff,15,317.63823609247237,0.4545082379410941,0.17458065533274683,0.37091110672615923
random_forest,elo_diff,16,317.63823609247237,0.7748088056345129,0.028521500419901147,0.1966696939455859
random_forest,elo_diff,17,317.63823609247237,0.6984212606599044,0.05947367441010302,0.24210506492999273
random_forest,elo_diff,18,317.63823609247237,0.757326529196548,0.03705237159721263,0.2056210992062397
random_forest,elo_diff,19,317.63823609247237,0.12396226538811028,0.5116370055724687,0.36440072903942095
random_forest,elo_diff,20,317.63823609247237,0.6214465132147043,0.07500564598248317,0.30354784080281266
random_forest,elo_diff,21,317.63823609247237,0.06433528681090671,0.645486526592625,0.29017818659646816
random_forest,elo_diff,22,317.63823609247237,0.05131904668854776,0.7922697034678858,0.1564112498435661
random_forest,elo_diff,23,317.63823609247237,0.7010282129144273,0.05989442723021134,0.23907735985536135
random_forest,elo_diff,24,317.63823609247237,0.1350895881292569,0.5535061197595449,0.3114042921111983
random_forest,elo_diff,25,317.63823609247237,0.6240071725480005,0.08176330259877683,0.29422952485322246
random_forest,elo_diff,26,317.63823609247237,0.6532925158213415,0.017269191465338063,0.32943829271332065
random_forest,elo_diff,27,317.63823609247237,0.18785676668096551,0.37949147436487896,0.4326517589541557
random_forest,elo_diff,28,317.63823609247237,0.6609927847020315,0.12053478187675987,0.21847243342120817
random_forest,elo_diff,29,317.63823609247237,0.4347704598894839,0.23289696627821999,0.33233257383229636
random_forest,elo_diff,30,317.63823609247237,0.09267546133387801,0.4968247924368694,0.41049974622925284
random_forest,elo_diff,31,317.63823609247237,0.052878244777424234,0.717426476691128,0.22969527853144756
random_forest,elo_diff,32,317.63823609247237,0.49396020476331565,0.2555985951969531,0.25044120003973125
random_forest,elo_diff,33,317.63823609247237,0.6926117823155092,0.10332291159191176,0.20406530609257897
random_forest,elo_diff,34,317.63823609247237,0.4788468711431077,0.26212773427342534,0.2590253945834668
random_forest,elo_diff,35,317.63823609247237,0.8122685171486937,0.05945114132226667,0.12828034152903964
random_forest,elo_diff,36,317.63823609247237,0.4532536735740407,0.2528073539718983,0.2939389724540613
random_forest,elo_diff,37,317.63823609247237,0.06665359030872035,0.7244534306873843,0.20889297900389536
random_forest,elo_diff,38,317.63823609247237,0.4633881791444617,0.2036018754713471,0.3330099453841913
random_forest,elo_diff,39,317.63823609247237,0.8593841371832047,0.023225208078177642,0.1173906547386177
random_forest,elo_diff,40,317.63823609247237,0.35366575126052124,0.33798011570236786,0.3083541330371108
random_forest,elo_diff,41,317.63823609247237,0.05268272015711651,0.7255278455947112,0.2217894342481719
random_forest,elo_diff,42,317.63823609247237,0.705079860616144,0.020030487916367416,0.27488965146748856
random_forest,elo_diff,43,317.63823609247237,0.22781035173589803,0.3703106398194335,0.4018790084446686
random_forest,elo_diff,44,317.63823609247237,0.11298835261872181,0.6220912817270111,0.26492036565426685
random_forest,elo_diff,45,317.63823609247237,0.5078617809447343,0.16807057019709304,0.32406764885817235
random_forest,elo_diff,46,317.63823609247237,0.07731403470925623,0.6739578871697668,0.24872807812097655
random_forest,elo_diff,47,317.63823609247237,0.1652845921647165,0.4456038179687729,0.3891115898665107
random_forest,elo_diff,48,317.63823609247237,0.801971901012175,0.07487980955455405,0.1231482894332711
random_forest,elo_diff,49,317.63823609247237,0.428898004848633,0.21507952301754277,0.35602247213382404
random_forest,gk_diff,0,-16.217538111237836,0.18262678540618685,0.5088876842787389,0.30848553031507436
random_forest,gk_diff,1,-16.217538111237836,0.0893260242274778,0.56708249467884,0.3435914810936826
random_forest,gk_diff,2,-16.217538111237836,0.23686938205525884,0.5186521387515913,0.24447847919314972
random_forest,gk_diff,3,-16.217538111237836,0.1711675672268632,0.48327182009080155,0.3455606126823351
random_forest,gk_diff,4,-16.217538111237836,0.024283808041525176,0.7215872740855399,0.2541289178729352
random_forest,gk_diff,5,-16.217538111237836,0.04529056052859396,0.7283546159278053,0.22635482354360073
random_forest,gk_diff,6,-16.217538111237836,0.054738313101693005,0.7123114982489686,0.23295018864933803
random_forest,gk_diff,7,-16.217538111237836,0.08151031208451037,0.7228029028036677,0.19568678511182147
random_forest,gk_diff,8,-16.217538111237836,0.20177331775867266,0.5463311167889633,0.2518955654523641
random_forest,gk_diff,9,-16.217538111237836,0.6727022718331105,0.1352811015783048,0.19201662658858462
random_forest,gk_diff,10,-16.217538111237836,0.6416769048099032,0.15458159612679637,0.20374149906330016
random_forest,gk_diff,11,-16.217538111237836,0.10948150045350953,0.5442330012481235,0.3462854982983674
random_forest,gk_diff,12,-16.217538111237836,0.17168992869289315,0.4212655127013498,0.40704455860575695
random_forest,gk_diff,13,-16.217538111237836,0.22119910497833664,0.5294549455356695,0.24934594948599376
random_forest,gk_diff,14,-16.217538111237836,0.7466820495045177,0.04659833826172114,0.20671961223376134
random_forest,gk_diff,15,-16.217538111237836,0.37897188854649544,0.2142006961829834,0.4068274152705213
random_forest,gk_diff,16,-16.217538111237836,0.7754974046106559,0.05618543502221201,0.1683171603671317
random_forest,gk_diff,17,-16.217538111237836,0.6399406200257175,0.09374822110530358,0.26631115886897844
random_forest,gk_diff,18,-16.217538111237836,0.7279844753539955,0.051635339715828316,0.22038018493017628
random_forest,gk_diff,19,-16.217538111237836,0.0840851571840161,0.5625252632439285,0.35338957957205525
random_forest,gk_diff,20,-16.217538111237836,0.5599006149567219,0.12030214581505083,0.31979723922822717
random_forest,gk_diff,21,-16.217538111237836,0.034354685308811896,0.7316226183433847,0.2340226963478034
random_forest,gk_diff,22,-16.217538111237836,0.03450073470065366,0.8448417628938114,0.12065750240553502
random_forest,gk_diff,23,-16.217538111237836,0.6474026404174399,0.09657921439333679,0.2560181451892228
random_forest,gk_diff,24,-16.217538111237836,0.103558420969164,0.6528844648243762,0.24355711420645967
random_forest,gk_diff,25,-16.217538111237836,0.6094365791115445,0.12209024238202303,0.2684731785064323
random_forest,gk_diff,26,-16.217538111237836,0.7031109508196808,0.04731336890233765,0.2495756802779817
random_forest,gk_diff,27,-16.217538111237836,0.13463980289747626,0.5110499760766851,0.3543102210258388
random_forest,gk_diff,28,-16.217538111237836,0.6557824174376788,0.13444118103603808,0.20977640152628277
random_forest,gk_diff,29,-16.217538111237836,0.344851136055794,0.34775083478280505,0.3073980291614012
random_forest,gk_diff,30,-16.217538111237836,0.04808545403593135,0.5212962703996956,0.43061827556437343
random_forest,gk_diff,31,-16.217538111237836,0.017259316438394862,0.7359074204120577,0.2468332631495472
random_forest,gk_diff,32,-16.217538111237836,0.46814296016813745,0.24712649623624838,0.2847305435956143
random_forest,gk_diff,33,-16.217538111237836,0.6391319379272445,0.1611097390099467,0.1997583230628082
random_forest,gk_diff,34,-16.217538111237836,0.37338762546533966,0.3295074846022343,0.29710488993242623
random_forest,gk_diff,35,-16.217538111237836,0.7989548610410764,0.07352821159559371,0.12751692736332984
random_forest,gk_diff,36,-16.217538111237836,0.3827167936805809,0.32498024504345707,0.2923029612759622
random_forest,gk_diff,37,-16.217538111237836,0.01831024372804559,0.8475316816374979,0.13415807463445698
random_forest,gk_diff,38,-16.217538111237836,0.3875534205405446,0.22373031207389357,0.388716267385562
random_forest,gk_diff,39,-16.217538111237836,0.8418445124102801,0.043077293715599436,0.1150781938741204
random_forest,gk_diff,40,-16.217538111237836,0.29079057019752225,0.40330468683136544,0.3059047429711122
random_forest,gk_diff,41,-16.217538111237836,0.018955374459150787,0.8182547848015229,0.1627898407393262
random_forest,gk_diff,42,-16.217538111237836,0.6419492785797153,0.06020877172741082,0.29784194969287364
random_forest,gk_diff,43,-16.217538111237836,0.2234516805180322,0.4004005920072191,0.37614772747474895
random_forest,gk_diff,44,-16.217538111237836,0.061473026454084805,0.7648075004305502,0.17371947311536504
random_forest,gk_diff,45,-16.217538111237836,0.36812660109507384,0.220112334726304,0.41176106417862185
random_forest,gk_diff,46,-16.217538111237836,0.039537465330976816,0.7450925114034407,0.21537002326558208
random_forest,gk_diff,47,-16.217538111237836,0.14907855415356477,0.5100241746533154,0.34089727119312
random_forest,gk_diff,48,-16.217538111237836,0.7886346570870021,0.08494858683411244,0.1264167560788855
random_forest,gk_diff,49,-16.217538111237836,0.45172617182634006,0.2352399489779621,0.31303387919569764
random_forest,gk_diff,0,-11.887467891699623,0.18357185036498455,0.5086048908240963,0.30782325881091915
random_forest,gk_diff,1,-11.887467891699623,0.0933137655516787,0.5613433657467264,0.34534286870159536
random_forest,gk_diff,2,-11.887467891699623,0.23773103245495422,0.5184402950287162,0.24382867251632945
random_forest,gk_diff,3,-11.887467891699623,0.17655198850659745,0.47098730828119884,0.35246070321220363
random_forest,gk_diff,4,-11.887467891699623,0.0266958353176021,0.7090498784793708,0.2642542862030271
random_forest,gk_diff,5,-11.887467891699623,0.04635377488970818,0.7370375525913139,0.21660867251897817
random_forest,gk_diff,6,-11.887467891699623,0.05856843734066197,0.6938185987927149,0.24761296386662293
random_forest,gk_diff,7,-11.887467891699623,0.08252826741105396,0.7154051056871785,0.20206662690176705
random_forest,gk_diff,8,-11.887467891699623,0.2021646437536405,0.546479158012746,0.2513561982336136
random_forest,gk_diff,9,-11.887467891699623,0.6727022718331105,0.1352811015783048,0.19201662658858462
random_forest,gk_diff,10,-11.887467891699623,0.6416769048099032,0.15458159612679637,0.20374149906330016
random_forest,gk_diff,11,-11.887467891699623,0.11060379807136217,0.5338160961804407,0.3555801057481975
random_forest,gk_diff,12,-11.887467891699623,0.17436524217189286,0.41318651834095516,0.412448239487152
random_forest,gk_diff,13,-11.887467891699623,0.2260039838583607,0.5117359769194256,0.26226003922221364
random_forest,gk_diff,14,-11.887467891699623,0.7466820495045177,0.04659833826172114,0.20671961223376134
random_forest,gk_diff,15,-11.887467891699623,0.37897188854649544,0.2142006961829834,0.4068274152705213
random_forest,gk_diff,16,-11.887467891699623,0.7754974046106559,0.05618543502221201,0.1683171603671317
random_forest,gk_diff,17,-11.887467891699623,0.6399406200257175,0.09374822110530358,0.26631115886897844
random_forest,gk_diff,18,-11.887467891699623,0.7279844753539955,0.051635339715828316,0.22038018493017628
random_forest,gk_diff,19,-11.887467891699623,0.08780968993328635,0.5336807646146413,0.37850954545207216
random_forest,gk_diff,20,-11.887467891699623,0.5599006149567219,0.12030214581505083,0.31979723922822717
random_forest,gk_diff,21,-11.887467891699623,0.03481837649135878,0.7098335795691416,0.2553480439394998
random_forest,gk_diff,22,-11.887467891699623,0.03815362505654462,0.8305360476638977,0.13131032727955802
random_forest,gk_diff,23,-11.887467891699623,0.6474026404174399,0.09657921439333679,0.2560181451892228
random_forest,gk_diff,24,-11.887467891699623,0.11085095708360625,0.6313007787607995,0.2578482641555943
random_forest,gk_diff,25,-11.887467891699623,0.6094365791115445,0.12209024238202303,0.2684731785064323
random_forest,gk_diff,26,-11.887467891699623,0.7031109508196808,0.04731336890233765,0.2495756802779817
random_forest,gk_diff,27,-11.887467891699623,0.13529647076066742,0.5009267229758152,0.36377680626351744
random_forest,gk_diff,28,-11.887467891699623,0.6557824174376788,0.13444118103603808,0.20977640152628277
random_forest,gk_diff,29,-11.887467891699623,0.344851136055794,0.34775083478280505,0.3073980291614012
random_forest,gk_diff,30,-11.887467891699623,0.05820633670215544,0.5165255770111455,0.42526808628669915
random_forest,gk_diff,31,-11.887467891699623,0.020470704848051087,0.712548103799424,0.2669811913525248
random_forest,gk_diff,32,-11.887467891699623,0.46814296016813745,0.24712649623624838,0.2847305435956143
random_forest,gk_diff,33,-11.887467891699623,0.6391319379272445,0.1611097390099467,0.1997583230628082
random_forest,gk_diff,34,-11.887467891699623,0.37338762546533966,0.3295074846022343,0.29710488993242623
random_forest,gk_diff,35,-11.887467891699623,0.7989548610410764,0.07352821159559371,0.12751692736332984
random_forest,gk_diff,36,-11.887467891699623,0.3827167936805809,0.32498024504345707,0.2923029612759622
random_forest,gk_diff,37,-11.887467891699623,0.02191231088492546,0.8168478816897714,0.1612398074253033
random_forest,gk_diff,38,-11.887467891699623,0.3875534205405446,0.22373031207389357,0.388716267385562
random_forest,gk_diff,39,-11.887467891699623,0.8418445124102801,0.043077293715599436,0.1150781938741204
random_forest,gk_diff,40,-11.887467891699623,0.29079057019752225,0.40330468683136544,0.3059047429711122
random_forest,gk_diff,41,-11.887467891699623,0.022600735589745877,0.7959339899087939,0.18146527450146022
random_forest,gk_diff,42,-11.887467891699623,0.6419492785797153,0.06020877172741082,0.29784194969287364
random_forest,gk_diff,43,-11.887467891699623,0.22443001098122817,0.4028485740778513,0.3727214149409208
random_forest,gk_diff,44,-11.887467891699623,0.06485358097272338,0.7510756619990185,0.18407075702825795
random_forest,gk_diff,45,-11.887467891699623,0.36812660109507384,0.220112334726304,0.41176106417862185
random_forest,gk_diff,46,-11.887467891699623,0.0415515440791086,0.7432112564895714,0.21523719943131978
random_forest,gk_diff,47,-11.887467891699623,0.14986735834779,0.5027681080693277,0.34736453358288233
random_forest,gk_diff,48,-11.887467891699623,0.7886346570870021,0.08494858683411244,0.1264167560788855
random_forest,gk_diff,49,-11.887467891699623,0.45172617182634006,0.2352399489779621,0.31303387919569764
random_forest,gk_diff,0,-8.828503707311588,0.18782249483629854,0.5041817554909807,0.3079957496727208
random_forest,gk_diff,1,-8.828503707311588,0.09111759889166932,0.561360465235153,0.34752193587317803
random_forest,gk_diff,2,-8.828503707311588,0.24152636979684025,0.5285109115905579,0.22996271861260187
random_forest,gk_diff,3,-8.828503707311588,0.17811087706552065,0.4683374384069794,0.3535516845274999
random_forest,gk_diff,4,-8.828503707311588,0.028404054457358722,0.6908823217260172,0.2807136238166242
random_forest,gk_diff,5,-8.828503707311588,0.04817270322445762,0.7313401848293353,0.22048711194620718
random_forest,gk_diff,6,-8.828503707311588,0.058319272526043305,0.6976370339516523,0.2440436935223043
random_forest,gk_diff,7,-8.828503707311588,0.0863715568996636,0.7181613729271965,0.19546707017313925
random_forest,gk_diff,8,-8.828503707311588,0.20297226227630402,0.5529379366651822,0.24408980105851377
random_forest,gk_diff,9,-8.828503707311588,0.6799223619246515,0.1240148386939553,0.19606279938139315
random_forest,gk_diff,10,-8.828503707311588,0.6416769048099032,0.15458159612679637,0.20374149906330016
random_forest,gk_diff,11,-8.828503707311588,0.10635465569596113,0.5283911819786131,0.3652541623254259
random_forest,gk_diff,12,-8.828503707311588,0.17993555168949085,0.4248916284073648,0.3951728199031443
random_forest,gk_diff,13,-8.828503707311588,0.22324498785825977,0.5285835364040646,0.24817147573767562
random_forest,gk_diff,14,-8.828503707311588,0.7466820495045177,0.04659833826172114,0.20671961223376134
random_forest,gk_diff,15,-8.828503707311588,0.36406132702484273,0.21743174015125366,0.41850693282390367
random_forest,gk_diff,16,-8.828503707311588,0.7754974046106559,0.05618543502221201,0.1683171603671317
random_forest,gk_diff,17,-8.828503707311588,0.6399406200257175,0.09374822110530358,0.26631115886897844
random_forest,gk_diff,18,-8.828503707311588,0.7279844753539955,0.051635339715828316,0.22038018493017628
random_forest,gk_diff,19,-8.828503707311588,0.08405191303157834,0.5318383458859657,0.3841097410824559
random_forest,gk_diff,20,-8.828503707311588,0.5599006149567219,0.12030214581505083,0.31979723922822717
random_forest,gk_diff,21,-8.828503707311588,0.03481581747563755,0.7065729875725576,0.2586111949518049
random_forest,gk_diff,22,-8.828503707311588,0.03825230320240698,0.8341011248569005,0.12764657194069273
random_forest,gk_diff,23,-8.828503707311588,0.6474026404174399,0.09657921439333679,0.2560181451892228
random_forest,gk_diff,24,-8.828503707311588,0.10959765901019604,0.6372924027502974,0.2531099382395066
random_forest,gk_diff,25,-8.828503707311588,0.6031423445875058,0.12375155198716431,0.27310610342532965
random_forest,gk_diff,26,-8.828503707311588,0.7031109508196808,0.04731336890233765,0.2495756802779817
random_forest,gk_diff,27,-8.828503707311588,0.13574711740690845,0.4946815740626682,0.36957130853042347
random_forest,gk_diff,28,-8.828503707311588,0.6557824174376788,0.13444118103603808,0.20977640152628277
random_forest,gk_diff,29,-8.828503707311588,0.344851136055794,0.34775083478280505,0.3073980291614012
random_forest,gk_diff,30,-8.828503707311588,0.057527605396557956,0.5064784129821476,0.4359939816212946
random_forest,gk_diff,31,-8.828503707311588,0.02179997971581554,0.7147987216094757,0.2634012986747087
random_forest,gk_diff,32,-8.828503707311588,0.46814296016813745,0.24712649623624838,0.2847305435956143
random_forest,gk_diff,33,-8.828503707311588,0.6332223473860367,0.16334992112416255,0.20342773148980023
random_forest,gk_diff,34,-8.828503707311588,0.37338762546533966,0.3295074846022343,0.29710488993242623
random_forest,gk_diff,35,-8.828503707311588,0.7989548610410764,0.07352821159559371,0.12751692736332984
random_forest,gk_diff,36,-8.828503707311588,0.38656008316919066,0.3277365122834753,0.2857034045473344
random_forest,gk_diff,37,-8.828503707311588,0.023997678944997995,0.8057227690527217,0.17027955200228065
random_forest,gk_diff,38,-8.828503707311588,0.37534959547529795,0.22763180379325068,0.39701860073145134
random_forest,gk_diff,39,-8.828503707311588,0.8418445124102801,0.043077293715599436,0.1150781938741204
random_forest,gk_diff,40,-8.828503707311588,0.2946338596861318,0.4060609540713837,0.2993051862424844
random_forest,gk_diff,41,-8.828503707311588,0.022600735589745877,0.7959339899087939,0.18146527450146022
random_forest,gk_diff,42,-8.828503707311588,0.6419492785797153,0.06020877172741082,0.29784194969287364
random_forest,gk_diff,43,-8.828503707311588,0.22212347863365525,0.4008053400940541,0.37707118127229083
random_forest,gk_diff,44,-8.828503707311588,0.06485358097272338,0.755662071984954,0.17948434704232263
random_forest,gk_diff,45,-8.828503707311588,0.36812660109507384,0.220112334726304,0.41176106417862185
random_forest,gk_diff,46,-8.828503707311588,0.0430123989619626,0.7327182127996009,0.22426938823843615
random_forest,gk_diff,47,-8.828503707311588,0.15130681913120825,0.5000839524559292,0.3486092284128625
random_forest,gk_diff,48,-8.828503707311588,0.7886346570870021,0.08494858683411244,0.1264167560788855
random_forest,gk_diff,49,-8.828503707311588,0.4359584669455309,0.23752989807695846,0.32651163497751046
random_forest,gk_diff,0,-6.430310597775914,0.2039522130390109,0.4749965039133676,0.3210512830476217
random_forest,gk_diff,1,-6.430310597775914,0.10049227359115376,0.5383980441318961,0.3611096822769506
random_forest,gk_diff,2,-6.430310597775914,0.23990323976246342,0.5268914778706781,0.23320528236685836
random_forest,gk_diff,3,-6.430310597775914,0.18957687521427072,0.4421213701842115,0.36830175460151765
random_forest,gk_diff,4,-6.430310597775914,0.03565614640482443,0.6737477726150644,0.2905960809801114
random_forest,gk_diff,5,-6.430310597775914,0.05294298968487998,0.6940181683166945,0.25303884199842536
random_forest,gk_diff,6,-6.430310597775914,0.06570091316912789,0.6361263808754803,0.2981727059553917
random_forest,gk_diff,7,-6.430310597775914,0.0870755039974417,0.6784869239871533,0.23443757201540494
random_forest,gk_diff,8,-6.430310597775914,0.2116696393409785,0.5307118675379972,0.25761849312102425
random_forest,gk_diff,9,-6.430310597775914,0.6841240279536073,0.11763149912251335,0.19824447292387934
random_forest,gk_diff,10,-6.430310597775914,0.6416769048099032,0.15458159612679637,0.20374149906330016
random_forest,gk_diff,11,-6.430310597775914,0.1136371631812308,0.46744821005530035,0.41891462676346913
random_forest,gk_diff,12,-6.430310597775914,0.18460936232605682,0.4190729720532125,0.3963176656207308
random_forest,gk_diff,13,-6.430310597775914,0.22803095160926054,0.5016226293475695,0.27034641904316986
random_forest,gk_diff,14,-6.430310597775914,0.7466820495045177,0.04659833826172114,0.20671961223376134
random_forest,gk_diff,15,-6.430310597775914,0.36043876032185757,0.21234857931774195,0.42721266036040045
random_forest,gk_diff,16,-6.430310597775914,0.7796990706396117,0.04980209545077006,0.17049883390961784
random_forest,gk_diff,17,-6.430310597775914,0.6399406200257175,0.09374822110530358,0.26631115886897844
random_forest,gk_diff,18,-6.430310597775914,0.7297780436746183,0.05522121869327293,0.21500073763210883
random_forest,gk_diff,19,-6.430310597775914,0.08421307388697959,0.5079958422682207,0.4077910838447995
random_forest,gk_diff,20,-6.430310597775914,0.5616941832773449,0.12388802479249544,0.31441779193015973
random_forest,gk_diff,21,-6.430310597775914,0.03510305130313893,0.6840211494044987,0.28087579929236256
random_forest,gk_diff,22,-6.430310597775914,0.042837797471798,0.8090985217658675,0.1480636807623343
random_forest,gk_diff,23,-6.430310597775914,0.6437800737144549,0.09149605355982503,0.26472387272571973
random_forest,gk_diff,24,-6.430310597775914,0.11823622123159407,0.6305591393240122,0.2512046394443937
random_forest,gk_diff,25,-6.430310597775914,0.6073440106164616,0.11736821241572237,0.27528777696781587
random_forest,gk_diff,26,-6.430310597775914,0.7073126168486366,0.04093002933089571,0.2517573538204678
random_forest,gk_diff,27,-6.430310597775914,0.14547525032710212,0.4630484705641977,0.3914762791087003
random_forest,gk_diff,28,-6.430310597775914,0.6599840834666347,0.12805784146459614,0.21195807506876893
random_forest,gk_diff,29,-6.430310597775914,0.3433191961907087,0.3464386382156382,0.3102421655936533
random_forest,gk_diff,30,-6.430310597775914,0.05233328167254538,0.5081161464746748,0.43955057185277985
random_forest,gk_diff,31,-6.430310597775914,0.02297305059445656,0.7212971200905612,0.25572982931498195
random_forest,gk_diff,32,-6.430310597775914,0.46227895982487,0.25018116332829726,0.28753987684683274
random_forest,gk_diff,33,-6.430310597775914,0.6374240134149926,0.1569665815527206,0.2056094050322864
random_forest,gk_diff,34,-6.430310597775914,0.3681540709345395,0.33153049862414197,0.30031543044131864
random_forest,gk_diff,35,-6.430310597775914,0.7989548610410764,0.07352821159559371,0.12751692736332984
random_forest,gk_diff,36,-6.430310597775914,0.38298633508668806,0.3239469925510836,0.2930666723622286
random_forest,gk_diff,37,-6.430310597775914,0.027524332115874423,0.7705985350430309,0.20187713284109485
random_forest,gk_diff,38,-6.430310597775914,0.3828462211935649,0.21477680044284775,0.4023769783635874
random_forest,gk_diff,39,-6.430310597775914,0.8418445124102801,0.043077293715599436,0.1150781938741204
random_forest,gk_diff,40,-6.430310597775914,0.2992379594899,0.390342250802911,0.31041978970718903
random_forest,gk_diff,41,-6.430310597775914,0.03166158922509051,0.7558109570046033,0.21252745377030613
random_forest,gk_diff,42,-6.430310597775914,0.6461509446086712,0.053825432155968876,0.3000236232353598
random_forest,gk_diff,43,-6.430310597775914,0.22500547490272735,0.4029699378482487,0.3720245872490244
random_forest,gk_diff,44,-6.430310597775914,0.07024456502796207,0.7408299151222026,0.18892551984983527
random_forest,gk_diff,45,-6.430310597775914,0.3784924980735696,0.21352245212288654,0.4079850498035438
random_forest,gk_diff,46,-6.430310597775914,0.04742891290878155,0.7206196245691331,0.2319514625220849
random_forest,gk_diff,47,-6.430310597775914,0.15616948518245566,0.4946170145297964,0.3492135002877481
random_forest,gk_diff,48,-6.430310597775914,0.7886346570870021,0.08494858683411244,0.1264167560788855
random_forest,gk_diff,49,-6.430310597775914,0.4257334934554544,0.23526159294431123,0.33900491360023427
random_forest,gk_diff,0,-4.764446824929873,0.2101023072057284,0.46617878663949114,0.32371890615478055
random_forest,gk_diff,1,-4.764446824929873,0.11218650209692294,0.5138746502747675,0.37393884762831003
random_forest,gk_diff,2,-4.764446824929873,0.23604083563223635,0.5216452215192705,0.24231394284849303
random_forest,gk_diff,3,-4.764446824929873,0.19818041714331258,0.4355595058067861,0.3662600770499011
random_forest,gk_diff,4,-4.764446824929873,0.03603693736937826,0.67130410429215,0.2926589583384718
random_forest,gk_diff,5,-4.764446824929873,0.05742058290376606,0.6866196980229337,0.25595971907330006
random_forest,gk_diff,6,-4.764446824929873,0.0712031986179165,0.6272704807513568,0.30152632063072665
random_forest,gk_diff,7,-4.764446824929873,0.08966285390229857,0.6733347354672659,0.23700241063043517
random_forest,gk_diff,8,-4.764446824929873,0.20861212656271666,0.5465202426188694,0.24486763081841376
random_forest,gk_diff,9,-4.764446824929873,0.6848940988905833,0.12039581026425115,0.19471009084516558
random_forest,gk_diff,10,-4.764446824929873,0.6469837725361302,0.1546852802030422,0.19833094726082756
random_forest,gk_diff,11,-4.764446824929873,0.11508667150308861,0.4706008263118697,0.41431250218504195
random_forest,gk_diff,12,-4.764446824929873,0.1875320228643872,0.4311946305749954,0.38127334656061734
random_forest,gk_diff,13,-4.764446824929873,0.2287589319614803,0.49629307813011314,0.27494798990840635
random_forest,gk_diff,14,-4.764446824929873,0.7568111400226271,0.04592914286748765,0.19725971710988563
random_forest,gk_diff,15,-4.764446824929873,0.3634558284380535,0.21371703263871888,0.4228271389232275
random_forest,gk_diff,16,-4.764446824929873,0.7789390518370863,0.050350926173371,0.1707100219895423
random_forest,gk_diff,17,-4.764446824929873,0.6470641686777824,0.0932170306905618,0.25971880063165553
random_forest,gk_diff,18,-4.764446824929873,0.7348179951486301,0.05203651121343586,0.2131454936379342
random_forest,gk_diff,19,-4.764446824929873,0.08965152830569513,0.5117606147347349,0.39858785695956983
random_forest,gk_diff,20,-4.764446824929873,0.5619119119594741,0.12147619678313772,0.31661189125738826
random_forest,gk_diff,21,-4.764446824929873,0.04800285367269283,0.6731893254854903,0.27880782084181716
random_forest,gk_diff,22,-4.764446824929873,0.04793865062352815,0.7949733637367302,0.1570879856397415
random_forest,gk_diff,23,-4.764446824929873,0.6483272315701523,0.09507998729993887,0.2565927811299086
random_forest,gk_diff,24,-4.764446824929873,0.12529053124817122,0.624369941048789,0.25033952770303963
random_forest,gk_diff,25,-4.764446824929873,0.6025368460007167,0.12003684447462949,0.27742630952465364
random_forest,gk_diff,26,-4.764446824929873,0.7094942903911227,0.04093002933089571,0.2495756802779817
random_forest,gk_diff,27,-4.764446824929873,0.15036450801669196,0.4498069332276726,0.39982855875563544
random_forest,gk_diff,28,-4.764446824929873,0.6544018418722268,0.12937955165767642,0.21621860647009647
random_forest,gk_diff,29,-4.764446824929873,0.3559217475243624,0.33493416026352896,0.30914409221210876
random_forest,gk_diff,30,-4.764446824929873,0.05443971133308312,0.5260593263581468,0.4195009623087702
random_forest,gk_diff,31,-4.764446824929873,0.02556061033491164,0.7209907897365663,0.2534485999285219
random_forest,gk_diff,32,-4.764446824929873,0.47134491844946447,0.2485010835116078,0.2801539980389279
random_forest,gk_diff,33,-4.764446824929873,0.6342003711991963,0.15895954713932012,0.20684008166148307
random_forest,gk_diff,34,-4.764446824929873,0.3767510341910813,0.33572384739344224,0.2875251184154767
random_forest,gk_diff,35,-4.764446824929873,0.8090839515591856,0.07285901620136022,0.11805703223945407
random_forest,gk_diff,36,-4.764446824929873,0.3876507112506797,0.3190046178923886,0.29334467085693205
random_forest,gk_diff,37,-4.764446824929873,0.027169324611962403,0.7736168081193582,0.1992138672686796
random_forest,gk_diff,38,-4.764446824929873,0.38189340884368783,0.21301170305824405,0.4050948880980682
random_forest,gk_diff,39,-4.764446824929873,0.8519736029283894,0.042408098321365946,0.10561829875024464
random_forest,gk_diff,40,-4.764446824929873,0.30933697226071694,0.39078959401227403,0.2998734337270091
random_forest,gk_diff,41,-4.764446824929873,0.0347899671471115,0.7571596217691309,0.20805041108375763
random_forest,gk_diff,42,-4.764446824929873,0.6413437799929261,0.056494064214876016,0.3021621557921976
random_forest,gk_diff,43,-4.764446824929873,0.22873894244424817,0.4017459999021589,0.36951505765359327
random_forest,gk_diff,44,-4.764446824929873,0.07453421844156684,0.7308399909172616,0.1946257906411716
random_forest,gk_diff,45,-4.764446824929873,0.37368533345782456,0.21619108418179367,0.41012358236038154
random_forest,gk_diff,46,-4.764446824929873,0.0479107551460786,0.7232396090601334,0.22884963579378761
random_forest,gk_diff,47,-4.764446824929873,0.16429067281860868,0.47965074858169704,0.35605857859969453
random_forest,gk_diff,48,-4.764446824929873,0.7987637476051113,0.08427939143987893,0.11695686095500973
random_forest,gk_diff,49,-4.764446824929873,0.4291976406543833,0.23707406859624228,0.3337282907493742
random_forest,gk_diff,0,-3.3275170715052145,0.21049453484830552,0.461442211240858,0.32806325391083657
random_forest,gk_diff,1,-3.3275170715052145,0.1194583185984987,0.5027865228617333,0.37775515853976827
random_forest,gk_diff,2,-3.3275170715052145,0.24454643066781148,0.5090251320782896,0.24642843725389885
random_forest,gk_diff,3,-3.3275170715052145,0.19815393719972593,0.43509450253322,0.3667515602670539
random_forest,gk_diff,4,-3.3275170715052145,0.037330394504957794,0.6706161909455463,0.2920534145494961
random_forest,gk_diff,5,-3.3275170715052145,0.06222134832867888,0.6742557361922393,0.2635229154790819
random_forest,gk_diff,6,-3.3275170715052145,0.08174826771383888,0.6163135849880638,0.3019381472980975
random_forest,gk_diff,7,-3.3275170715052145,0.10107069292629871,0.6334991751818169,0.2654301318918842
random_forest,gk_diff,8,-3.3275170715052145,0.21295404892800843,0.5313442951743885,0.2557016558976029
random_forest,gk_diff,9,-3.3275170715052145,0.6842688147283912,0.12057037868639414,0.1951608065852147
random_forest,gk_diff,10,-3.3275170715052145,0.6526096980558951,0.15450200792255447,0.1928882940215503
random_forest,gk_diff,11,-3.3275170715052145,0.11508667150308861,0.4706008263118697,0.41431250218504195
random_forest,gk_diff,12,-3.3275170715052145,0.1909627804430688,0.43026011336944264,0.3787771061874885
random_forest,gk_diff,13,-3.3275170715052145,0.22844286346491915,0.4984857511129506,0.27307138542213
random_forest,gk_diff,14,-3.3275170715052145,0.7568111400226271,0.04592914286748765,0.19725971710988563
random_forest,gk_diff,15,-3.3275170715052145,0.36021721470080625,0.21448766803418698,0.42529511726500674
random_forest,gk_diff,16,-3.3275170715052145,0.7732846357403477,0.05275030398665175,0.17396506027300038
random_forest,gk_diff,17,-3.3275170715052145,0.6549101504178255,0.09024016369592101,0.2548496858862532
random_forest,gk_diff,18,-3.3275170715052145,0.7291635790518914,0.05443588902671658,0.21640053192139222
random_forest,gk_diff,19,-3.3275170715052145,0.09067758843216395,0.5009262559089986,0.4083961556588373
random_forest,gk_diff,20,-3.3275170715052145,0.5619119119594741,0.12147619678313772,0.31661189125738826
random_forest,gk_diff,21,-3.3275170715052145,0.04885127714739412,0.6691080963531042,0.28204062649950196
random_forest,gk_diff,22,-3.3275170715052145,0.05248219798626284,0.7857425980826681,0.16177520393106903
random_forest,gk_diff,23,-3.3275170715052145,0.6426728154734135,0.09747936511321958,0.25984781941336665
random_forest,gk_diff,24,-3.3275170715052145,0.12634771606008627,0.6378505070279104,0.23580177691200352
random_forest,gk_diff,25,-3.3275170715052145,0.6022457867479724,0.11662214970386671,0.28113206354816084
random_forest,gk_diff,26,-3.3275170715052145,0.703839874294384,0.043329407144176456,0.25283071856143974
random_forest,gk_diff,27,-3.3275170715052145,0.15041442839027644,0.44855653559153047,0.4010290360181931
random_forest,gk_diff,28,-3.3275170715052145,0.651105957582949,0.12677011924071038,0.22212392317634047
random_forest,gk_diff,29,-3.3275170715052145,0.35666461214249795,0.34495215494509107,0.29838323291241114
random_forest,gk_diff,30,-3.3275170715052145,0.058404120092412214,0.5177508790266293,0.4238450008809585
random_forest,gk_diff,31,-3.3275170715052145,0.028921092947969722,0.7273520052694081,0.24372690178262202
random_forest,gk_diff,32,-3.3275170715052145,0.47709567660208224,0.25371212752514927,0.2691921958727685
random_forest,gk_diff,33,-3.3275170715052145,0.6253073413652103,0.16212956034806897,0.21256309828672035
random_forest,gk_diff,34,-3.3275170715052145,0.3863087779251851,0.3383733554818827,0.27531786659293234
random_forest,gk_diff,35,-3.3275170715052145,0.8084586673969936,0.0730335846235032,0.11850774797950318
random_forest,gk_diff,36,-3.3275170715052145,0.39245136212584036,0.320828990479439,0.28671964739472094
random_forest,gk_diff,37,-3.3275170715052145,0.029159269365158547,0.7663055288134647,0.20453520182137677
random_forest,gk_diff,38,-3.3275170715052145,0.38189340884368783,0.21301170305824405,0.4050948880980682
random_forest,gk_diff,39,-3.3275170715052145,0.8519736029283894,0.042408098321365946,0.10561829875024464
random_forest,gk_diff,40,-3.3275170715052145,0.3146272791332863,0.39716189242162575,0.2882108284450879
random_forest,gk_diff,41,-3.3275170715052145,0.037106171433615075,0.755448578107124,0.2074452504592609
random_forest,gk_diff,42,-3.3275170715052145,0.6413437799929261,0.056494064214876016,0.3021621557921976
random_forest,gk_diff,43,-3.3275170715052145,0.22727700636602596,0.40320793598038107,0.36951505765359327
random_forest,gk_diff,44,-3.3275170715052145,0.08232512935987445,0.7174180497843635,0.20025682085576205
random_forest,gk_diff,45,-3.3275170715052145,0.36643591702980677,0.2177741677638021,0.41578991520639086
random_forest,gk_diff,46,-3.3275170715052145,0.054140837340821174,0.7065947499745661,0.23926441268461227
random_forest,gk_diff,47,-3.3275170715052145,0.1652138009206273,0.4741816837372111,0.3606045153421618
random_forest,gk_diff,48,-3.3275170715052145,0.798138463442919,0.08445395986202192,0.11740757669505884
random_forest,gk_diff,49,-3.3275170715052145,0.42341228778833373,0.24549259843915652,0.3310951137725096
random_forest,gk_diff,0,-1.6750226071196415,0.222103808871595,0.4425937698474655,0.3353024212809394
random_forest,gk_diff,1,-1.6750226071196415,0.12226621172500673,0.5061374424795526,0.37159634579544104
random_forest,gk_diff,2,-1.6750226071196415,0.24454643066781148,0.5090251320782896,0.24642843725389885
random_forest,gk_diff,3,-1.6750226071196415,0.20100527018403924,0.4319739287943953,0.36702080102156537
random_forest,gk_diff,4,-1.6750226071196415,0.0383293766637559,0.6688148257990011,0.29285579753724306
random_forest,gk_diff,5,-1.6750226071196415,0.05912620173045958,0.6802410536995419,0.2606327445699984
random_forest,gk_diff,6,-1.6750226071196415,0.09068890660289415,0.6115254913052278,0.2977856020918782
random_forest,gk_diff,7,-1.6750226071196415,0.10139150216463945,0.6283671140249419,0.27024138381041846
random_forest,gk_diff,8,-1.6750226071196415,0.21295404892800843,0.5313442951743885,0.2557016558976029
random_forest,gk_diff,9,-1.6750226071196415,0.6932189740142096,0.11255094349881363,0.19423008248697685
random_forest,gk_diff,10,-1.6750226071196415,0.6525451675403278,0.16371162580002727,0.18374320665964475
random_forest,gk_diff,11,-1.6750226071196415,0.11527884874691417,0.45926881755615306,0.42545233369693297
random_forest,gk_diff,12,-1.6750226071196415,0.18241612135350263,0.4179343140412815,0.39964956460521583
random_forest,gk_diff,13,-1.6750226071196415,0.22994890776826615,0.49829385756768696,0.27175723466404667
random_forest,gk_diff,14,-1.6750226071196415,0.759243151136341,0.04483124444598596,0.19592560441767337
random_forest,gk_diff,15,-1.6750226071196415,0.35651574999656166,0.21413035458997778,0.42935389541346053
random_forest,gk_diff,16,-1.6750226071196415,0.7792237593313148,0.051501901437774646,0.1692743392309101
random_forest,gk_diff,17,-1.6750226071196415,0.6573421615315395,0.08914226527441933,0.25351557319404094
random_forest,gk_diff,18,-1.6750226071196415,0.7375347137565726,0.052089588056337795,0.2103756981870898
random_forest,gk_diff,19,-1.6750226071196415,0.09198903290103982,0.49261869832102106,0.41539226877793894
random_forest,gk_diff,20,-1.6750226071196415,0.5489743950736745,0.12176766887064906,0.3292579360556765
random_forest,gk_diff,21,-1.6750226071196415,0.049629698242017135,0.6687296901835474,0.2816406115744357
random_forest,gk_diff,22,-1.6750226071196415,0.05659510749335903,0.78771859879908,0.1556862937075608
random_forest,gk_diff,23,-1.6750226071196415,0.6468106424117172,0.10137021309508314,0.2518191444931995
random_forest,gk_diff,24,-1.6750226071196415,0.12634771606008627,0.6378505070279104,0.23580177691200352
random_forest,gk_diff,25,-1.6750226071196415,0.6168763387243201,0.11216850427836395,0.27095515699731576
random_forest,gk_diff,26,-1.6750226071196415,0.7029163879749837,0.042013091916355494,0.25507052010866094
random_forest,gk_diff,27,-1.6750226071196415,0.14902134849535878,0.4515189127063652,0.39945973879827607
random_forest,gk_diff,28,-1.6750226071196415,0.6519604793368717,0.12656452430652063,0.2214749963566073
random_forest,gk_diff,29,-1.6750226071196415,0.3640310731288057,0.3441617353475026,0.29180719152369183
random_forest,gk_diff,30,-1.6750226071196415,0.06089781404048802,0.5146901453240053,0.4244120406355069
random_forest,gk_diff,31,-1.6750226071196415,0.0346413578563723,0.7211165488407901,0.2442420933028373
random_forest,gk_diff,32,-1.6750226071196415,0.48684702130664476,0.26419985038413035,0.2489531283092249
random_forest,gk_diff,33,-1.6750226071196415,0.6275722615844957,0.16428175322758015,0.2081459851879236
random_forest,gk_diff,34,-1.6750226071196415,0.3879748800446054,0.3505659014898868,0.26145921846550785
random_forest,gk_diff,35,-1.6750226071196415,0.8084586673969936,0.0730335846235032,0.11850774797950318
random_forest,gk_diff,36,-1.6750226071196415,0.3911509594592882,0.32792285874364685,0.28092618179706513
random_forest,gk_diff,37,-1.6750226071196415,0.0291779861966555,0.7642317946392444,0.20659021916410023
random_forest,gk_diff,38,-1.6750226071196415,0.37953486152799204,0.21051901905864964,0.40994611941335846
random_forest,gk_diff,39,-1.6750226071196415,0.8519736029283894,0.042408098321365946,0.10561829875024464
random_forest,gk_diff,40,-1.6750226071196415,0.311149224592579,0.4049962010207821,0.2838545743866388
random_forest,gk_diff,41,-1.6750226071196415,0.04111727016120866,0.7514374793795304,0.2074452504592609
random_forest,gk_diff,42,-1.6750226071196415,0.6373614538521865,0.054825351869861705,0.3078131942779516
random_forest,gk_diff,43,-1.6750226071196415,0.23068838973655695,0.3920477964176384,0.37726381384580465
random_forest,gk_diff,44,-1.6750226071196415,0.08252124228175468,0.7159340410184668,0.20154471669977833
random_forest,gk_diff,45,-1.6750226071196415,0.36674740535127975,0.21593439127101124,0.4173182033777087
random_forest,gk_diff,46,-1.6750226071196415,0.054599498490364495,0.7083857440046949,0.23701475750494028
random_forest,gk_diff,47,-1.6750226071196415,0.16631582835472455,0.4754706109522305,0.3582135606930452
random_forest,gk_diff,48,-1.6750226071196415,0.7991937674330337,0.0833986558719073,0.11740757669505884
random_forest,gk_diff,49,-1.6750226071196415,0.4212917649960928,0.24475072036786735,0.3339575146360398
random_forest,gk_diff,0,-0.0668309628701466,0.2272089501699133,0.42942281070442906,0.3433682391256576
random_forest,gk_diff,1,-0.0668309628701466,0.12505013267435616,0.491592131808378,0.38335773551726615
random_forest,gk_diff,2,-0.0668309628701466,0.25103673366099294,0.5010669730868046,0.24789629325220242
random_forest,gk_diff,3,-0.0668309628701466,0.19906284601138227,0.4274804959179262,0.37345665807069134
random_forest,gk_diff,4,-0.0668309628701466,0.038626078787973694,0.6731929797721078,0.28818094143991874
random_forest,gk_diff,5,-0.0668309628701466,0.05833855145028393,0.6622546668473066,0.27940678170240957
random_forest,gk_diff,6,-0.0668309628701466,0.0910444249617523,0.5912071449989617,0.31774843003928616
random_forest,gk_diff,7,-0.0668309628701466,0.10238366219490021,0.6146026655930596,0.28301367221203994
random_forest,gk_diff,8,-0.0668309628701466,0.22166425623224154,0.5189249623795882,0.25941078138817014
random_forest,gk_diff,9,-0.0668309628701466,0.6876649647303069,0.10715598932959879,0.20517904594009448
random_forest,gk_diff,10,-0.0668309628701466,0.6711820469413085,0.15055684320241455,0.17826110985627677
random_forest,gk_diff,11,-0.0668309628701466,0.11302457246475571,0.46197520544055554,0.42500022209468896
random_forest,gk_diff,12,-0.0668309628701466,0.17586222455152,0.4208764928684731,0.4032612825800069
random_forest,gk_diff,13,-0.0668309628701466,0.2298336688809647,0.5033139535943029,0.2668523775247322
random_forest,gk_diff,14,-0.0668309628701466,0.7555721967188798,0.04370746870855006,0.2007203345725704
random_forest,gk_diff,15,-0.0668309628701466,0.3571649524607687,0.21551934101829676,0.42731570652093454
random_forest,gk_diff,16,-0.0668309628701466,0.7748233122427538,0.050447426340318346,0.1747292614169277
random_forest,gk_diff,17,-0.0668309628701466,0.6647297946406603,0.08737874200328348,0.24789146335605597
random_forest,gk_diff,18,-0.0668309628701466,0.7415820142027135,0.04765315859962618,0.21076482719766043
random_forest,gk_diff,19,-0.0668309628701466,0.0910861602839617,0.48509645590504524,0.42381738381099304
random_forest,gk_diff,20,-0.0668309628701466,0.5625631903377811,0.11602996963474606,0.32140684002747283
random_forest,gk_diff,21,-0.0668309628701466,0.05035507589517818,0.6649410568486299,0.2847038672561922
random_forest,gk_diff,22,-0.0668309628701466,0.06992366968236702,0.7702977574023735,0.1597785729152592
random_forest,gk_diff,23,-0.0668309628701466,0.6489325348655008,0.09930825549096362,0.25175920964353515
random_forest,gk_diff,24,-0.0668309628701466,0.12867208775564354,0.6270854208696718,0.2442424913746846
random_forest,gk_diff,25,-0.0668309628701466,0.6105576860458802,0.11052068975374603,0.27892162420037353
random_forest,gk_diff,26,-0.0668309628701466,0.7006156948103216,0.04106069226030904,0.25832361292936956
random_forest,gk_diff,27,-0.0668309628701466,0.14690424782042985,0.44578546692790594,0.4073102852516642
random_forest,gk_diff,28,-0.0668309628701466,0.6437780666751897,0.1252234822864138,0.2309984510383963
random_forest,gk_diff,29,-0.0668309628701466,0.3635991232264904,0.3291126541187298,0.30728822265477995
random_forest,gk_diff,30,-0.0668309628701466,0.059288002810532016,0.5246815493868975,0.41603044780257054
random_forest,gk_diff,31,-0.0668309628701466,0.04469071685275353,0.7105609167635683,0.2447483663836781
random_forest,gk_diff,32,-0.0668309628701466,0.48973991777885945,0.2625523825269705,0.24770769969417006
random_forest,gk_diff,33,-0.0668309628701466,0.6305967005110056,0.1683582565147682,0.20104504297422568
random_forest,gk_diff,34,-0.0668309628701466,0.4120922871516035,0.34549619005843674,0.24241152278995984
random_forest,gk_diff,35,-0.0668309628701466,0.8214746670260421,0.06823663627154683,0.1102886967024111
random_forest,gk_diff,36,-0.0668309628701466,0.3905732960201374,0.332420289531213,0.27700641444864976
random_forest,gk_diff,37,-0.0668309628701466,0.030019168933344734,0.7565289383817208,0.21345189268493467
random_forest,gk_diff,38,-0.0668309628701466,0.3884995233369966,0.21311437340036218,0.3983861032626413
random_forest,gk_diff,39,-0.0668309628701466,0.851467939551738,0.04035630958950872,0.10817575085875321
random_forest,gk_diff,40,-0.0668309628701466,0.3291072241162039,0.3950503748458021,0.275842401037994
random_forest,gk_diff,41,-0.0668309628701466,0.047159627112129086,0.7443074506332215,0.20853292225464934
random_forest,gk_diff,42,-0.0668309628701466,0.6422720942903638,0.04823090541923014,0.3094970002904058
random_forest,gk_diff,43,-0.0668309628701466,0.22508133329163327,0.3668426812833423,0.4080759854250245
random_forest,gk_diff,44,-0.0668309628701466,0.09106842466723895,0.7033681012807939,0.2055634740519671
random_forest,gk_diff,45,-0.0668309628701466,0.37044723545248986,0.21429812221867847,0.4152546423288315
random_forest,gk_diff,46,-0.0668309628701466,0.054505189989219355,0.6968549939420102,0.24863981606877014
random_forest,gk_diff,47,-0.0668309628701466,0.1605724239234129,0.47205969190523983,0.3673678841713475
random_forest,gk_diff,48,-0.0668309628701466,0.8131162218860543,0.07669824332663348,0.11018553478731224
random_forest,gk_diff,49,-0.0668309628701466,0.4387116351424067,0.23854910146562144,0.3227392633919716
random_forest,gk_diff,0,1.4087110205816182,0.22209437159913037,0.4195493414045805,0.3583562869962891
random_forest,gk_diff,1,1.4087110205816182,0.12258241858674286,0.4946534306615336,0.38276415075172404
random_forest,gk_diff,2,1.4087110205816182,0.24858454226120633,0.49256598798807655,0.2588494697507172
random_forest,gk_diff,3,1.4087110205816182,0.20359571851797056,0.3982058626017555,0.398198418880274
random_forest,gk_diff,4,1.4087110205816182,0.04000306828909994,0.6685311616241095,0.29146577008679064
random_forest,gk_diff,5,1.4087110205816182,0.05752455978864668,0.6659276100557655,0.2765478301555878
random_forest,gk_diff,6,1.4087110205816182,0.09009883056768914,0.5981567092904205,0.31174446014189044
random_forest,gk_diff,7,1.4087110205816182,0.10191774179516384,0.6280782847801348,0.2700039734247011
random_forest,gk_diff,8,1.4087110205816182,0.22330208571710727,0.5213709546896136,0.2553269595932791
random_forest,gk_diff,9,1.4087110205816182,0.6920957903892203,0.10300019217275248,0.20490401743802736
random_forest,gk_diff,10,1.4087110205816182,0.6711820469413085,0.15055684320241455,0.17826110985627677
random_forest,gk_diff,11,1.4087110205816182,0.11266319767943432,0.47289045535843144,0.4144463469621346
random_forest,gk_diff,12,1.4087110205816182,0.17868804184102696,0.4239753935925355,0.39733656456643746
random_forest,gk_diff,13,1.4087110205816182,0.21997762280297353,0.5009876499182302,0.27903472727879614
random_forest,gk_diff,14,1.4087110205816182,0.7555721967188798,0.04370746870855006,0.2007203345725704
random_forest,gk_diff,15,1.4087110205816182,0.36175404143303824,0.2148444319778623,0.4234015265890995
random_forest,gk_diff,16,1.4087110205816182,0.7785382725405364,0.05227749747497184,0.16918422998449148
random_forest,gk_diff,17,1.4087110205816182,0.6647297946406603,0.08737874200328348,0.24789146335605597
random_forest,gk_diff,18,1.4087110205816182,0.7457740500186328,0.045410874896462804,0.2088150750849045
random_forest,gk_diff,19,1.4087110205816182,0.09086201068167578,0.4849223989012546,0.4242155904170695
random_forest,gk_diff,20,1.4087110205816182,0.5658220133224812,0.10611225899565496,0.3280657276818639
random_forest,gk_diff,21,1.4087110205816182,0.04372821461730645,0.6670078937318435,0.2892638916508502
random_forest,gk_diff,22,1.4087110205816182,0.07159240605905094,0.7746329909230854,0.1537746030178635
random_forest,gk_diff,23,1.4087110205816182,0.6567115879359751,0.09571803491666896,0.2475703771473556
random_forest,gk_diff,24,1.4087110205816182,0.1278823111008425,0.6355958284867491,0.23652186041240839
random_forest,gk_diff,25,1.4087110205816182,0.6139623333628589,0.11064474710169625,0.2753929195354447
random_forest,gk_diff,26,1.4087110205816182,0.6930534788697384,0.04106069226030904,0.26588582886995266
random_forest,gk_diff,27,1.4087110205816182,0.13855747266890392,0.43937034873726727,0.4220721785938288
random_forest,gk_diff,28,1.4087110205816182,0.6546841672505751,0.1227803395192207,0.22253549323020372
random_forest,gk_diff,29,1.4087110205816182,0.3687533775285949,0.3227392157470809,0.30850740672432436
random_forest,gk_diff,30,1.4087110205816182,0.059288002810532016,0.5246815493868975,0.41603044780257054
random_forest,gk_diff,31,1.4087110205816182,0.04388950967628765,0.7156778627862391,0.2404326275374732
random_forest,gk_diff,32,1.4087110205816182,0.4883691791467435,0.2720497837145384,0.23958103713871806
random_forest,gk_diff,33,1.4087110205816182,0.6248254856644272,0.1707768228598374,0.20439769147573483
random_forest,gk_diff,34,1.4087110205816182,0.41613191248515125,0.3423680272870207,0.24150006022782802
random_forest,gk_diff,35,1.4087110205816182,0.8176225723089333,0.06672533446638389,0.11565209322468274
random_forest,gk_diff,36,1.4087110205816182,0.3918763779259533,0.32398032771716073,0.28414329435688607
random_forest,gk_diff,37,1.4087110205816182,0.030806316375119627,0.7557141204459722,0.21347956317890837
random_forest,gk_diff,38,1.4087110205816182,0.39313428692532054,0.21173133016569456,0.395134382908985
random_forest,gk_diff,39,1.4087110205816182,0.851467939551738,0.04035630958950872,0.10817575085875321
random_forest,gk_diff,40,1.4087110205816182,0.3184337852142637,0.37871048628697973,0.30285572849875647
random_forest,gk_diff,41,1.4087110205816182,0.046358419935663205,0.7494243966558923,0.20421718340844433
random_forest,gk_diff,42,1.4087110205816182,0.6478062042821788,0.047017001526739106,0.30517679419108185
random_forest,gk_diff,43,1.4087110205816182,0.2327685021564456,0.34927174678559764,0.41795975105795685
random_forest,gk_diff,44,1.4087110205816182,0.0891859307620748,0.7138212173653535,0.19699285187257173
random_forest,gk_diff,45,1.4087110205816182,0.3824390265903912,0.21241702798525663,0.405143945424352
random_forest,gk_diff,46,1.4087110205816182,0.05347983321046756,0.7017978829608905,0.2447222838286417
random_forest,gk_diff,47,1.4087110205816182,0.16231215424086565,0.4717678006094534,0.3659200451496812
random_forest,gk_diff,48,1.4087110205816182,0.8092641271689455,0.07518694152147054,0.11554893130958388
random_forest,gk_diff,49,1.4087110205816182,0.44093741217079074,0.22539764931360584,0.33366493851560325
random_forest,gk_diff,0,3.055698948894329,0.21360492286270927,0.4102261076395037,0.37616896949778705
random_forest,gk_diff,1,3.055698948894329,0.12763532132222696,0.4697411808423919,0.40262349783538137
random_forest,gk_diff,2,3.055698948894329,0.2617653129720225,0.48748625671009455,0.2507484303178831
random_forest,gk_diff,3,3.055698948894329,0.2015613171842623,0.3764974731909587,0.4219412096247792
random_forest,gk_diff,4,3.055698948894329,0.046360441645015994,0.6471903009363409,0.3064492574186432
random_forest,gk_diff,5,3.055698948894329,0.07027860696380055,0.632191160160306,0.2975302328758936
random_forest,gk_diff,6,3.055698948894329,0.08957527011510612,0.6062047225893951,0.3042200072954989
random_forest,gk_diff,7,3.055698948894329,0.10573980496895495,0.6301489031824051,0.26411129184863974
random_forest,gk_diff,8,3.055698948894329,0.23132710776458085,0.5347144843397119,0.23395840789570718
random_forest,gk_diff,9,3.055698948894329,0.6706725380960634,0.09870320257696126,0.23062425932697547
random_forest,gk_diff,10,3.055698948894329,0.6823692198182045,0.14974229565859895,0.16788848452319646
random_forest,gk_diff,11,3.055698948894329,0.12281350046125317,0.45590732489069336,0.4212791746480537
random_forest,gk_diff,12,3.055698948894329,0.18128700694579095,0.42065711031863257,0.39805588273557646
random_forest,gk_diff,13,3.055698948894329,0.23880643119060674,0.4950673768191353,0.26612619199025783
random_forest,gk_diff,14,3.055698948894329,0.748216913693403,0.03985706697845372,0.21192601932814345
random_forest,gk_diff,15,3.055698948894329,0.3726455917877302,0.21565297128178795,0.4117014369304819
random_forest,gk_diff,16,3.055698948894329,0.7736924507270325,0.048133601032702596,0.17817394824026478
random_forest,gk_diff,17,3.055698948894329,0.6755274413729163,0.08039179242040667,0.24408076620667682
random_forest,gk_diff,18,3.055698948894329,0.7369897677479643,0.04412931678642281,0.21888091546561297
random_forest,gk_diff,19,3.055698948894329,0.09235733174702271,0.4718652407260118,0.4357774275269657
random_forest,gk_diff,20,3.055698948894329,0.5722517793452594,0.10082557461779311,0.3269226460369476
random_forest,gk_diff,21,3.055698948894329,0.04549754432023211,0.6571602202975084,0.29734223538225957
random_forest,gk_diff,22,3.055698948894329,0.07217771280631441,0.7790318960393577,0.14879039115432766
random_forest,gk_diff,23,3.055698948894329,0.6668359485382666,0.09085250021009145,0.2423115512516416
random_forest,gk_diff,24,3.055698948894329,0.13735456610299643,0.6285374177682969,0.2341080161287068
random_forest,gk_diff,25,3.055698948894329,0.6211006855032064,0.10949247657693967,0.26940683791985376
random_forest,gk_diff,26,3.055698948894329,0.6800040658281317,0.03931911839527917,0.2806768157765894
random_forest,gk_diff,27,3.055698948894329,0.13885849535401093,0.3966176135482433,0.46452389109774583
random_forest,gk_diff,28,3.055698948894329,0.6413919276313403,0.13089934740121004,0.2277087249674493
random_forest,gk_diff,29,3.055698948894329,0.38664330153192955,0.295170136218914,0.3181865622491565
random_forest,gk_diff,30,3.055698948894329,0.07085934240843285,0.5169376472205213,0.41220301037104606
random_forest,gk_diff,31,3.055698948894329,0.051095948704433375,0.7190060277853086,0.22989802351025798
random_forest,gk_diff,32,3.055698948894329,0.5167588781495019,0.24745783176879876,0.23578329008169926
random_forest,gk_diff,33,3.055698948894329,0.6355384749485563,0.16134592654222904,0.20311559850921415
random_forest,gk_diff,34,3.055698948894329,0.4415494462704242,0.3327055560038033,0.2257449977257724
random_forest,gk_diff,35,3.055698948894329,0.8111501331106528,0.06326983035777307,0.12558003653157435
random_forest,gk_diff,36,3.055698948894329,0.4320475633217884,0.30663387768156364,0.2613185589966483
random_forest,gk_diff,37,3.055698948894329,0.039574382242508865,0.7283230937675221,0.2321025239899691
random_forest,gk_diff,38,3.055698948894329,0.40301333634570563,0.21403839676915473,0.3829482668851396
random_forest,gk_diff,39,3.055698948894329,0.8529924172277931,0.028323081079361184,0.11868450169284582
random_forest,gk_diff,40,3.055698948894329,0.3442486618414718,0.3713203356092009,0.28443100254932724
random_forest,gk_diff,41,3.055698948894329,0.05139823292187878,0.7330049643234005,0.21559680275472068
random_forest,gk_diff,42,3.055698948894329,0.6586041001569669,0.033423481899075846,0.3079724179439571
random_forest,gk_diff,43,3.055698948894329,0.23523752900465178,0.3473977311355596,0.41736473985978856
random_forest,gk_diff,44,3.055698948894329,0.09051267968481198,0.7081176780643053,0.2013696422508827
random_forest,gk_diff,45,3.055698948894329,0.4196748204521763,0.19788698260170726,0.3824381969461166
random_forest,gk_diff,46,3.055698948894329,0.0643729962819614,0.6658862966795515,0.26974070703848696
random_forest,gk_diff,47,3.055698948894329,0.169705677714569,0.46159693027565235,0.36869739200977886
random_forest,gk_diff,48,3.055698948894329,0.7889833412610638,0.08106387386584628,0.12995278487308984
random_forest,gk_diff,49,3.055698948894329,0.4603312237569393,0.2021907494051246,0.3374780268379358
random_forest,gk_diff,0,4.572028738694856,0.21946902555497186,0.4039981594271884,0.37653281501783975
random_forest,gk_diff,1,4.572028738694856,0.12423828829614623,0.46381856346806843,0.4119431482357856
random_forest,gk_diff,2,4.572028738694856,0.2731424352686935,0.47489082271306793,0.2519667420182387
random_forest,gk_diff,3,4.572028738694856,0.19822180539229062,0.3648157085671709,0.4369624860405386
random_forest,gk_diff,4,4.572028738694856,0.04740825640939216,0.6533894547939022,0.2992022887967057
random_forest,gk_diff,5,4.572028738694856,0.0702662526138813,0.6355466394747562,0.29418710791136254
random_forest,gk_diff,6,4.572028738694856,0.08957527011510612,0.6062047225893951,0.3042200072954989
random_forest,gk_diff,7,4.572028738694856,0.11172058073386547,0.6293032974037652,0.25897612186236896
random_forest,gk_diff,8,4.572028738694856,0.23553453194398474,0.5198052692600105,0.24466019879600467
random_forest,gk_diff,9,4.572028738694856,0.681784566135815,0.09257966444283766,0.22563576942134767
random_forest,gk_diff,10,4.572028738694856,0.6679665293796219,0.14694103646790435,0.18509243415247376
random_forest,gk_diff,11,4.572028738694856,0.12228813417084446,0.45524686214479354,0.4224650036843622
random_forest,gk_diff,12,4.572028738694856,0.18612706646038746,0.4161268211195701,0.3977461124200425
random_forest,gk_diff,13,4.572028738694856,0.2411305587831124,0.4797510927388053,0.2791183484780822
random_forest,gk_diff,14,4.572028738694856,0.7704558648825145,0.032566188734748154,0.19697794638273758
random_forest,gk_diff,15,4.572028738694856,0.3945079342523344,0.193929615453164,0.41156245029450184
random_forest,gk_diff,16,4.572028738694856,0.7841193278151789,0.03684069190455847,0.17903998028026258
random_forest,gk_diff,17,4.572028738694856,0.6789103073621833,0.07713221841578691,0.24395747422202974
random_forest,gk_diff,18,4.572028738694856,0.7498857210369555,0.03859036127055903,0.21152391769248582
random_forest,gk_diff,19,4.572028738694856,0.09234497739710346,0.47522072004046206,0.43243430256243465
random_forest,gk_diff,20,4.572028738694856,0.612305512067584,0.07990617613219825,0.3077883118002179
random_forest,gk_diff,21,4.572028738694856,0.04549754432023211,0.6571602202975084,0.29734223538225957
random_forest,gk_diff,22,4.572028738694856,0.07217771280631441,0.7790318960393577,0.14879039115432766
random_forest,gk_diff,23,4.572028738694856,0.6632782557345843,0.08965111891230816,0.24707062535310723
random_forest,gk_diff,24,4.572028738694856,0.13735456610299643,0.6285374177682969,0.2341080161287068
random_forest,gk_diff,25,4.572028738694856,0.6187629711812754,0.10727484834442308,0.2739621804743013
random_forest,gk_diff,26,4.572028738694856,0.6723905366127957,0.03305009632496068,0.2945593670622438
random_forest,gk_diff,27,4.572028738694856,0.13634127153972664,0.3922612091408931,0.4713975193193804
random_forest,gk_diff,28,4.572028738694856,0.6736028858928905,0.11244915404996526,0.21394796005714364
random_forest,gk_diff,29,4.572028738694856,0.40654795029873453,0.285721175732822,0.30773087396844356
random_forest,gk_diff,30,4.572028738694856,0.07085934240843285,0.5169376472205213,0.41220301037104606
random_forest,gk_diff,31,4.572028738694856,0.051095948704433375,0.7190060277853086,0.22989802351025798
random_forest,gk_diff,32,4.572028738694856,0.5257836720361683,0.2376033073174222,0.23661302064640943
random_forest,gk_diff,33,4.572028738694856,0.6351562839444936,0.15818406985582384,0.20665964619968213
random_forest,gk_diff,34,4.572028738694856,0.46504847907195535,0.3197378283448072,0.2152136925832374
random_forest,gk_diff,35,4.572028738694856,0.8149072856017717,0.06306580609879804,0.12202690829943036
random_forest,gk_diff,36,4.572028738694856,0.4490144136931123,0.2878168985669009,0.2631686877399871
random_forest,gk_diff,37,4.572028738694856,0.039574382242508865,0.7283230937675221,0.2321025239899691
random_forest,gk_diff,38,4.572028738694856,0.41719265625517404,0.20643690509510615,0.3763704386497197
random_forest,gk_diff,39,4.572028738694856,0.8607945570931733,0.02591647917902029,0.1132889637278064
random_forest,gk_diff,40,4.572028738694856,0.3593712701117355,0.34983310707756504,0.29079562281069926
random_forest,gk_diff,41,4.572028738694856,0.05139823292187878,0.7330049643234005,0.21559680275472068
random_forest,gk_diff,42,4.572028738694856,0.6619112905049658,0.026505487237322697,0.31158322225771146
random_forest,gk_diff,43,4.572028738694856,0.23156571662479777,0.3275052547728354,0.44092902860236677
random_forest,gk_diff,44,4.572028738694856,0.0964934554497225,0.7072720722856656,0.19623447226461188
random_forest,gk_diff,45,4.572028738694856,0.4563171097475363,0.1843455839822079,0.35933730627025545
random_forest,gk_diff,46,4.572028738694856,0.06542081104633758,0.6720854505371129,0.2624937384165495
random_forest,gk_diff,47,4.572028738694856,0.16918031142416026,0.4609364675297525,0.36988322104608734
random_forest,gk_diff,48,4.572028738694856,0.785505363636919,0.08168173837461987,0.13281289798846097
random_forest,gk_diff,49,4.572028738694856,0.46810331680437806,0.19165891419762907,0.3402377689979927
random_forest,gk_diff,0,6.458061298957342,0.21947671599537957,0.3988159802040983,0.38170730380052215
random_forest,gk_diff,1,6.458061298957342,0.12537284402021356,0.46059026608696313,0.41403688989282356
random_forest,gk_diff,2,6.458061298957342,0.2674567373590114,0.4769465811625339,0.25559668147845477
random_forest,gk_diff,3,6.458061298957342,0.2039984284284464,0.3540446375699928,0.44195693400156105
random_forest,gk_diff,4,6.458061298957342,0.04854281213345946,0.650161157412797,0.3012960304537437
random_forest,gk_diff,5,6.458061298957342,0.07173122899811381,0.634425368971185,0.2938434020307013
random_forest,gk_diff,6,6.458061298957342,0.09202509107891503,0.6001249621653701,0.3078499467557149
random_forest,gk_diff,7,6.458061298957342,0.11417040169767435,0.6232235369797403,0.262606061322585
random_forest,gk_diff,8,6.458061298957342,0.23554916891669783,0.5165263937809733,0.24792443730232872
random_forest,gk_diff,9,6.458061298957342,0.6808225318566955,0.08915028813800091,0.23002718000530378
random_forest,gk_diff,10,6.458061298957342,0.6662768022973592,0.14583457858224555,0.18788861912039512
random_forest,gk_diff,11,6.458061298957342,0.12375311055507694,0.4541255916412223,0.42212129780370095
random_forest,gk_diff,12,6.458061298957342,0.18676861771949238,0.41801889468068326,0.39521248759982436
random_forest,gk_diff,13,6.458061298957342,0.24358037974692134,0.4736713323147803,0.28274828793829826
random_forest,gk_diff,14,6.458061298957342,0.7743778640307978,0.028991823739079502,0.19663031223012306
random_forest,gk_diff,15,6.458061298957342,0.38219259158168484,0.1916382640513431,0.42616914436697223
random_forest,gk_diff,16,6.458061298957342,0.7855738922908114,0.035386127428925954,0.17903998028026258
random_forest,gk_diff,17,6.458061298957342,0.6942415918214428,0.0715061323267592,0.23425227585179795
random_forest,gk_diff,18,6.458061298957342,0.7542493064767917,0.03794205509207551,0.2078086384311332
random_forest,gk_diff,19,6.458061298957342,0.10047735382659301,0.4732044353402384,0.42631821083316873
random_forest,gk_diff,20,6.458061298957342,0.612305512067584,0.07990617613219825,0.3077883118002179
random_forest,gk_diff,21,6.458061298957342,0.046632100044299414,0.6539319229164032,0.29943597703929753
random_forest,gk_diff,22,6.458061298957342,0.07462753377012331,0.7729521356153328,0.15242033061454371
random_forest,gk_diff,23,6.458061298957342,0.667946533984949,0.08766223654140916,0.24439122947364164
random_forest,gk_diff,24,6.458061298957342,0.13655400225994388,0.6260151872223104,0.23743081051774564
random_forest,gk_diff,25,6.458061298957342,0.6120324619609235,0.10496567091154975,0.2830018671275265
random_forest,gk_diff,26,6.458061298957342,0.6723905366127957,0.03305009632496068,0.2945593670622438
random_forest,gk_diff,27,6.458061298957342,0.13601854131996913,0.384972003040269,0.479009455639762
random_forest,gk_diff,28,6.458061298957342,0.6749673154700737,0.11108472447278218,0.21394796005714364
random_forest,gk_diff,29,6.458061298957342,0.41218062246725146,0.2789794474022644,0.30883993013048433
random_forest,gk_diff,30,6.458061298957342,0.07085934240843285,0.5169376472205213,0.41220301037104606
random_forest,gk_diff,31,6.458061298957342,0.051095948704433375,0.7190060277853086,0.22989802351025798
random_forest,gk_diff,32,6.458061298957342,0.5293242597910982,0.22687069043803787,0.24380504977086395
random_forest,gk_diff,33,6.458061298957342,0.6351562839444936,0.15818406985582384,0.20665964619968213
random_forest,gk_diff,34,6.458061298957342,0.4670319124797646,0.3116857756615536,0.2212823118586816
random_forest,gk_diff,35,6.458061298957342,0.8171341003401696,0.06103077657289749,0.12183512308693295
random_forest,gk_diff,36,6.458061298957342,0.44813317972393807,0.27283625025775765,0.2790305700183045
random_forest,gk_diff,37,6.458061298957342,0.040708937966576174,0.7250947963864168,0.2341962656470071
random_forest,gk_diff,38,6.458061298957342,0.41783420751427885,0.20832897865621938,0.3738368138295016
random_forest,gk_diff,39,6.458061298957342,0.8631055589043909,0.024555389334198912,0.11233905176141018
random_forest,gk_diff,40,6.458061298957342,0.3580737851436579,0.3505985908152134,0.29132762404112866
random_forest,gk_diff,41,6.458061298957342,0.05139823292187878,0.7330049643234005,0.21559680275472068
random_forest,gk_diff,42,6.458061298957342,0.666274875944802,0.025857181058839173,0.30786794299635883
random_forest,gk_diff,43,6.458061298957342,0.24071448116167427,0.32032211900545543,0.4389633998328702
random_forest,gk_diff,44,6.458061298957342,0.09894327641353139,0.7011923118616407,0.1998644117248279
random_forest,gk_diff,45,6.458061298957342,0.44429926676868114,0.18310399062297134,0.3725967426083474
random_forest,gk_diff,46,6.458061298957342,0.06688578743057008,0.6709641800335415,0.26215003253588826
random_forest,gk_diff,47,6.458061298957342,0.17064528780839275,0.45981519702618123,0.3695395151654261
random_forest,gk_diff,48,6.458061298957342,0.7914124409393145,0.08063844003950733,0.12794911902117803
random_forest,gk_diff,49,6.458061298957342,0.4645313627506644,0.1905825921820736,0.3448860450672617
random_forest,gk_diff,0,8.574798699467959,0.22888601619212456,0.3935542066707762,0.3775597771370994
random_forest,gk_diff,1,8.574798699467959,0.1300983519500743,0.46341742161886046,0.4064842264310655
random_forest,gk_diff,2,8.574798699467959,0.26721219243981625,0.471163703393016,0.2616241041671679
random_forest,gk_diff,3,8.574798699467959,0.211429968929433,0.35595242779685377,0.4326176032737135
random_forest,gk_diff,4,8.574798699467959,0.04854281213345946,0.650161157412797,0.3012960304537437
random_forest,gk_diff,5,8.574798699467959,0.07173122899811381,0.634425368971185,0.2938434020307013
random_forest,gk_diff,6,8.574798699467959,0.09202509107891503,0.6001249621653701,0.3078499467557149
random_forest,gk_diff,7,8.574798699467959,0.11417040169767435,0.6232235369797403,0.262606061322585
random_forest,gk_diff,8,8.574798699467959,0.2353046239975027,0.5107435160114554,0.2539518599910418
random_forest,gk_diff,9,8.574798699467959,0.6785987088567177,0.0873263773801166,0.23407491376316594
random_forest,gk_diff,10,8.574798699467959,0.6678084227290557,0.14828186564812648,0.1839097116228178
random_forest,gk_diff,11,8.574798699467959,0.12402736025924306,0.4599418763636112,0.41603076337714584
random_forest,gk_diff,12,8.574798699467959,0.19042463053780392,0.4171421618553363,0.39243320760685974
random_forest,gk_diff,13,8.574798699467959,0.24333583482772622,0.46788845454526234,0.28877571062701135
random_forest,gk_diff,14,8.574798699467959,0.7718612739918008,0.028991823739079502,0.19914690226911982
random_forest,gk_diff,15,8.574798699467959,0.3819942328172817,0.1903019518867187,0.42770381529599977
random_forest,gk_diff,16,8.574798699467959,0.7834045399071616,0.033476916110652316,0.18311854398218597
random_forest,gk_diff,17,8.574798699467959,0.7038389609875249,0.0709646152374666,0.22519642377500848
random_forest,gk_diff,18,8.574798699467959,0.7469258944557918,0.03821946006614068,0.2148546454780678
random_forest,gk_diff,19,8.574798699467959,0.11272809428421954,0.47029302561045944,0.4169788801053212
random_forest,gk_diff,20,8.574798699467959,0.6217642548176823,0.07513497371137226,0.30310077147094566
random_forest,gk_diff,21,8.574798699467959,0.046632100044299414,0.6539319229164032,0.29943597703929753
random_forest,gk_diff,22,8.574798699467959,0.07462753377012331,0.7729521356153328,0.15242033061454371
random_forest,gk_diff,23,8.574798699467959,0.6639467310112975,0.08776589300877606,0.24828737597992603
random_forest,gk_diff,24,8.574798699467959,0.13655400225994388,0.6260151872223104,0.23743081051774564
random_forest,gk_diff,25,8.574798699467959,0.6146237097586157,0.10498982394492745,0.28038646629645664
random_forest,gk_diff,26,8.574798699467959,0.6605191032020886,0.02794058331453553,0.311540313483376
random_forest,gk_diff,27,8.574798699467959,0.1376815678870175,0.3897949299779955,0.47252350213498717
random_forest,gk_diff,28,8.574798699467959,0.674805761318514,0.10992894684863812,0.21526529183284746
random_forest,gk_diff,29,8.574798699467959,0.4187262991887244,0.27705101816681266,0.30422268264446306
random_forest,gk_diff,30,8.574798699467959,0.07085934240843285,0.5169376472205213,0.41220301037104606
random_forest,gk_diff,31,8.574798699467959,0.051095948704433375,0.7190060277853086,0.22989802351025798
random_forest,gk_diff,32,8.574798699467959,0.5309146828763477,0.22347552724922484,0.2456097898744275
random_forest,gk_diff,33,8.574798699467959,0.6280393079794143,0.15706887869117261,0.21489181332941287
random_forest,gk_diff,34,8.574798699467959,0.46397672294601544,0.3062529392701846,0.22977033778379985
random_forest,gk_diff,35,8.574798699467959,0.8179618554307679,0.06103077657289749,0.12100736799633456
random_forest,gk_diff,36,8.574798699467959,0.44813317972393807,0.27283625025775765,0.2790305700183045
random_forest,gk_diff,37,8.574798699467959,0.040708937966576174,0.7250947963864168,0.2341962656470071
random_forest,gk_diff,38,8.574798699467959,0.4113673032236955,0.20865099359743255,0.37998170317887187
random_forest,gk_diff,39,8.574798699467959,0.8631055589043909,0.024555389334198912,0.11233905176141018
random_forest,gk_diff,40,8.574798699467959,0.36461946186513083,0.34867016157976155,0.2867103765551074
random_forest,gk_diff,41,8.574798699467959,0.05139823292187878,0.7330049643234005,0.21559680275472068
random_forest,gk_diff,42,8.574798699467959,0.6681679242470421,0.022636170431758713,0.309195905321199
random_forest,gk_diff,43,8.574798699467959,0.24543998909153505,0.3231492745373528,0.4314107363711122
random_forest,gk_diff,44,8.574798699467959,0.09894327641353139,0.7011923118616407,0.1998644117248279
random_forest,gk_diff,45,8.574798699467959,0.44304069941904783,0.18305234898908007,0.3739069515918722
random_forest,gk_diff,46,8.574798699467959,0.06688578743057008,0.6709641800335415,0.26215003253588826
random_forest,gk_diff,47,8.574798699467959,0.17091953751255887,0.4656314817485703,0.363448980738871
random_forest,gk_diff,48,8.574798699467959,0.7910063628373712,0.08190026920793729,0.1270933679546913
random_forest,gk_diff,49,8.574798699467959,0.4820971889114341,0.18241433895035553,0.3354884721382101
random_forest,gk_diff,0,12.228130115261417,0.22888601619212456,0.3935542066707762,0.3775597771370994
random_forest,gk_diff,1,12.228130115261417,0.1300983519500743,0.46341742161886046,0.4064842264310655
random_forest,gk_diff,2,12.228130115261417,0.2662662390141373,0.4662971095964543,0.2674366513894084
random_forest,gk_diff,3,12.228130115261417,0.21941754655449688,0.3567604259832616,0.42382202746224173
random_forest,gk_diff,4,12.228130115261417,0.04854281213345946,0.650161157412797,0.3012960304537437
random_forest,gk_diff,5,12.228130115261417,0.07173122899811381,0.634425368971185,0.2938434020307013
random_forest,gk_diff,6,12.228130115261417,0.09202509107891503,0.6001249621653701,0.3078499467557149
random_forest,gk_diff,7,12.228130115261417,0.11417040169767435,0.6232235369797403,0.262606061322585
random_forest,gk_diff,8,12.228130115261417,0.2415928806459319,0.5059912370992978,0.25241588225477013
random_forest,gk_diff,9,12.228130115261417,0.673985391119408,0.08692755566577824,0.23908705321481372
random_forest,gk_diff,10,12.228130115261417,0.6583772784224977,0.14522098437893824,0.196401737198564
random_forest,gk_diff,11,12.228130115261417,0.12402736025924306,0.4599418763636112,0.41603076337714584
random_forest,gk_diff,12,12.228130115261417,0.19633758836140577,0.41472644171974465,0.38893596991884954
random_forest,gk_diff,13,12.228130115261417,0.24962409147615539,0.4631361756331048,0.2872397328907397
random_forest,gk_diff,14,12.228130115261417,0.7772253835403741,0.02975033702614006,0.19302427943348602
random_forest,gk_diff,15,12.228130115261417,0.3915950437209205,0.18206445671889326,0.4263404995601863
random_forest,gk_diff,16,12.228130115261417,0.7663926442076741,0.032082707630464675,0.20152464816186114
random_forest,gk_diff,17,12.228130115261417,0.6882500753376032,0.06597384846297821,0.2457760761994182
random_forest,gk_diff,18,12.228130115261417,0.7435589617975232,0.03774443649411934,0.21869660170835778
random_forest,gk_diff,19,12.228130115261417,0.11272809428421954,0.47029302561045944,0.4169788801053212
random_forest,gk_diff,20,12.228130115261417,0.6135517264928833,0.07515609857975535,0.31129217492736155
random_forest,gk_diff,21,12.228130115261417,0.046632100044299414,0.6539319229164032,0.29943597703929753
random_forest,gk_diff,22,12.228130115261417,0.07462753377012331,0.7729521356153328,0.15242033061454371
random_forest,gk_diff,23,12.228130115261417,0.6610845567590335,0.08590570499748429,0.2530097382434817
random_forest,gk_diff,24,12.228130115261417,0.13655400225994388,0.6260151872223104,0.23743081051774564
random_forest,gk_diff,25,12.228130115261417,0.6125656750334226,0.10569754871909119,0.281736776247486
random_forest,gk_diff,26,12.228130115261417,0.6410322434276813,0.02710320860532146,0.3318645479669975
random_forest,gk_diff,27,12.228130115261417,0.1376815678870175,0.3897949299779955,0.47252350213498717
random_forest,gk_diff,28,12.228130115261417,0.6731963835454167,0.10632673850910529,0.22047687794547743
random_forest,gk_diff,29,12.228130115261417,0.42640108821852896,0.27583404002231454,0.29776487175915667
random_forest,gk_diff,30,12.228130115261417,0.07085934240843285,0.5169376472205213,0.41220301037104606
random_forest,gk_diff,31,12.228130115261417,0.051095948704433375,0.7190060277853086,0.22989802351025798
random_forest,gk_diff,32,12.228130115261417,0.5283833048457779,0.22237995747500103,0.24923673767922105
random_forest,gk_diff,33,12.228130115261417,0.6228376819785788,0.14915316215834876,0.22800915586307213
random_forest,gk_diff,34,12.228130115261417,0.4588991416702903,0.3038369033944202,0.23726395493528943
random_forest,gk_diff,35,12.228130115261417,0.8064234329688914,0.06135935940294026,0.13221720762816822
random_forest,gk_diff,36,12.228130115261417,0.44426857893759225,0.2703845952424908,0.28534682581991716
random_forest,gk_diff,37,12.228130115261417,0.040708937966576174,0.7250947963864168,0.2341962656470071
random_forest,gk_diff,38,12.228130115261417,0.4179983579268313,0.19996887269678412,0.38203276937638453
random_forest,gk_diff,39,12.228130115261417,0.8512268953381108,0.024913649460990395,0.12385945520089876
random_forest,gk_diff,40,12.228130115261417,0.36234320182059543,0.3352478169293958,0.30240898125000854
random_forest,gk_diff,41,12.228130115261417,0.05139823292187878,0.7330049643234005,0.21559680275472068
random_forest,gk_diff,42,12.228130115261417,0.6636702567489184,0.020423039425780786,0.31590670382530056
random_forest,gk_diff,43,12.228130115261417,0.2508689984083118,0.3207032938098073,0.42842770778188094
random_forest,gk_diff,44,12.228130115261417,0.09894327641353139,0.7011923118616407,0.1998644117248279
random_forest,gk_diff,45,12.228130115261417,0.45718581678516385,0.17691778134955727,0.36589640186527866
random_forest,gk_diff,46,12.228130115261417,0.06688578743057008,0.6709641800335415,0.26215003253588826
random_forest,gk_diff,47,12.228130115261417,0.1839429776843048,0.46091320878575437,0.35514381352994095
random_forest,gk_diff,48,12.228130115261417,0.7766450555660188,0.07811306866101736,0.14524187577296369
random_forest,gk_diff,49,12.228130115261417,0.4941990892681234,0.17579063940940487,0.33001027132247157
random_forest,gk_diff,0,16.730150997554006,0.23548437214626175,0.39239383739976635,0.372121790453972
random_forest,gk_diff,1,16.730150997554006,0.1300983519500743,0.46341742161886046,0.4064842264310655
random_forest,gk_diff,2,16.730150997554006,0.2662662390141373,0.4662971095964543,0.2674366513894084
random_forest,gk_diff,3,16.730150997554006,0.21941754655449688,0.3567604259832616,0.42382202746224173
random_forest,gk_diff,4,16.730150997554006,0.04854281213345946,0.650161157412797,0.3012960304537437
random_forest,gk_diff,5,16.730150997554006,0.07173122899811381,0.634425368971185,0.2938434020307013
random_forest,gk_diff,6,16.730150997554006,0.09202509107891503,0.6001249621653701,0.3078499467557149
random_forest,gk_diff,7,16.730150997554006,0.11417040169767435,0.6232235369797403,0.262606061322585
random_forest,gk_diff,8,16.730150997554006,0.2415928806459319,0.5059912370992978,0.25241588225477013
random_forest,gk_diff,9,16.730150997554006,0.6739332711379021,0.0806587661900021,0.24540796267209572
random_forest,gk_diff,10,16.730150997554006,0.6528370753123752,0.14438477995646679,0.20277814473115788
random_forest,gk_diff,11,16.730150997554006,0.12402736025924306,0.4599418763636112,0.41603076337714584
random_forest,gk_diff,12,16.730150997554006,0.19050898426179533,0.420555045819355,0.38893596991884954
random_forest,gk_diff,13,16.730150997554006,0.24962409147615539,0.4631361756331048,0.2872397328907397
random_forest,gk_diff,14,16.730150997554006,0.7929462999869658,0.027775532109510864,0.17927816790352336
random_forest,gk_diff,15,16.730150997554006,0.3964059123779556,0.18186641564449282,0.42172767197755173
random_forest,gk_diff,16,16.730150997554006,0.7793025412011642,0.02871665250104807,0.19198080629778777
random_forest,gk_diff,17,16.730150997554006,0.7113458586080988,0.060721948349078674,0.22793219304282217
random_forest,gk_diff,18,16.730150997554006,0.7550168387540134,0.03633952607979561,0.20864363516619122
random_forest,gk_diff,19,16.730150997554006,0.11272809428421954,0.47029302561045944,0.4169788801053212
random_forest,gk_diff,20,16.730150997554006,0.6067615680480878,0.0748518797762635,0.3183865521756488
random_forest,gk_diff,21,16.730150997554006,0.046632100044299414,0.6539319229164032,0.29943597703929753
random_forest,gk_diff,22,16.730150997554006,0.07462753377012331,0.7729521356153328,0.15242033061454371
random_forest,gk_diff,23,16.730150997554006,0.6626068932413751,0.08550051089856125,0.2518925958600632
random_forest,gk_diff,24,16.730150997554006,0.13655400225994388,0.6260151872223104,0.23743081051774564
random_forest,gk_diff,25,16.730150997554006,0.6116966950113971,0.10586466993357753,0.28243863505502503
random_forest,gk_diff,26,16.730150997554006,0.6527007974017321,0.021917585356409183,0.3253816172418588
random_forest,gk_diff,27,16.730150997554006,0.1376815678870175,0.3897949299779955,0.47252350213498717
random_forest,gk_diff,28,16.730150997554006,0.6935439272818131,0.1025381192585632,0.20391795345962335
random_forest,gk_diff,29,16.730150997554006,0.42640108821852896,0.27583404002231454,0.29776487175915667
random_forest,gk_diff,30,16.730150997554006,0.07085934240843285,0.5169376472205213,0.41220301037104606
random_forest,gk_diff,31,16.730150997554006,0.051095948704433375,0.7190060277853086,0.22989802351025798
random_forest,gk_diff,32,16.730150997554006,0.5355257485102874,0.21793215920709771,0.246542092282615
random_forest,gk_diff,33,16.730150997554006,0.6347786195984277,0.14622484583411313,0.2189965345674588
random_forest,gk_diff,34,16.730150997554006,0.4671553504611998,0.30065694250251135,0.23218770703628874
random_forest,gk_diff,35,16.730150997554006,0.8074042060695504,0.056651684259298916,0.13594410967115034
random_forest,gk_diff,36,16.730150997554006,0.4486160774671037,0.27082007291327614,0.2805638496196205
random_forest,gk_diff,37,16.730150997554006,0.040708937966576174,0.7250947963864168,0.2341962656470071
random_forest,gk_diff,38,16.730150997554006,0.4199827996378385,0.20321734320535478,0.3767998571568066
random_forest,gk_diff,39,16.730150997554006,0.8608228452842638,0.0218869317714296,0.11729022294430654
random_forest,gk_diff,40,16.730150997554006,0.36589945055631795,0.33397997955340136,0.3001205698902805
random_forest,gk_diff,41,16.730150997554006,0.05139823292187878,0.7330049643234005,0.21559680275472068
random_forest,gk_diff,42,16.730150997554006,0.6696243383095517,0.018737200253976807,0.31163846143647145
random_forest,gk_diff,43,16.730150997554006,0.2508689984083118,0.3207032938098073,0.42842770778188094
random_forest,gk_diff,44,16.730150997554006,0.09894327641353139,0.7011923118616407,0.1998644117248279
random_forest,gk_diff,45,16.730150997554006,0.46894885164020644,0.1768815092526469,0.3541696391071465
random_forest,gk_diff,46,16.730150997554006,0.06688578743057008,0.6709641800335415,0.26215003253588826
random_forest,gk_diff,47,16.730150997554006,0.17811437358469448,0.4667418128853647,0.35514381352994095
random_forest,gk_diff,48,16.730150997554006,0.7914035764741715,0.07480555523797877,0.13379086828784956
random_forest,gk_diff,49,16.730150997554006,0.5103581925122639,0.1711080555889057,0.3185337518988302
random_forest,data_confidence_diff,0,-0.254,0.22128576201715047,0.43675400683685656,0.3419602311459932
random_forest,data_confidence_diff,1,-0.254,0.11498208031201945,0.5072627611482126,0.37775515853976827
random_forest,data_confidence_diff,2,-0.254,0.25439851543614167,0.443736386760272,0.3018650978035862
random_forest,data_confidence_diff,3,-0.254,0.2000353127679911,0.4520914866029029,0.3478732006291059
random_forest,data_confidence_diff,4,-0.254,0.016009319995955718,0.7633095563738789,0.22068112363016568
random_forest,data_confidence_diff,5,-0.254,0.060046960101179526,0.6736212243949703,0.26633181550385043
random_forest,data_confidence_diff,6,-0.254,0.07025088228579321,0.6494623777866831,0.2802867399275238
random_forest,data_confidence_diff,7,-0.254,0.10139317179992453,0.6858994687924208,0.2127073594076544
random_forest,data_confidence_diff,8,-0.254,0.21424620245111312,0.4712012538693758,0.3145525436795111
random_forest,data_confidence_diff,9,-0.254,0.6930960499275961,0.11559905562287326,0.19130489444953072
random_forest,data_confidence_diff,10,-0.254,0.6618464482945245,0.1562700186591114,0.18188353304636373
random_forest,data_confidence_diff,11,-0.254,0.10562267980642213,0.5093104012145068,0.38506691897907136
random_forest,data_confidence_diff,12,-0.254,0.17931443421788973,0.4272617453895755,0.3934238203925347
random_forest,data_confidence_diff,13,-0.254,0.22351085218338082,0.491030450285637,0.2854586975309821
random_forest,data_confidence_diff,14,-0.254,0.7163521386312296,0.03435063156258195,0.2492972298061883
random_forest,data_confidence_diff,15,-0.254,0.39072487706142095,0.19504991940182123,0.414225203536758
random_forest,data_confidence_diff,16,-0.254,0.7780262564499053,0.031310628284231354,0.19066311526586333
random_forest,data_confidence_diff,17,-0.254,0.6942415918214428,0.0715061323267592,0.23425227585179795
random_forest,data_confidence_diff,18,-0.254,0.7239922319361631,0.04681230770214407,0.2291954603616927
random_forest,data_confidence_diff,19,-0.254,0.07853883855774095,0.5438365030205884,0.37762465842167087
random_forest,data_confidence_diff,20,-0.254,0.6339116969015554,0.08283826248689653,0.28325004061154796
random_forest,data_confidence_diff,21,-0.254,0.03664894535754679,0.7131444222602971,0.2502066323821564
random_forest,data_confidence_diff,22,-0.254,0.032796207932271546,0.86222889332003,0.10497489874769851
random_forest,data_confidence_diff,23,-0.254,0.6585137143520011,0.0855625173413626,0.25592376830663605
random_forest,data_confidence_diff,24,-0.254,0.1289052443757572,0.6485771364233801,0.22251761920086263
random_forest,data_confidence_diff,25,-0.254,0.6096960167268017,0.10004268720182859,0.29026129607136947
random_forest,data_confidence_diff,26,-0.254,0.6481767124959364,0.023696556779258336,0.3281267307248054
random_forest,data_confidence_diff,27,-0.254,0.1273506921841638,0.43403097443216704,0.43861833338366935
random_forest,data_confidence_diff,28,-0.254,0.6363498831758652,0.13364432396622328,0.23000579285791126
random_forest,data_confidence_diff,29,-0.254,0.4006715130414662,0.2885065366260213,0.3108219503325127
random_forest,data_confidence_diff,30,-0.254,0.04825590868218271,0.5182772573749672,0.4334668339428504
random_forest,data_confidence_diff,31,-0.254,0.020937260764000987,0.7836316774712767,0.19543106176472214
random_forest,data_confidence_diff,32,-0.254,0.48684702130664476,0.26419985038413035,0.2489531283092249
random_forest,data_confidence_diff,33,-0.254,0.6119962464747618,0.15675483119238723,0.23124892233285044
random_forest,data_confidence_diff,34,-0.254,0.4249120789093021,0.3237426362853199,0.25134528480537777
random_forest,data_confidence_diff,35,-0.254,0.7482777815779502,0.07030443825586749,0.18141778016618218
random_forest,data_confidence_diff,36,-0.254,0.4394100408795563,0.2589141710329235,0.30167578808752044
random_forest,data_confidence_diff,37,-0.254,0.023232826333245974,0.8083633388351658,0.16840383483158852
random_forest,data_confidence_diff,38,-0.254,0.37663115181326906,0.21269860087140438,0.4106702473153266
random_forest,data_confidence_diff,39,-0.254,0.8194403738894613,0.028025070501698838,0.15253455560883986
random_forest,data_confidence_diff,40,-0.254,0.3483904058249729,0.3435003137369677,0.30810928043805946
random_forest,data_confidence_diff,41,-0.254,0.026309357989206018,0.8202712504237916,0.15341939158700232
random_forest,data_confidence_diff,42,-0.254,0.6684231515813105,0.024257842851538727,0.30731900556715047
random_forest,data_confidence_diff,43,-0.254,0.22652078406786905,0.376255096819682,0.3972241191124491
random_forest,data_confidence_diff,44,-0.254,0.08481539895457556,0.7197324279667471,0.19545217307867724
random_forest,data_confidence_diff,45,-0.254,0.44982158584937254,0.17762690502808823,0.37255150912253937
random_forest,data_confidence_diff,46,-0.254,0.059382151063880596,0.6839480445444743,0.25666980439164494
random_forest,data_confidence_diff,47,-0.254,0.1512448425432227,0.5011992855683262,0.3475558718884512
random_forest,data_confidence_diff,48,-0.254,0.7402457359111315,0.10112601342688703,0.15862825066198133
random_forest,data_confidence_diff,49,-0.254,0.4355356657166382,0.21994088243300222,0.3445234518503595
random_forest,data_confidence_diff,0,-0.20399999999999996,0.22850578339796632,0.42462188177705834,0.3468723348249756
random_forest,data_confidence_diff,1,-0.20399999999999996,0.11364248870348033,0.5165275226118766,0.3698299886846435
random_forest,data_confidence_diff,2,-0.20399999999999996,0.25439851543614167,0.443736386760272,0.3018650978035862
random_forest,data_confidence_diff,3,-0.20399999999999996,0.2000353127679911,0.4520914866029029,0.3478732006291059
random_forest,data_confidence_diff,4,-0.20399999999999996,0.017242823976859355,0.7546141571249244,0.22814301889821628
random_forest,data_confidence_diff,5,-0.20399999999999996,0.062199384347632114,0.6678298977141633,0.26997071793820454
random_forest,data_confidence_diff,6,-0.20399999999999996,0.06798165905508319,0.6549720358471167,0.27704630509780015
random_forest,data_confidence_diff,7,-0.20399999999999996,0.10017258252682626,0.6916702489898493,0.2081571684833243
random_forest,data_confidence_diff,8,-0.20399999999999996,0.21881864427451125,0.46917435573889127,0.3120069999865975
random_forest,data_confidence_diff,9,-0.20399999999999996,0.6930960499275961,0.11559905562287326,0.19130489444953072
random_forest,data_confidence_diff,10,-0.20399999999999996,0.6672326985031029,0.15490612766372946,0.17786117383316735
random_forest,data_confidence_diff,11,-0.20399999999999996,0.10459932723248899,0.5182589236435647,0.3771417491239466
random_forest,data_confidence_diff,12,-0.20399999999999996,0.17931443421788973,0.4272617453895755,0.3934238203925347
random_forest,data_confidence_diff,13,-0.20399999999999996,0.22808329400677893,0.4890035521551524,0.2829131538380685
random_forest,data_confidence_diff,14,-0.20399999999999996,0.7288279389268589,0.030876183519859032,0.24029587755328186
random_forest,data_confidence_diff,15,-0.20399999999999996,0.3856796334066939,0.19620895242170897,0.4181114141715973
random_forest,data_confidence_diff,16,-0.20399999999999996,0.777174372064885,0.03026492140855784,0.19256070652655707
random_forest,data_confidence_diff,17,-0.20399999999999996,0.6942415918214428,0.0715061323267592,0.23425227585179795
random_forest,data_confidence_diff,18,-0.20399999999999996,0.72628541987143,0.04393723258345721,0.22977734754511261
random_forest,data_confidence_diff,19,-0.20399999999999996,0.07770438660451483,0.546150293557218,0.37614531983826716
random_forest,data_confidence_diff,20,-0.20399999999999996,0.6398195897458768,0.08108060071063675,0.27909980954348634
random_forest,data_confidence_diff,21,-0.20399999999999996,0.039741853568704445,0.6988528289982168,0.2614053174330788
random_forest,data_confidence_diff,22,-0.20399999999999996,0.034384369943798614,0.8553010652018195,0.11031456485438212
random_forest,data_confidence_diff,23,-0.20399999999999996,0.6585137143520011,0.0855625173413626,0.25592376830663605
random_forest,data_confidence_diff,24,-0.20399999999999996,0.1289052443757572,0.6485771364233801,0.22251761920086263
random_forest,data_confidence_diff,25,-0.20399999999999996,0.6096960167268017,0.10004268720182859,0.29026129607136947
random_forest,data_confidence_diff,26,-0.20399999999999996,0.6462873934585774,0.023696556779258336,0.3300160497621645
random_forest,data_confidence_diff,27,-0.20399999999999996,0.12919327929815647,0.43505226270496106,0.4357544579968828
random_forest,data_confidence_diff,28,-0.20399999999999996,0.6363498831758652,0.13364432396622328,0.23000579285791126
random_forest,data_confidence_diff,29,-0.20399999999999996,0.4006715130414662,0.2885065366260213,0.3108219503325127
random_forest,data_confidence_diff,30,-0.20399999999999996,0.049763927716917074,0.5068352145363629,0.4434008577467204
random_forest,data_confidence_diff,31,-0.20399999999999996,0.018280051444729436,0.7885422303633755,0.193177718191895
random_forest,data_confidence_diff,32,-0.20399999999999996,0.48684702130664476,0.26419985038413035,0.2489531283092249
random_forest,data_confidence_diff,33,-0.20399999999999996,0.6119962464747618,0.15675483119238723,0.23124892233285044
random_forest,data_confidence_diff,34,-0.20399999999999996,0.4192353398826458,0.3294193753119763,0.25134528480537777
random_forest,data_confidence_diff,35,-0.20399999999999996,0.7619350454615295,0.06656426414448614,0.17150069039398422
random_forest,data_confidence_diff,36,-0.20399999999999996,0.44398248270295454,0.256887272902439,0.29913024439460684
random_forest,data_confidence_diff,37,-0.20399999999999996,0.024614549787081885,0.8054260828421579,0.16995936737076037
random_forest,data_confidence_diff,38,-0.20399999999999996,0.3825390446575904,0.21094093909514464,0.4065200162472651
random_forest,data_confidence_diff,39,-0.20399999999999996,0.8358726490315083,0.023497107110618736,0.14063024385787298
random_forest,data_confidence_diff,40,-0.20399999999999996,0.3483904058249729,0.3435003137369677,0.30810928043805946
random_forest,data_confidence_diff,41,-0.20399999999999996,0.0235427358333949,0.8242465245327657,0.15221073963383938
random_forest,data_confidence_diff,42,-0.20399999999999996,0.6703586050263333,0.024257842851538727,0.30538355212212787
random_forest,data_confidence_diff,43,-0.20399999999999996,0.22915173484589588,0.37073328313685394,0.40011498201725026
random_forest,data_confidence_diff,44,-0.20399999999999996,0.08330647328137504,0.7171847858008437,0.19950874091778126
random_forest,data_confidence_diff,45,-0.20399999999999996,0.4473767649844145,0.17618551525820692,0.3764377197573787
random_forest,data_confidence_diff,46,-0.20399999999999996,0.06174594042744774,0.6782257717328876,0.26002828783966464
random_forest,data_confidence_diff,47,-0.20399999999999996,0.15226973014125472,0.5007064237722729,0.3470238460864725
random_forest,data_confidence_diff,48,-0.20399999999999996,0.7443875741198712,0.10112601342688703,0.1544864124532417
random_forest,data_confidence_diff,49,-0.20399999999999996,0.4304904220619112,0.22109991545288996,0.3484096624851987
random_forest,data_confidence_diff,0,-0.15799999999999992,0.221530813894351,0.42540597749994724,0.3530632086057019
random_forest,data_confidence_diff,1,-0.15799999999999992,0.11516419142617555,0.5120246456626155,0.37281116291120936
random_forest,data_confidence_diff,2,-0.15799999999999992,0.250192810673626,0.44172852364640475,0.3080786656799692
random_forest,data_confidence_diff,3,-0.15799999999999992,0.19877724045649692,0.44145027465724374,0.3597724848862593
random_forest,data_confidence_diff,4,-0.15799999999999992,0.017422989004783625,0.7515016628240391,0.23107534817117728
random_forest,data_confidence_diff,5,-0.15799999999999992,0.06249881501923429,0.6684060642522002,0.2690951207285656
random_forest,data_confidence_diff,6,-0.15799999999999992,0.07063652606323449,0.6410242815988915,0.2883391923378741
random_forest,data_confidence_diff,7,-0.15799999999999992,0.09739333994494037,0.6941143084362404,0.20849235161881885
random_forest,data_confidence_diff,8,-0.15799999999999992,0.21189013455955408,0.4699660458539872,0.31814381958645865
random_forest,data_confidence_diff,9,-0.15799999999999992,0.6949448452380613,0.11605146474107535,0.18900369002086345
random_forest,data_confidence_diff,10,-0.15799999999999992,0.6682743159183802,0.15544735770903118,0.17627832637258842
random_forest,data_confidence_diff,11,-0.15799999999999992,0.10620045326170995,0.5019390413369168,0.3918605054013735
random_forest,data_confidence_diff,12,-0.15799999999999992,0.18402266983429053,0.4186235255627995,0.39735380460291
random_forest,data_confidence_diff,13,-0.15799999999999992,0.2290356602577586,0.4838581632804286,0.28710617646181263
random_forest,data_confidence_diff,14,-0.15799999999999992,0.7373021864062371,0.03170888981806313,0.23098892377569977
random_forest,data_confidence_diff,15,-0.15799999999999992,0.38699710863737363,0.19130615875585302,0.4216967326067735
random_forest,data_confidence_diff,16,-0.15799999999999992,0.7787454799019078,0.030704323109768686,0.1905501969883234
random_forest,data_confidence_diff,17,-0.15799999999999992,0.7003131492107767,0.06876745185782158,0.23091939893140168
random_forest,data_confidence_diff,18,-0.15799999999999992,0.7293687092932988,0.04385935508327828,0.226771935623423
random_forest,data_confidence_diff,19,-0.15799999999999992,0.0791951885365421,0.5495509966078428,0.3712538148556151
random_forest,data_confidence_diff,20,-0.15799999999999992,0.6342985363526009,0.08122817870003378,0.2844732849473653
random_forest,data_confidence_diff,21,-0.15799999999999992,0.03992201859662871,0.6971278424429053,0.2629501389604661
random_forest,data_confidence_diff,22,-0.15799999999999992,0.035217750800185854,0.852850077132271,0.11193217206754334
random_forest,data_confidence_diff,23,-0.15799999999999992,0.6581756101941872,0.08525720549805677,0.2565671843077556
random_forest,data_confidence_diff,24,-0.15799999999999992,0.1290613312881729,0.6470862362478194,0.22385243246400768
random_forest,data_confidence_diff,25,-0.15799999999999992,0.6082092027382582,0.10082393902362914,0.29096685823811247
random_forest,data_confidence_diff,26,-0.15799999999999992,0.6479103085816521,0.02407250302243726,0.3280171883959107
random_forest,data_confidence_diff,27,-0.15799999999999992,0.13055362873139917,0.42166345625725216,0.44778291501134876
random_forest,data_confidence_diff,28,-0.15799999999999992,0.6311481001809989,0.13291337780883128,0.2359385220101696
random_forest,data_confidence_diff,29,-0.15799999999999992,0.4006715130414662,0.2885065366260213,0.3108219503325127
random_forest,data_confidence_diff,30,-0.15799999999999992,0.048301387179452565,0.5055151851655423,0.44618342765500546
random_forest,data_confidence_diff,31,-0.15799999999999992,0.018280051444729436,0.7903547740391267,0.19136517451614377
random_forest,data_confidence_diff,32,-0.15799999999999992,0.4855125052419815,0.2669677223763018,0.24751977238171682
random_forest,data_confidence_diff,33,-0.15799999999999992,0.6287519325608871,0.1604118806476098,0.21083618679150265
random_forest,data_confidence_diff,34,-0.15799999999999992,0.4230539523183554,0.3287053183399129,0.24824072934173158
random_forest,data_confidence_diff,35,-0.15799999999999992,0.7680066028508633,0.06382558367554855,0.168167813473588
random_forest,data_confidence_diff,36,-0.15799999999999992,0.4390487421626485,0.25181608145769147,0.3091351763796604
random_forest,data_confidence_diff,37,-0.15799999999999992,0.02399344737310435,0.7976224470253389,0.17838410560155693
random_forest,data_confidence_diff,38,-0.15799999999999992,0.3819728998803446,0.20666916378566283,0.4113579363339926
random_forest,data_confidence_diff,39,-0.15799999999999992,0.8389597041086634,0.024009519823226317,0.13703077606811045
random_forest,data_confidence_diff,40,-0.15799999999999992,0.34582094094314814,0.3465106637866096,0.30766839527024226
random_forest,data_confidence_diff,41,-0.15799999999999992,0.0235427358333949,0.8226579433501957,0.15379932081640937
random_forest,data_confidence_diff,42,-0.15799999999999992,0.6700045153224661,0.02473515437309141,0.30526033030444233
random_forest,data_confidence_diff,43,-0.15799999999999992,0.21173586980985434,0.36511412806082905,0.42315000212931686
random_forest,data_confidence_diff,44,-0.15799999999999992,0.08337412619797724,0.7128870200002098,0.2037388538018128
random_forest,data_confidence_diff,45,-0.15799999999999992,0.43962163348334715,0.1756769399734063,0.3847014265432465
random_forest,data_confidence_diff,46,-0.15799999999999992,0.06195693710323636,0.6759950726458511,0.26204799025091224
random_forest,data_confidence_diff,47,-0.15799999999999992,0.15421722812244032,0.49086008511359164,0.3549226867639681
random_forest,data_confidence_diff,48,-0.15799999999999992,0.7537254280396858,0.09733962345937008,0.14893494850094396
random_forest,data_confidence_diff,49,-0.15799999999999992,0.43555654174288855,0.2185011804928858,0.34594227776422554
random_forest,data_confidence_diff,0,-0.11499999999999999,0.2176045982926099,0.4271071277918907,0.3552882739154995
random_forest,data_confidence_diff,1,-0.11499999999999999,0.11555081963968895,0.5079224585990899,0.3765267217612216
random_forest,data_confidence_diff,2,-0.11499999999999999,0.2518896436153534,0.4519304729882215,0.296179883396425
random_forest,data_confidence_diff,3,-0.11499999999999999,0.19879036102452785,0.4441403423001489,0.3570692966753232
random_forest,data_confidence_diff,4,-0.11499999999999999,0.020243862209155607,0.7347382701976822,0.24501786759316235
random_forest,data_confidence_diff,5,-0.11499999999999999,0.06288544323274771,0.6643038771886747,0.27281067957857785
random_forest,data_confidence_diff,6,-0.11499999999999999,0.07662622441954393,0.6373889603518673,0.2859848152285887
random_forest,data_confidence_diff,7,-0.11499999999999999,0.0928057628896307,0.6987018854915501,0.20849235161881885
random_forest,data_confidence_diff,8,-0.11499999999999999,0.21085488869660104,0.4818465774680085,0.30729853383539035
random_forest,data_confidence_diff,9,-0.11499999999999999,0.6917148945295737,0.11599016327374784,0.19229494219667861
random_forest,data_confidence_diff,10,-0.11499999999999999,0.6788754617226348,0.14981277984068817,0.17131175843667676
random_forest,data_confidence_diff,11,-0.11499999999999999,0.10971672882997674,0.478644391823579,0.41163887934644444
random_forest,data_confidence_diff,12,-0.11499999999999999,0.18402266983429053,0.4186235255627995,0.39735380460291
random_forest,data_confidence_diff,13,-0.11499999999999999,0.23140949891345028,0.49012604636333895,0.27846445472321074
random_forest,data_confidence_diff,14,-0.11499999999999999,0.7452501063097614,0.03192351988172462,0.22282637380851403
random_forest,data_confidence_diff,15,-0.11499999999999999,0.3887949817440588,0.19219577280944924,0.41900924544649215
random_forest,data_confidence_diff,16,-0.11499999999999999,0.7779865593735127,0.031397351371540386,0.19061608925494677
random_forest,data_confidence_diff,17,-0.11499999999999999,0.7201910719082353,0.06745772719620187,0.2123512008955628
random_forest,data_confidence_diff,18,-0.11499999999999999,0.7293687092932988,0.04385935508327828,0.226771935623423
random_forest,data_confidence_diff,19,-0.11499999999999999,0.07996054051788468,0.5479338629154439,0.37210559656667147
random_forest,data_confidence_diff,20,-0.11499999999999999,0.6309733029778869,0.07949204616773183,0.2895346508543812
random_forest,data_confidence_diff,21,-0.11499999999999999,0.04065470067259332,0.6879256050727559,0.2714196942546507
random_forest,data_confidence_diff,22,-0.11499999999999999,0.036081611261391026,0.8489732486341918,0.11494514010441746
random_forest,data_confidence_diff,23,-0.11499999999999999,0.6592648639503532,0.0890307072253405,0.2517044288243059
random_forest,data_confidence_diff,24,-0.11499999999999999,0.12786180054292107,0.6418109528865984,0.2303272465704805
random_forest,data_confidence_diff,25,-0.11499999999999999,0.6092984564944243,0.10459744075091289,0.28610410275466264
random_forest,data_confidence_diff,26,-0.11499999999999999,0.6479103085816521,0.02407250302243726,0.3280171883959107
random_forest,data_confidence_diff,27,-0.11499999999999999,0.13895458034098318,0.3936411198026064,0.46740429985641047
random_forest,data_confidence_diff,28,-0.11499999999999999,0.6351305274481672,0.13131273030161325,0.2335567422502193
random_forest,data_confidence_diff,29,-0.11499999999999999,0.4007149495334217,0.28762643443376107,0.31165861603281747
random_forest,data_confidence_diff,30,-0.11499999999999999,0.04987262181855449,0.5045612681837817,0.44556610999766405
random_forest,data_confidence_diff,31,-0.11499999999999999,0.019143911905934598,0.7864779455410474,0.19437814255301789
random_forest,data_confidence_diff,32,-0.11499999999999999,0.4963256772384599,0.2640011067630798,0.2396732159984604
random_forest,data_confidence_diff,33,-0.11499999999999999,0.6333951398355456,0.15857318025473174,0.20803167990972218
random_forest,data_confidence_diff,34,-0.11499999999999999,0.4276906529105741,0.3231831852677531,0.24912616182167266
random_forest,data_confidence_diff,35,-0.11499999999999999,0.7840369715981131,0.06300101123590252,0.15296201716598418
random_forest,data_confidence_diff,36,-0.11499999999999999,0.4316621846063547,0.2547705638355379,0.31356725155810766
random_forest,data_confidence_diff,37,-0.11499999999999999,0.02509985680993708,0.7855780497039465,0.18932209348611637
random_forest,data_confidence_diff,38,-0.11499999999999999,0.3853503816727692,0.21496340260795554,0.3996862157192754
random_forest,data_confidence_diff,39,-0.11499999999999999,0.8389597041086634,0.024009519823226317,0.13703077606811045
random_forest,data_confidence_diff,40,-0.11499999999999999,0.34839845491306937,0.35370981787878075,0.29789172720814994
random_forest,data_confidence_diff,41,-0.11499999999999999,0.01896007034776417,0.8215154766582783,0.15952445299395765
random_forest,data_confidence_diff,42,-0.11499999999999999,0.6700045153224661,0.02473515437309141,0.30526033030444233
random_forest,data_confidence_diff,43,-0.11499999999999999,0.21263154641014473,0.3683356736397145,0.419032779950141
random_forest,data_confidence_diff,44,-0.11499999999999999,0.08404915640083266,0.7093673117937381,0.2065835318054291
random_forest,data_confidence_diff,45,-0.11499999999999999,0.44136774041178445,0.1767539778918816,0.38187828169633403
random_forest,data_confidence_diff,46,-0.11499999999999999,0.06234356531674978,0.6718928855823257,0.26576354910092453
random_forest,data_confidence_diff,47,-0.11499999999999999,0.15439370070247796,0.4944909547075044,0.35111534459001775
random_forest,data_confidence_diff,48,-0.11499999999999999,0.7703689333427431,0.08986136122949519,0.13976970542776138
random_forest,data_confidence_diff,49,-0.11499999999999999,0.4345994230461943,0.21684151706446986,0.3485590598893356
random_forest,data_confidence_diff,0,-0.07800000000000007,0.20942361997888823,0.4319333047018797,0.3586430753192322
random_forest,data_confidence_diff,1,-0.07800000000000007,0.10736984132596729,0.5127486355090789,0.37988152316495416
random_forest,data_confidence_diff,2,-0.07800000000000007,0.2515936371877858,0.4795785091329747,0.26882785367923934
random_forest,data_confidence_diff,3,-0.07800000000000007,0.19839951328396607,0.44129083396060254,0.36030965275543125
random_forest,data_confidence_diff,4,-0.07800000000000007,0.02082390703668806,0.7087990594308132,0.27037703353249876
random_forest,data_confidence_diff,5,-0.07800000000000007,0.05499037210386521,0.6675926117668981,0.2774170161292367
random_forest,data_confidence_diff,6,-0.07800000000000007,0.07584220043544049,0.640297190967107,0.2838606085974524
random_forest,data_confidence_diff,7,-0.07800000000000007,0.09282017564078603,0.6975357173834547,0.20964410697575897
random_forest,data_confidence_diff,8,-0.07800000000000007,0.21183791888687242,0.49903170167404703,0.28913037943908054
random_forest,data_confidence_diff,9,-0.07800000000000007,0.6908987821983357,0.11605665834981954,0.19304455945184482
random_forest,data_confidence_diff,10,-0.07800000000000007,0.6820193194206853,0.15063598435675002,0.1673446962225645
random_forest,data_confidence_diff,11,-0.07800000000000007,0.10746544738606774,0.47847357552144665,0.41406097709248585
random_forest,data_confidence_diff,12,-0.07800000000000007,0.18126669257440378,0.4232778889337991,0.3954554184917973
random_forest,data_confidence_diff,13,-0.07800000000000007,0.22959180722495634,0.49586305910535927,0.2745451336696842
random_forest,data_confidence_diff,14,-0.07800000000000007,0.7735814367598302,0.031225843361370118,0.19519271987879974
random_forest,data_confidence_diff,15,-0.07800000000000007,0.38743640618037795,0.19049292510974136,0.4220706687098808
random_forest,data_confidence_diff,16,-0.07800000000000007,0.7770503594604866,0.031686074215558475,0.19126356632395491
random_forest,data_confidence_diff,17,-0.07800000000000007,0.7318298447338263,0.06902875552466546,0.19914139974150835
random_forest,data_confidence_diff,18,-0.07800000000000007,0.7407031494512788,0.0438439140470645,0.21545293650165687
random_forest,data_confidence_diff,19,-0.07800000000000007,0.08024644770272386,0.5445978490452059,0.3751557032520703
random_forest,data_confidence_diff,20,-0.07800000000000007,0.6146189568246833,0.07801234902875774,0.3073686941465588
random_forest,data_confidence_diff,21,-0.07800000000000007,0.04026766692365158,0.6772668392321318,0.2824654938442163
random_forest,data_confidence_diff,22,-0.07800000000000007,0.036381931197385545,0.8444710666558581,0.11914700214675639
random_forest,data_confidence_diff,23,-0.07800000000000007,0.663394587614879,0.08653725236020647,0.2500681600249141
random_forest,data_confidence_diff,24,-0.07800000000000007,0.1286724514329506,0.6474707698724669,0.22385677869458245
random_forest,data_confidence_diff,25,-0.07800000000000007,0.6097754500993139,0.10481940675453962,0.28540514314614623
random_forest,data_confidence_diff,26,-0.07800000000000007,0.6502628066808185,0.02435557607732282,0.3253816172418588
random_forest,data_confidence_diff,27,-0.07800000000000007,0.13895458034098318,0.3936411198026064,0.46740429985641047
random_forest,data_confidence_diff,28,-0.07800000000000007,0.6489520426408679,0.1306040517632002,0.22044390559593152
random_forest,data_confidence_diff,29,-0.07800000000000007,0.40639269576414866,0.30103878565856673,0.2925685185772848
random_forest,data_confidence_diff,30,-0.07800000000000007,0.05059037128287163,0.5004384484338581,0.4489711802832705
random_forest,data_confidence_diff,31,-0.07800000000000007,0.01803493969919125,0.7853052501477801,0.19665981015302855
random_forest,data_confidence_diff,32,-0.07800000000000007,0.4920019579434916,0.2724988183359434,0.235499223720565
random_forest,data_confidence_diff,33,-0.07800000000000007,0.632239747343436,0.1627535636584067,0.20500668899815688
random_forest,data_confidence_diff,34,-0.07800000000000007,0.43541120573035746,0.31906079546736366,0.24552799880227869
random_forest,data_confidence_diff,35,-0.07800000000000007,0.805544108188781,0.06508307739207157,0.1293728144191474
random_forest,data_confidence_diff,36,-0.07800000000000007,0.4455179695265177,0.2632188138003637,0.291263216673119
random_forest,data_confidence_diff,37,-0.07800000000000007,0.02265320752449869,0.7848039383233095,0.19254285415219186
random_forest,data_confidence_diff,38,-0.07800000000000007,0.38273688544416545,0.21732546695598653,0.3999376475998481
random_forest,data_confidence_diff,39,-0.07800000000000007,0.8503564965754317,0.025117808597715896,0.12452569482685244
random_forest,data_confidence_diff,40,-0.07800000000000007,0.3635909676047164,0.3501357567684109,0.2862732756268726
random_forest,data_confidence_diff,41,-0.07800000000000007,0.0189744830989195,0.8143285298265153,0.16669698707456515
random_forest,data_confidence_diff,42,-0.07800000000000007,0.6722623202705647,0.024753278392488563,0.3029844013369466
random_forest,data_confidence_diff,43,-0.07800000000000007,0.21822554987622886,0.3716682446342961,0.41010620548947524
random_forest,data_confidence_diff,44,-0.07800000000000007,0.08277366095069434,0.7050632927258634,0.2121630463234421
random_forest,data_confidence_diff,45,-0.07800000000000007,0.4376860480413161,0.17644878039036746,0.3858651715683164
random_forest,data_confidence_diff,46,-0.07800000000000007,0.053983159481270825,0.6803125695215627,0.26570427099716626
random_forest,data_confidence_diff,47,-0.07800000000000007,0.15163772344259124,0.49914531807850393,0.34921695847890494
random_forest,data_confidence_diff,48,-0.07800000000000007,0.7938832439516185,0.08915989509337159,0.11695686095500973
random_forest,data_confidence_diff,49,-0.07800000000000007,0.4345994230461943,0.21684151706446986,0.3485590598893356
random_forest,data_confidence_diff,0,-0.04700000000000004,0.2127723703247019,0.42843014147616265,0.35879748819913554
random_forest,data_confidence_diff,1,-0.04700000000000004,0.11073810360573964,0.5022054936956145,0.3870564026986462
random_forest,data_confidence_diff,2,-0.04700000000000004,0.2591920057319627,0.4789228688454168,0.26188512542262027
random_forest,data_confidence_diff,3,-0.04700000000000004,0.19815393719972593,0.43509450253322,0.3667515602670539
random_forest,data_confidence_diff,4,-0.04700000000000004,0.023015909621645028,0.7225501672064807,0.25443392317187447
random_forest,data_confidence_diff,5,-0.04700000000000004,0.05619080292226752,0.6623109270748685,0.28149827000286415
random_forest,data_confidence_diff,6,-0.04700000000000004,0.0691345502842481,0.6428483124629388,0.288017137252813
random_forest,data_confidence_diff,7,-0.04700000000000004,0.09345079017607322,0.6977199621448736,0.20882924767905284
random_forest,data_confidence_diff,8,-0.04700000000000004,0.21382002500736097,0.5124152644410418,0.27376471055159723
random_forest,data_confidence_diff,9,-0.04700000000000004,0.6908987821983357,0.11605665834981954,0.19304455945184482
random_forest,data_confidence_diff,10,-0.04700000000000004,0.6801103381242001,0.15435270868011866,0.16553695319568112
random_forest,data_confidence_diff,11,-0.04700000000000004,0.10973064562689289,0.461986655158396,0.42828269921471146
random_forest,data_confidence_diff,12,-0.04700000000000004,0.17957891818141994,0.4221047566048508,0.3983163252137292
random_forest,data_confidence_diff,13,-0.04700000000000004,0.2277603308365659,0.5054847451794785,0.2667549239839554
random_forest,data_confidence_diff,14,-0.04700000000000004,0.7780477104576317,0.030591531664850197,0.19136075787751824
random_forest,data_confidence_diff,15,-0.04700000000000004,0.3935721341792391,0.19612797750301517,0.41029988831774594
random_forest,data_confidence_diff,16,-0.04700000000000004,0.7770503594604866,0.031686074215558475,0.19126356632395491
random_forest,data_confidence_diff,17,-0.04700000000000004,0.7318298447338263,0.06902875552466546,0.19914139974150835
random_forest,data_confidence_diff,18,-0.04700000000000004,0.7431298689371376,0.04141719456120569,0.21545293650165687
random_forest,data_confidence_diff,19,-0.04700000000000004,0.08395588402499886,0.5400907336881108,0.3759533822868904
random_forest,data_confidence_diff,20,-0.04700000000000004,0.6146189568246833,0.07801234902875774,0.3073686941465588
random_forest,data_confidence_diff,21,-0.04700000000000004,0.04098249962618528,0.6772602844901899,0.2817572158836246
random_forest,data_confidence_diff,22,-0.04700000000000004,0.03655226948044258,0.8428232463909483,0.12062448412860906
random_forest,data_confidence_diff,23,-0.04700000000000004,0.663394587614879,0.08653725236020647,0.2500681600249141
random_forest,data_confidence_diff,24,-0.04700000000000004,0.1279290725956403,0.6448681585036753,0.22720276890068433
random_forest,data_confidence_diff,25,-0.04700000000000004,0.6097754500993139,0.10481940675453962,0.28540514314614623
random_forest,data_confidence_diff,26,-0.04700000000000004,0.6502628066808185,0.02435557607732282,0.3253816172418588
random_forest,data_confidence_diff,27,-0.04700000000000004,0.14092492844987364,0.3934960121462539,0.4655790594038725
random_forest,data_confidence_diff,28,-0.04700000000000004,0.6529061593122087,0.12518821449492565,0.22190562619286527
random_forest,data_confidence_diff,29,-0.04700000000000004,0.41289128144940984,0.3044147713024387,0.28269394724815156
random_forest,data_confidence_diff,30,-0.04700000000000004,0.0508938430773058,0.5086709449268098,0.4404352119958847
random_forest,data_confidence_diff,31,-0.04700000000000004,0.0182387678761458,0.7743496731846181,0.20741155893923602
random_forest,data_confidence_diff,32,-0.04700000000000004,0.47717531008174485,0.2916817110005211,0.23114297891773408
random_forest,data_confidence_diff,33,-0.04700000000000004,0.6244439284252702,0.16385819819690575,0.21169787337782361
random_forest,data_confidence_diff,34,-0.04700000000000004,0.4233741449780755,0.33368216022254393,0.24294369479938047
random_forest,data_confidence_diff,35,-0.04700000000000004,0.805544108188781,0.06508307739207157,0.1293728144191474
random_forest,data_confidence_diff,36,-0.04700000000000004,0.4394680958159307,0.27000892445761965,0.2905229797264499
random_forest,data_confidence_diff,37,-0.04700000000000004,0.02355031288271771,0.787763754777175,0.18868593234010733
random_forest,data_confidence_diff,38,-0.04700000000000004,0.3871760207107032,0.22152912396453436,0.39129485532476255
random_forest,data_confidence_diff,39,-0.04700000000000004,0.855367821708211,0.02415854756937143,0.12047363072241764
random_forest,data_confidence_diff,40,-0.04700000000000004,0.3580737851436579,0.3505985908152134,0.29132762404112866
random_forest,data_confidence_diff,41,-0.04700000000000004,0.019540486159821235,0.8158978632084558,0.16456165063172304
random_forest,data_confidence_diff,42,-0.04700000000000004,0.6722623202705647,0.024753278392488563,0.3029844013369466
random_forest,data_confidence_diff,43,-0.04700000000000004,0.22793297497711887,0.3743406535634208,0.3977263714594604
random_forest,data_confidence_diff,44,-0.04700000000000004,0.0833177541642522,0.6970552574894026,0.2196269883463452
random_forest,data_confidence_diff,45,-0.04700000000000004,0.44304844132015303,0.18026663128874024,0.37668492739110676
random_forest,data_confidence_diff,46,-0.04700000000000004,0.05491703510156621,0.6845262510589919,0.26055671383944157
random_forest,data_confidence_diff,47,-0.04700000000000004,0.15244970417682494,0.49753041519368185,0.3500198806294934
random_forest,data_confidence_diff,48,-0.04700000000000004,0.7938832439516185,0.08915989509337159,0.11695686095500973
random_forest,data_confidence_diff,49,-0.04700000000000004,0.4372623339983557,0.219974182794586,0.34276348320705813
random_forest,data_confidence_diff,0,-0.02520714285714291,0.21671358609410088,0.42896436153168355,0.3543220523742155
random_forest,data_confidence_diff,1,-0.02520714285714291,0.11348203792910294,0.5098782260389179,0.3766397360319796
random_forest,data_confidence_diff,2,-0.02520714285714291,0.2591920057319627,0.4789228688454168,0.26188512542262027
random_forest,data_confidence_diff,3,-0.02520714285714291,0.19815393719972593,0.43509450253322,0.3667515602670539
random_forest,data_confidence_diff,4,-0.02520714285714291,0.023015909621645028,0.7225501672064807,0.25443392317187447
random_forest,data_confidence_diff,5,-0.02520714285714291,0.05619080292226752,0.6623109270748685,0.28149827000286415
random_forest,data_confidence_diff,6,-0.02520714285714291,0.06457853589446125,0.6418050930265639,0.29361637107897487
random_forest,data_confidence_diff,7,-0.02520714285714291,0.09345079017607322,0.6977199621448736,0.20882924767905284
random_forest,data_confidence_diff,8,-0.02520714285714291,0.20752349647384924,0.5270365323516154,0.2654399711745354
random_forest,data_confidence_diff,9,-0.02520714285714291,0.6887131755264675,0.11295801549286377,0.19832880898066882
random_forest,data_confidence_diff,10,-0.02520714285714291,0.6801103381242001,0.15435270868011866,0.16553695319568112
random_forest,data_confidence_diff,11,-0.02520714285714291,0.11247457995025618,0.4696593875016993,0.4178660325480448
random_forest,data_confidence_diff,12,-0.02520714285714291,0.17957891818141994,0.4221047566048508,0.3983163252137292
random_forest,data_confidence_diff,13,-0.02520714285714291,0.21873339395808758,0.5260559368979228,0.25521066914398943
random_forest,data_confidence_diff,14,-0.02520714285714291,0.7805971794004366,0.02995168933734999,0.18945113126221336
random_forest,data_confidence_diff,15,-0.02520714285714291,0.4021422684571525,0.18967924472596878,0.4081784868168788
random_forest,data_confidence_diff,16,-0.02520714285714291,0.7795998284032916,0.031046231888058263,0.18935393970864997
random_forest,data_confidence_diff,17,-0.02520714285714291,0.7331801946956947,0.07099470146639957,0.19582510383790583
random_forest,data_confidence_diff,18,-0.02520714285714291,0.751459221830623,0.039067550391393625,0.20947322777798352
random_forest,data_confidence_diff,19,-0.02520714285714291,0.08395588402499886,0.5400907336881108,0.3759533822868904
random_forest,data_confidence_diff,20,-0.02520714285714291,0.6146189568246833,0.07801234902875774,0.3073686941465588
random_forest,data_confidence_diff,21,-0.02520714285714291,0.04098249962618528,0.6772602844901899,0.2817572158836246
random_forest,data_confidence_diff,22,-0.02520714285714291,0.03651226568309646,0.8370030349681382,0.12648469934876558
random_forest,data_confidence_diff,23,-0.02520714285714291,0.663394587614879,0.08653725236020647,0.2500681600249141
random_forest,data_confidence_diff,24,-0.02520714285714291,0.12889203766757115,0.6398604168792842,0.23124754545314463
random_forest,data_confidence_diff,25,-0.02520714285714291,0.6097754500993139,0.10481940675453962,0.28540514314614623
random_forest,data_confidence_diff,26,-0.02520714285714291,0.6527007974017321,0.021917585356409183,0.3253816172418588
random_forest,data_confidence_diff,27,-0.02520714285714291,0.1391875039275922,0.4000367010213958,0.460775795051012
random_forest,data_confidence_diff,28,-0.02520714285714291,0.6529061593122087,0.12518821449492565,0.22190562619286527
random_forest,data_confidence_diff,29,-0.02520714285714291,0.4150597038075901,0.31682516629420493,0.268115129898205
random_forest,data_confidence_diff,30,-0.02520714285714291,0.0508938430773058,0.5086709449268098,0.4404352119958847
random_forest,data_confidence_diff,31,-0.02520714285714291,0.018437637160522807,0.7650868843153397,0.21647547852413743
random_forest,data_confidence_diff,32,-0.02520714285714291,0.46829088799695756,0.3045780471707099,0.22713106483233267
random_forest,data_confidence_diff,33,-0.02520714285714291,0.6248312060070018,0.16317235287178916,0.21199644112120855
random_forest,data_confidence_diff,34,-0.02520714285714291,0.4155037676241222,0.34155253757649734,0.24294369479938047
random_forest,data_confidence_diff,35,-0.02520714285714291,0.8103960045761816,0.06500232382426761,0.12460167159955089
random_forest,data_confidence_diff,36,-0.02520714285714291,0.4400235537376233,0.27981077598278076,0.28016567027959627
random_forest,data_confidence_diff,37,-0.02520714285714291,0.02355031288271771,0.787763754777175,0.18868593234010733
random_forest,data_confidence_diff,38,-0.02520714285714291,0.3874947077178598,0.22258992303472722,0.3899153692474131
random_forest,data_confidence_diff,39,-0.02520714285714291,0.8579172906510161,0.023518705241871222,0.1185640041071127
random_forest,data_confidence_diff,40,-0.02520714285714291,0.3580737851436579,0.3505985908152134,0.29132762404112866
random_forest,data_confidence_diff,41,-0.02520714285714291,0.016649885602031806,0.8059938852113727,0.17735622918659547
random_forest,data_confidence_diff,42,-0.02520714285714291,0.6722623202705647,0.024753278392488563,0.3029844013369466
random_forest,data_confidence_diff,43,-0.02520714285714291,0.22793297497711887,0.3743406535634208,0.3977263714594604
random_forest,data_confidence_diff,44,-0.02520714285714291,0.08327775036690609,0.6912350460665921,0.22548720356650168
random_forest,data_confidence_diff,45,-0.02520714285714291,0.44868687295821325,0.18577858319051008,0.36553454385127665
random_forest,data_confidence_diff,46,-0.02520714285714291,0.05491703510156621,0.6845262510589919,0.26055671383944157
random_forest,data_confidence_diff,47,-0.02520714285714291,0.15244970417682494,0.49753041519368185,0.3500198806294934
random_forest,data_confidence_diff,48,-0.02520714285714291,0.7965220195014747,0.08652111954351537,0.11695686095500973
random_forest,data_confidence_diff,49,-0.02520714285714291,0.4458324682762691,0.21352545001753961,0.34064208170619104
random_forest,data_confidence_diff,0,0.0004999999999998867,0.21671358609410088,0.42896436153168355,0.3543220523742155
random_forest,data_confidence_diff,1,0.0004999999999998867,0.11303007987928865,0.5106826179834876,0.3762873021372242
random_forest,data_confidence_diff,2,0.0004999999999998867,0.2591920057319627,0.4789228688454168,0.26188512542262027
random_forest,data_confidence_diff,3,0.0004999999999998867,0.19999792257483218,0.43706206849796575,0.3629400089272019
random_forest,data_confidence_diff,4,0.0004999999999998867,0.024171910154602964,0.7109854562760267,0.2648426335693704
random_forest,data_confidence_diff,5,0.0004999999999998867,0.05600472596514322,0.6644164311549788,0.27957884287987805
random_forest,data_confidence_diff,6,0.0004999999999998867,0.06551768933501316,0.6302533012792273,0.30422900938575953
random_forest,data_confidence_diff,7,0.0004999999999998867,0.09199769777219809,0.6894192650601222,0.21858303716767938
random_forest,data_confidence_diff,8,0.0004999999999998867,0.21294755543936497,0.5204420454125871,0.2666103991480479
random_forest,data_confidence_diff,9,0.0004999999999998867,0.6847216429200208,0.11466209287484681,0.20061626420513257
random_forest,data_confidence_diff,10,0.0004999999999998867,0.6801103381242001,0.15435270868011866,0.16553695319568112
random_forest,data_confidence_diff,11,0.0004999999999998867,0.11320634408202773,0.47133564971197944,0.41545800620599316
random_forest,data_confidence_diff,12,0.0004999999999998867,0.17957891818141994,0.4221047566048508,0.3983163252137292
random_forest,data_confidence_diff,13,0.0004999999999998867,0.2242319132414392,0.5167686289332495,0.2589994578253112
random_forest,data_confidence_diff,14,0.0004999999999998867,0.7805971794004366,0.02995168933734999,0.18945113126221336
random_forest,data_confidence_diff,15,0.0004999999999998867,0.40316937446967044,0.19130503050293277,0.4055255950273968
random_forest,data_confidence_diff,16,0.0004999999999998867,0.771671304107021,0.030243010789233648,0.19808568510374527
random_forest,data_confidence_diff,17,0.0004999999999998867,0.7306086262759669,0.07368534286557855,0.19570603085845462
random_forest,data_confidence_diff,18,0.0004999999999998867,0.749575022898752,0.03863628070473793,0.2117886963965103
random_forest,data_confidence_diff,19,0.0004999999999998867,0.08407721130854473,0.5333018474760084,0.3826209412154469
random_forest,data_confidence_diff,20,0.0004999999999998867,0.6081967764138162,0.07758107934210205,0.31422214424408174
random_forest,data_confidence_diff,21,0.0004999999999998867,0.040972898851691315,0.6792213114124684,0.27980578973583997
random_forest,data_confidence_diff,22,0.0004999999999998867,0.03775677232695695,0.8248497149929794,0.13739351268006383
random_forest,data_confidence_diff,23,0.0004999999999998867,0.6601914915182386,0.08499195956590205,0.2548165489158589
random_forest,data_confidence_diff,24,0.0004999999999998867,0.12714360730630608,0.6349162100782219,0.237940182615472
random_forest,data_confidence_diff,25,0.0004999999999998867,0.6104721354516667,0.10433816565396957,0.2851896988943635
random_forest,data_confidence_diff,26,0.0004999999999998867,0.6527007974017321,0.021917585356409183,0.3253816172418588
random_forest,data_confidence_diff,27,0.0004999999999998867,0.13991926805936372,0.401712963231676,0.4583677687089604
random_forest,data_confidence_diff,28,0.0004999999999998867,0.6529061593122087,0.12518821449492565,0.22190562619286527
random_forest,data_confidence_diff,29,0.0004999999999998867,0.4239014581826022,0.315150651846207,0.26094788997119084
random_forest,data_confidence_diff,30,0.0004999999999998867,0.0508938430773058,0.5086709449268098,0.4404352119958847
random_forest,data_confidence_diff,31,0.0004999999999998867,0.018607856003178148,0.7404799175268902,0.24091222646993135
random_forest,data_confidence_diff,32,0.0004999999999998867,0.4665843608497254,0.307785655273352,0.22562998387692276
random_forest,data_confidence_diff,33,0.0004999999999998867,0.6248312060070018,0.16317235287178916,0.21199644112120855
random_forest,data_confidence_diff,34,0.0004999999999998867,0.41309798210578474,0.3459581604939414,0.24094385740027388
random_forest,data_confidence_diff,35,0.0004999999999998867,0.8078244361564537,0.0676929652234466,0.1244825986200997
random_forest,data_confidence_diff,36,0.0004999999999998867,0.4400235537376233,0.27981077598278076,0.28016567027959627
random_forest,data_confidence_diff,37,0.0004999999999998867,0.023364235925593415,0.7850028733466807,0.1916328907277259
random_forest,data_confidence_diff,38,0.0004999999999998867,0.3908326519297361,0.22182585387267936,0.3873414941975846
random_forest,data_confidence_diff,39,0.0004999999999998867,0.8579172906510161,0.023518705241871222,0.1185640041071127
random_forest,data_confidence_diff,40,0.0004999999999998867,0.3580737851436579,0.3505985908152134,0.29132762404112866
random_forest,data_confidence_diff,41,0.0004999999999998867,0.016712271763167717,0.7954845693351347,0.1878031589016976
random_forest,data_confidence_diff,42,0.0004999999999998867,0.6712873846528428,0.018999301110397996,0.309713314236759
random_forest,data_confidence_diff,43,0.0004999999999998867,0.22793297497711887,0.3743406535634208,0.3977263714594604
random_forest,data_confidence_diff,44,0.0004999999999998867,0.08304512530929965,0.6758886659239987,0.2410662087667015
random_forest,data_confidence_diff,45,0.0004999999999998867,0.44435598348055155,0.1886349792687065,0.3670090372507419
random_forest,data_confidence_diff,46,0.0004999999999998867,0.05446507705175191,0.6853306430035616,0.26020427994468615
random_forest,data_confidence_diff,47,0.0004999999999998867,0.15432461095079142,0.4979355604547277,0.347739828594481
random_forest,data_confidence_diff,48,0.0004999999999998867,0.7965220195014747,0.08652111954351537,0.11695686095500973
random_forest,data_confidence_diff,49,0.0004999999999998867,0.4434558737407692,0.21150458532586744,0.3450395409333629
random_forest,data_confidence_diff,0,0.025999999999999936,0.2177758194363061,0.43086589251728175,0.35135828804641206
random_forest,data_confidence_diff,1,0.025999999999999936,0.11154944982773198,0.5049969266375017,0.3834536235347666
random_forest,data_confidence_diff,2,0.025999999999999936,0.25826400716395553,0.49360824611083437,0.24812774672521
random_forest,data_confidence_diff,3,0.025999999999999936,0.20162578700777137,0.4430640153720702,0.35531019762015825
random_forest,data_confidence_diff,4,0.025999999999999936,0.024089634903029133,0.7131411817526532,0.2627691833443177
random_forest,data_confidence_diff,5,0.025999999999999936,0.05600472596514322,0.6644164311549788,0.27957884287987805
random_forest,data_confidence_diff,6,0.025999999999999936,0.06539108468092182,0.6312232754359199,0.30338563988315836
random_forest,data_confidence_diff,7,0.025999999999999936,0.09163423147287186,0.6911036709628461,0.21726209756428183
random_forest,data_confidence_diff,8,0.025999999999999936,0.22129573753704326,0.5227900042685723,0.2559142581943844
random_forest,data_confidence_diff,9,0.025999999999999936,0.6912538569162168,0.1150298917894191,0.1937162512943642
random_forest,data_confidence_diff,10,0.025999999999999936,0.6815089575012135,0.1520644840442523,0.166426558454534
random_forest,data_confidence_diff,11,0.025999999999999936,0.1136371631812308,0.46744821005530035,0.41891462676346913
random_forest,data_confidence_diff,12,0.025999999999999936,0.17944528601336865,0.4241993774392719,0.3963553365473594
random_forest,data_confidence_diff,13,0.025999999999999936,0.22634979484775844,0.5244637764612033,0.24918642869103813
random_forest,data_confidence_diff,14,0.025999999999999936,0.7806819816096238,0.029219471115777853,0.19009854727459843
random_forest,data_confidence_diff,15,0.025999999999999936,0.4006437524759392,0.18988598450866467,0.40947026301539613
random_forest,data_confidence_diff,16,0.025999999999999936,0.7730502359083878,0.029251847404253278,0.1976979166873588
random_forest,data_confidence_diff,17,0.025999999999999936,0.7306086262759669,0.07368534286557855,0.19570603085845462
random_forest,data_confidence_diff,18,0.025999999999999936,0.7426555040544249,0.03756045804315104,0.21978403790242437
random_forest,data_confidence_diff,19,0.025999999999999936,0.08312652252766324,0.5323025103814182,0.38457096709091854
random_forest,data_confidence_diff,20,0.025999999999999936,0.6083697653753449,0.07607158356998324,0.31555865105467173
random_forest,data_confidence_diff,21,0.025999999999999936,0.040890623600117484,0.6813770368890949,0.27773233951078735
random_forest,data_confidence_diff,22,0.025999999999999936,0.03775677232695695,0.8248497149929794,0.13739351268006383
random_forest,data_confidence_diff,23,0.025999999999999936,0.666568188172375,0.084622939645481,0.24880887218214373
random_forest,data_confidence_diff,24,0.025999999999999936,0.12949908861733656,0.6325607287671914,0.237940182615472
random_forest,data_confidence_diff,25,0.025999999999999936,0.6104721354516667,0.10433816565396957,0.2851896988943635
random_forest,data_confidence_diff,26,0.025999999999999936,0.6527007974017321,0.021917585356409183,0.3253816172418588
random_forest,data_confidence_diff,27,0.025999999999999936,0.14390471609941324,0.4039868227103631,0.4521084611902236
random_forest,data_confidence_diff,28,0.025999999999999936,0.6529061593122087,0.12518821449492565,0.22190562619286527
random_forest,data_confidence_diff,29,0.025999999999999936,0.43026537355949096,0.3065710466204908,0.2631635798200184
random_forest,data_confidence_diff,30,0.025999999999999936,0.050889469132810235,0.5156263655610949,0.43348416530609524
random_forest,data_confidence_diff,31,0.025999999999999936,0.018607856003178148,0.7320183914690986,0.24937375252772287
random_forest,data_confidence_diff,32,0.025999999999999936,0.4772799744628187,0.2993044662472775,0.2234155592899039
random_forest,data_confidence_diff,33,0.025999999999999936,0.6295026400647564,0.16348793372674567,0.2070094262084974
random_forest,data_confidence_diff,34,0.025999999999999936,0.41585159839562524,0.3471924650447685,0.2369559365596062
random_forest,data_confidence_diff,35,0.025999999999999936,0.8078244361564537,0.0676929652234466,0.1244825986200997
random_forest,data_confidence_diff,36,0.025999999999999936,0.4484792131272773,0.2707036857753023,0.28081710109742075
random_forest,data_confidence_diff,37,0.025999999999999936,0.023364235925593415,0.7850028733466807,0.1916328907277259
random_forest,data_confidence_diff,38,0.025999999999999936,0.3960408884424385,0.21592758397349163,0.38803152758406984
random_forest,data_confidence_diff,39,0.025999999999999936,0.8592962224523828,0.02252754185689086,0.11817623569072626
random_forest,data_confidence_diff,40,0.025999999999999936,0.355750580341407,0.35610425097145554,0.28814516868713735
random_forest,data_confidence_diff,41,0.025999999999999936,0.016712271763167717,0.7870230432773431,0.1962646849594892
random_forest,data_confidence_diff,42,0.025999999999999936,0.663896634791907,0.018999301110397996,0.3171040640976949
random_forest,data_confidence_diff,43,0.025999999999999936,0.23772809296495886,0.37917112274469295,0.38310078429034805
random_forest,data_confidence_diff,44,0.025999999999999936,0.08304512530929965,0.6758886659239987,0.2410662087667015
random_forest,data_confidence_diff,45,0.025999999999999936,0.44956421999325397,0.18273670936951877,0.3676990706372272
random_forest,data_confidence_diff,46,0.025999999999999936,0.05446507705175191,0.6853306430035616,0.26020427994468615
random_forest,data_confidence_diff,47,0.025999999999999936,0.14918617009458593,0.5008989482476109,0.3499148816578031
random_forest,data_confidence_diff,48,0.025999999999999936,0.7965220195014747,0.08652111954351537,0.11695686095500973
random_forest,data_confidence_diff,49,0.025999999999999936,0.4477422076848658,0.21878863197647294,0.3334691603386611
random_forest,data_confidence_diff,0,0.050999999999999934,0.22266691250721285,0.4373870458817795,0.3399460416110076
random_forest,data_confidence_diff,1,0.050999999999999934,0.10911847181279939,0.49871371429371986,0.39216781389348115
random_forest,data_confidence_diff,2,0.050999999999999934,0.2586104331939168,0.4930113077384523,0.24837825906763075
random_forest,data_confidence_diff,3,0.050999999999999934,0.20276610385894236,0.43389342704677686,0.3633404690942806
random_forest,data_confidence_diff,4,0.050999999999999934,0.02419706397192505,0.7075917552600006,0.2682111807680743
random_forest,data_confidence_diff,5,0.050999999999999934,0.05619527140163689,0.6670420862003534,0.27676264239800974
random_forest,data_confidence_diff,6,0.050999999999999934,0.06394203091613884,0.6348727133939435,0.3011852556899178
random_forest,data_confidence_diff,7,0.050999999999999934,0.0900231399817311,0.6841793097171678,0.22579755030110082
random_forest,data_confidence_diff,8,0.050999999999999934,0.22506698662710248,0.515747063527205,0.2591859498456925
random_forest,data_confidence_diff,9,0.050999999999999934,0.6952254902045237,0.11105825850111228,0.1937162512943642
random_forest,data_confidence_diff,10,0.050999999999999934,0.6873578120597603,0.14826448034276146,0.1643777075974779
random_forest,data_confidence_diff,11,0.050999999999999934,0.1211282798999262,0.4811313578627678,0.3977403622373063
random_forest,data_confidence_diff,12,0.050999999999999934,0.1796721777279283,0.4191220559355518,0.4012057663365199
random_forest,data_confidence_diff,13,0.050999999999999934,0.22708496510286078,0.5184653787790985,0.25444965611804077
random_forest,data_confidence_diff,14,0.050999999999999934,0.7806819816096238,0.029219471115777853,0.19009854727459843
random_forest,data_confidence_diff,15,0.050999999999999934,0.4002755886915889,0.1891890716785546,0.4105353396298566
random_forest,data_confidence_diff,16,0.050999999999999934,0.7730502359083878,0.029251847404253278,0.1976979166873588
random_forest,data_confidence_diff,17,0.050999999999999934,0.7306086262759669,0.07368534286557855,0.19570603085845462
random_forest,data_confidence_diff,18,0.050999999999999934,0.7426555040544249,0.03756045804315104,0.21978403790242437
random_forest,data_confidence_diff,19,0.050999999999999934,0.08414968473023232,0.527700814976589,0.3881495002931786
random_forest,data_confidence_diff,20,0.050999999999999934,0.6168821214766956,0.07424865145315189,0.3088692270701525
random_forest,data_confidence_diff,21,0.050999999999999934,0.040988395298771456,0.6786241532521403,0.2803874514490881
random_forest,data_confidence_diff,22,0.050999999999999934,0.03877892745043414,0.819634562539305,0.1415865100102611
random_forest,data_confidence_diff,23,0.050999999999999934,0.666568188172375,0.084622939645481,0.24880887218214373
random_forest,data_confidence_diff,24,0.050999999999999934,0.1288850272475013,0.6408170781454995,0.23029789460699923
random_forest,data_confidence_diff,25,0.050999999999999934,0.6104721354516667,0.10433816565396957,0.2851896988943635
random_forest,data_confidence_diff,26,0.050999999999999934,0.6527007974017321,0.021917585356409183,0.3253816172418588
random_forest,data_confidence_diff,27,0.050999999999999934,0.14390471609941324,0.4039868227103631,0.4521084611902236
random_forest,data_confidence_diff,28,0.050999999999999934,0.6581658770003542,0.12424670605005679,0.21758741694958852
random_forest,data_confidence_diff,29,0.050999999999999934,0.42462888975877666,0.312207530421205,0.2631635798200184
random_forest,data_confidence_diff,30,0.050999999999999934,0.05158796792216574,0.5188548752969405,0.42955715678089396
random_forest,data_confidence_diff,31,0.050999999999999934,0.01828512782589449,0.7228012420830817,0.25891363009102364
random_forest,data_confidence_diff,32,0.050999999999999934,0.4772799744628187,0.2993044662472775,0.2234155592899039
random_forest,data_confidence_diff,33,0.050999999999999934,0.6295026400647564,0.16348793372674567,0.2070094262084974
random_forest,data_confidence_diff,34,0.050999999999999934,0.41585159839562524,0.3471924650447685,0.2369559365596062
random_forest,data_confidence_diff,35,0.050999999999999934,0.8092214673798526,0.06586398436505271,0.12491454825509467
random_forest,data_confidence_diff,36,0.050999999999999934,0.448111049342927,0.27000677294519215,0.2818821777118812
random_forest,data_confidence_diff,37,0.050999999999999934,0.02347166499448933,0.7794534468540281,0.19707488815148255
random_forest,data_confidence_diff,38,0.050999999999999934,0.39582789176852645,0.21846040185880733,0.3857117063726663
random_forest,data_confidence_diff,39,0.050999999999999934,0.8592962224523828,0.02252754185689086,0.11817623569072626
random_forest,data_confidence_diff,40,0.050999999999999934,0.37684667913008235,0.3327103713164351,0.29044294955348243
random_forest,data_confidence_diff,41,0.050999999999999934,0.016389543585884063,0.7816104428088809,0.20200001360523492
random_forest,data_confidence_diff,42,0.050999999999999934,0.663896634791907,0.018999301110397996,0.3171040640976949
random_forest,data_confidence_diff,43,0.050999999999999934,0.23804602810533493,0.3765056783710807,0.38544829352358434
random_forest,data_confidence_diff,44,0.050999999999999934,0.08344312687865868,0.6784724142801033,0.23808445884123805
random_forest,data_confidence_diff,45,0.050999999999999934,0.44156885690894776,0.18179636962322288,0.3766347734678294
random_forest,data_confidence_diff,46,0.050999999999999934,0.0543468052990829,0.6812150535828169,0.2644381411181
random_forest,data_confidence_diff,47,0.050999999999999934,0.14941306180914554,0.4958216267438909,0.35476531144696355
random_forest,data_confidence_diff,48,0.050999999999999934,0.7987637476051113,0.08427939143987893,0.11695686095500973
random_forest,data_confidence_diff,49,0.050999999999999934,0.4464426935237487,0.2145693530982563,0.3389879533779947
random_forest,data_confidence_diff,0,0.08000000000000007,0.23100097692517,0.43182857855075846,0.3371704445240716
random_forest,data_confidence_diff,1,0.08000000000000007,0.10685409268861636,0.5097935898763017,0.3833523174350822
random_forest,data_confidence_diff,2,0.08000000000000007,0.2586325635749279,0.4958407850510178,0.24552665137405416
random_forest,data_confidence_diff,3,0.08000000000000007,0.20042615633371705,0.43241282541760523,0.36716101824867753
random_forest,data_confidence_diff,4,0.08000000000000007,0.02482851346942183,0.7111533513074634,0.26401813522311474
random_forest,data_confidence_diff,5,0.08000000000000007,0.055441966289339374,0.6736622150633941,0.27089581864726653
random_forest,data_confidence_diff,6,0.08000000000000007,0.06490889372249076,0.6346021318595637,0.3004889744179455
random_forest,data_confidence_diff,7,0.08000000000000007,0.08964050011478315,0.6884232231144988,0.22193627677071778
random_forest,data_confidence_diff,8,0.08000000000000007,0.22618673685308474,0.5178040173908726,0.2560092457560426
random_forest,data_confidence_diff,9,0.08000000000000007,0.6948601109686917,0.11053382568176597,0.19460606334954267
random_forest,data_confidence_diff,10,0.08000000000000007,0.6901608784495527,0.14546141395296924,0.1643777075974779
random_forest,data_confidence_diff,11,0.08000000000000007,0.12078018710135634,0.49152971876405943,0.38769009413458444
random_forest,data_confidence_diff,12,0.08000000000000007,0.18109603614841552,0.4146823051707185,0.40422165868086596
random_forest,data_confidence_diff,13,0.08000000000000007,0.2252117559781369,0.520747264517042,0.254040979504821
random_forest,data_confidence_diff,14,0.08000000000000007,0.7827840195083232,0.028786467054248015,0.1884295134374289
random_forest,data_confidence_diff,15,0.08000000000000007,0.3969649488616826,0.18635938213562567,0.4166756690026918
random_forest,data_confidence_diff,16,0.08000000000000007,0.7664974387627956,0.029536430247011653,0.20396613099019267
random_forest,data_confidence_diff,17,0.08000000000000007,0.7302236181294323,0.07558206621524194,0.19419431565532583
random_forest,data_confidence_diff,18,0.08000000000000007,0.746717259980653,0.037462479746604355,0.215820260272743
random_forest,data_confidence_diff,19,0.08000000000000007,0.08436144268202024,0.5425618385006564,0.3730767188173232
random_forest,data_confidence_diff,20,0.08000000000000007,0.606527437199401,0.0775046811249009,0.31596788167569806
random_forest,data_confidence_diff,21,0.08000000000000007,0.04104807139497699,0.687013825139001,0.2719381034660218
random_forest,data_confidence_diff,22,0.08000000000000007,0.03852842961400485,0.8213985604522924,0.1400730099337029
random_forest,data_confidence_diff,23,0.08000000000000007,0.667134041107889,0.08483630849195815,0.24802965040015265
random_forest,data_confidence_diff,24,0.08000000000000007,0.1333025768100891,0.6409560438663278,0.22574137932358318
random_forest,data_confidence_diff,25,0.08000000000000007,0.6057323208377702,0.10576514303028504,0.28850253613194465
random_forest,data_confidence_diff,26,0.08000000000000007,0.6570333839162099,0.022563958264416175,0.32040265781937405
random_forest,data_confidence_diff,27,0.08000000000000007,0.14285218749814102,0.4075478709540918,0.4495999415477671
random_forest,data_confidence_diff,28,0.08000000000000007,0.6566296920371688,0.12489307895806379,0.21847722900476704
random_forest,data_confidence_diff,29,0.08000000000000007,0.4261997831346392,0.31326892683189755,0.2605312900334632
random_forest,data_confidence_diff,30,0.08000000000000007,0.050919903777779156,0.5313681387409566,0.4177119574812644
random_forest,data_confidence_diff,31,0.08000000000000007,0.01753837183033956,0.7242654034275109,0.2581962247421495
random_forest,data_confidence_diff,32,0.08000000000000007,0.4772799744628187,0.2993044662472775,0.2234155592899039
random_forest,data_confidence_diff,33,0.08000000000000007,0.6317067733393226,0.16351748686280565,0.2047757397978713
random_forest,data_confidence_diff,34,0.08000000000000007,0.41585159839562524,0.3471924650447685,0.2369559365596062
random_forest,data_confidence_diff,35,0.08000000000000007,0.805544717457035,0.06756442313818523,0.1268908594047797
random_forest,data_confidence_diff,36,0.08000000000000007,0.44813317972393807,0.27283625025775765,0.2790305700183045
random_forest,data_confidence_diff,37,0.08000000000000007,0.024281957492516493,0.7745673214357072,0.2011507210717763
random_forest,data_confidence_diff,38,0.08000000000000007,0.3885573230368416,0.2222577545487312,0.3891849224144273
random_forest,data_confidence_diff,39,0.08000000000000007,0.8613982603510822,0.02209453779536102,0.11650720185355673
random_forest,data_confidence_diff,40,0.08000000000000007,0.3722255549152203,0.3391525025655034,0.2886219425192762
random_forest,data_confidence_diff,41,0.08000000000000007,0.01627323254438606,0.7840669000849386,0.19965986737067523
random_forest,data_confidence_diff,42,0.08000000000000007,0.6557812356303998,0.01856629704886816,0.3256524673207319
random_forest,data_confidence_diff,43,0.08000000000000007,0.23708737466540244,0.3752294084286267,0.3876832169059709
random_forest,data_confidence_diff,44,0.08000000000000007,0.0840954615094099,0.673653741104092,0.242250797386498
random_forest,data_confidence_diff,45,0.08000000000000007,0.4301844493626054,0.1860255768523179,0.38378997378507673
random_forest,data_confidence_diff,46,0.08000000000000007,0.05359350018678538,0.6878351824458574,0.25857131736735683
random_forest,data_confidence_diff,47,0.08000000000000007,0.15060834417256183,0.49627661220113245,0.3531150436263057
random_forest,data_confidence_diff,48,0.08000000000000007,0.7950869976822936,0.08597983021301144,0.11893317210469478
random_forest,data_confidence_diff,49,0.08000000000000007,0.43912427250084035,0.2109078162885506,0.3499679112106089
random_forest,data_confidence_diff,0,0.11700000000000003,0.2309176162374927,0.4160602340910741,0.3530221496714332
random_forest,data_confidence_diff,1,0.11700000000000003,0.10588273526791109,0.5251941024182818,0.36892316231380756
random_forest,data_confidence_diff,2,0.11700000000000003,0.2542893128701193,0.50672697517801,0.2389837119518707
random_forest,data_confidence_diff,3,0.11700000000000003,0.20063986581319224,0.4323857604002017,0.3669743737866058
random_forest,data_confidence_diff,4,0.11700000000000003,0.024781899811509217,0.7170930067172278,0.25812509347126306
random_forest,data_confidence_diff,5,0.11700000000000003,0.05614838333594774,0.6743190224403675,0.2695325942236848
random_forest,data_confidence_diff,6,0.11700000000000003,0.060455244305014866,0.6681896497211159,0.27135510597386914
random_forest,data_confidence_diff,7,0.11700000000000003,0.08441318070940662,0.7359592610633171,0.17962755822727572
random_forest,data_confidence_diff,8,0.11700000000000003,0.22258549143005454,0.5252040712236666,0.2522104373462787
random_forest,data_confidence_diff,9,0.11700000000000003,0.6915462203182267,0.11240455576390958,0.19604922391786397
random_forest,data_confidence_diff,10,0.11700000000000003,0.6774376991927227,0.15383567021898542,0.16872663058829185
random_forest,data_confidence_diff,11,0.11700000000000003,0.12036406724314318,0.49758097950638325,0.38205495325047373
random_forest,data_confidence_diff,12,0.11700000000000003,0.181794511107062,0.4184896454255153,0.3997158434674228
random_forest,data_confidence_diff,13,0.11700000000000003,0.22115269576432495,0.553246236772804,0.2256010674628708
random_forest,data_confidence_diff,14,0.11700000000000003,0.7891191561016299,0.028432640985375592,0.18244820291299438
random_forest,data_confidence_diff,15,0.11700000000000003,0.39547201623018124,0.18517193405314922,0.41935604971666957
random_forest,data_confidence_diff,16,0.11700000000000003,0.7638139428292937,0.029291073441497024,0.20689498372920911
random_forest,data_confidence_diff,17,0.11700000000000003,0.728642097210725,0.08243239214205061,0.1889255106472244
random_forest,data_confidence_diff,18,0.11700000000000003,0.7450550244152522,0.04420479856505017,0.21074017701969794
random_forest,data_confidence_diff,19,0.11700000000000003,0.08727788708487533,0.57653948993024,0.3361826229848846
random_forest,data_confidence_diff,20,0.11700000000000003,0.6121056379381241,0.07559317974808398,0.31230118231379195
random_forest,data_confidence_diff,21,0.11700000000000003,0.041006628096859406,0.6920695946269201,0.26692377727622035
random_forest,data_confidence_diff,22,0.11700000000000003,0.036708404425277154,0.8365949569315431,0.12669663864318023
random_forest,data_confidence_diff,23,0.11700000000000003,0.6777470431673661,0.08687782088101208,0.23537513595162166
random_forest,data_confidence_diff,24,0.11700000000000003,0.12912202653817315,0.6721580204507479,0.1987199530110789
random_forest,data_confidence_diff,25,0.11700000000000003,0.6150626823189743,0.10582093079269576,0.2791163868883299
random_forest,data_confidence_diff,26,0.11700000000000003,0.664213266146859,0.02265806503837474,0.3131286688147664
random_forest,data_confidence_diff,27,0.11700000000000003,0.14602937436669094,0.40564917310613624,0.44832145252717276
random_forest,data_confidence_diff,28,0.11700000000000003,0.6578868871804,0.12872743629308822,0.21338567652651141
random_forest,data_confidence_diff,29,0.11700000000000003,0.4273515428203046,0.31401161314260834,0.25863684403708714
random_forest,data_confidence_diff,30,0.11700000000000003,0.05058924899424752,0.5371316574790631,0.41227909352668957
random_forest,data_confidence_diff,31,0.11700000000000003,0.0166872021411067,0.7449322678040362,0.23838053005485682
random_forest,data_confidence_diff,32,0.11700000000000003,0.4699738425716166,0.3108756506824634,0.21915050674592026
random_forest,data_confidence_diff,33,0.11700000000000003,0.6350785772662809,0.1642073703247545,0.20071405240896423
random_forest,data_confidence_diff,34,0.11700000000000003,0.4201355005055028,0.3448202085335565,0.23504429096094073
random_forest,data_confidence_diff,35,0.11700000000000003,0.8032985248825814,0.0738485300569031,0.12285294506051553
random_forest,data_confidence_diff,36,0.11700000000000003,0.4441735121889259,0.27844340644852533,0.2773830813625491
random_forest,data_confidence_diff,37,0.11700000000000003,0.024902241671128717,0.7811234639176421,0.19397429441122918
random_forest,data_confidence_diff,38,0.11700000000000003,0.3993310564981832,0.2154882793119318,0.38518066418988495
random_forest,data_confidence_diff,39,0.11700000000000003,0.852407504708034,0.029673674964111885,0.11791882032785415
random_forest,data_confidence_diff,40,0.11700000000000003,0.369814595807009,0.34753975731493575,0.2826456468780551
random_forest,data_confidence_diff,41,0.11700000000000003,0.015157587257695164,0.8106657173242008,0.1741766954181039
random_forest,data_confidence_diff,42,0.11700000000000003,0.6579691572497456,0.01795879602141923,0.324072046728835
random_forest,data_confidence_diff,43,0.11700000000000003,0.23651675371217595,0.3858619770495247,0.37762126923829925
random_forest,data_confidence_diff,44,0.11700000000000003,0.07993797392075293,0.7116645567847585,0.20839746929448866
random_forest,data_confidence_diff,45,0.11700000000000003,0.4249158340286456,0.18635868022476154,0.388725485746593
random_forest,data_confidence_diff,46,0.11700000000000003,0.05383282535647637,0.6887555804784001,0.25741159416512305
random_forest,data_confidence_diff,47,0.11700000000000003,0.15130681913120825,0.5000839524559292,0.3486092284128625
random_forest,data_confidence_diff,48,0.11700000000000003,0.7890571044177735,0.09378553942850255,0.11715735615372368
random_forest,data_confidence_diff,49,0.11700000000000003,0.4377036115360995,0.21008521856478227,0.3522111698991181
random_forest,data_confidence_diff,0,0.16503571428571426,0.2236219300280996,0.41867648332386215,0.35770158664803825
random_forest,data_confidence_diff,1,0.16503571428571426,0.10701795516164177,0.534881653797309,0.35810039104104985
random_forest,data_confidence_diff,2,0.16503571428571426,0.25103673366099294,0.5010669730868046,0.24789629325220242
random_forest,data_confidence_diff,3,0.16503571428571426,0.19799292119487755,0.42673784392419023,0.37526923488093206
random_forest,data_confidence_diff,4,0.16503571428571426,0.0251112209515665,0.7143382209091426,0.2605505581392909
random_forest,data_confidence_diff,5,0.16503571428571426,0.05634471855767925,0.6907895513381591,0.2528657301041615
random_forest,data_confidence_diff,6,0.16503571428571426,0.05980128221798476,0.6762098306061208,0.2639888871758943
random_forest,data_confidence_diff,7,0.16503571428571426,0.08296457100109819,0.7379989834533659,0.1790364455455354
random_forest,data_confidence_diff,8,0.16503571428571426,0.21965024919364287,0.5092142703677603,0.27113548043859675
random_forest,data_confidence_diff,9,0.16503571428571426,0.6957504838142506,0.11251475353621039,0.1917347626495393
random_forest,data_confidence_diff,10,0.16503571428571426,0.659771884791864,0.15471332196564713,0.18551479324248885
random_forest,data_confidence_diff,11,0.16503571428571426,0.12028027424723031,0.5001731455717807,0.37954658018098913
random_forest,data_confidence_diff,12,0.16503571428571426,0.1811411303849498,0.4226631016626547,0.39619576795239553
random_forest,data_confidence_diff,13,0.16503571428571426,0.22349300993984098,0.5477023198188381,0.22880467024132087
random_forest,data_confidence_diff,14,0.16503571428571426,0.7788910296071537,0.028879765240429445,0.1922292051524169
random_forest,data_confidence_diff,15,0.16503571428571426,0.3934171111733497,0.18355752435432968,0.4230253644723208
random_forest,data_confidence_diff,16,0.16503571428571426,0.7604251469206552,0.02867331590938457,0.21090153716996005
random_forest,data_confidence_diff,17,0.16503571428571426,0.7297024575049642,0.07389078847839142,0.19640675401664454
random_forest,data_confidence_diff,18,0.16503571428571426,0.7588056418332526,0.03672382182137627,0.20447053634537138
random_forest,data_confidence_diff,19,0.16503571428571426,0.08832738426000991,0.572548268423808,0.339124347316182
random_forest,data_confidence_diff,20,0.16503571428571426,0.614853000924024,0.07478151420715627,0.3103654848688198
random_forest,data_confidence_diff,21,0.16503571428571426,0.041335949236916684,0.6893148088188349,0.2693492419442482
random_forest,data_confidence_diff,22,0.16503571428571426,0.03657055286723666,0.8353264549036692,0.1281029922290946
random_forest,data_confidence_diff,23,0.16503571428571426,0.6796585683801012,0.0858855543780534,0.23445587724184525
random_forest,data_confidence_diff,24,0.16503571428571426,0.1321114763032914,0.6653061232342491,0.20258240046245957
random_forest,data_confidence_diff,25,0.16503571428571426,0.6095622811906333,0.10130464935280183,0.28913306945656486
random_forest,data_confidence_diff,26,0.16503571428571426,0.6690678697789038,0.022029957901554407,0.30890217231954203
random_forest,data_confidence_diff,27,0.16503571428571426,0.1565908595031886,0.39530325600144584,0.44810588449536554
random_forest,data_confidence_diff,28,0.16503571428571426,0.67280643339685,0.11820652839133224,0.20898703821181774
random_forest,data_confidence_diff,29,0.16503571428571426,0.4270176749388079,0.31503896681812993,0.2579433582430623
random_forest,data_confidence_diff,30,0.16503571428571426,0.04991615314472248,0.5444329813238221,0.40565086553145546
random_forest,data_confidence_diff,31,0.16503571428571426,0.0166872021411067,0.7481701901550216,0.23514260770387152
random_forest,data_confidence_diff,32,0.16503571428571426,0.45919507080042415,0.30551172795917336,0.23529320124040276
random_forest,data_confidence_diff,33,0.16503571428571426,0.6261803189116825,0.1650023058428122,0.20881737524550495
random_forest,data_confidence_diff,34,0.16503571428571426,0.4229517275913988,0.3372281190565158,0.23982015335208542
random_forest,data_confidence_diff,35,0.16503571428571426,0.8019436571212645,0.06731762271182719,0.13073872016690835
random_forest,data_confidence_diff,36,0.16503571428571426,0.43248906482085664,0.2770026414340822,0.29050829374506143
random_forest,data_confidence_diff,37,0.16503571428571426,0.02426093067632665,0.7817647749124442,0.19397429441122918
random_forest,data_confidence_diff,38,0.16503571428571426,0.4084109381678233,0.21573165837272068,0.3758574034594559
random_forest,data_confidence_diff,39,0.16503571428571426,0.8568288869818322,0.023573975964047894,0.11959713705411978
random_forest,data_confidence_diff,40,0.16503571428571426,0.37023655910013803,0.34399257565504177,0.2857708652448201
random_forest,data_confidence_diff,41,0.16503571428571426,0.015157587257695164,0.8139036396751861,0.17093877306711866
random_forest,data_confidence_diff,42,0.16503571428571426,0.6661103996795824,0.018369209733039415,0.3155203905873781
random_forest,data_confidence_diff,43,0.16503571428571426,0.2330664100354678,0.38555136989027883,0.3813822200742532
random_forest,data_confidence_diff,44,0.16503571428571426,0.08422225043653751,0.7123961326145287,0.20338161694893372
random_forest,data_confidence_diff,45,0.16503571428571426,0.4304279274998652,0.18238874846729589,0.387183324032839
random_forest,data_confidence_diff,46,0.16503571428571426,0.0532477570326657,0.7081443139752847,0.23860792899204922
random_forest,data_confidence_diff,47,0.16503571428571426,0.14981965925851456,0.49755909671678666,0.3526212440246988
random_forest,data_confidence_diff,48,0.16503571428571426,0.776122186698993,0.09542022271729522,0.1284575905837116
random_forest,data_confidence_diff,49,0.16503571428571426,0.43865560735618514,0.2096633120696556,0.3516810805741591
random_forest,data_confidence_diff,0,0.21099999999999997,0.21654796150056907,0.41499047846910614,0.36846156003032476
random_forest,data_confidence_diff,1,0.21099999999999997,0.10809381950772858,0.5307118004820836,0.3611943800101884
random_forest,data_confidence_diff,2,0.21099999999999997,0.25165282666358507,0.49719087648162086,0.251156296854794
random_forest,data_confidence_diff,3,0.21099999999999997,0.19799292119487755,0.42673784392419023,0.37526923488093206
random_forest,data_confidence_diff,4,0.21099999999999997,0.0251112209515665,0.7143382209091426,0.2605505581392909
random_forest,data_confidence_diff,5,0.21099999999999997,0.05742058290376606,0.6866196980229337,0.25595971907330006
random_forest,data_confidence_diff,6,0.21099999999999997,0.05980128221798476,0.6762098306061208,0.2639888871758943
random_forest,data_confidence_diff,7,0.21099999999999997,0.08028003677797117,0.7418987855574007,0.1778211776646276
random_forest,data_confidence_diff,8,0.21099999999999997,0.21666822923421533,0.5016745178344268,0.28165725293135774
random_forest,data_confidence_diff,9,0.21099999999999997,0.6983883394398793,0.11336176590336215,0.1882498946567587
random_forest,data_confidence_diff,10,0.21099999999999997,0.6547419331451424,0.1615148601952127,0.18374320665964475
random_forest,data_confidence_diff,11,0.21099999999999997,0.12240130721343091,0.4883360444096057,0.3892626483769635
random_forest,data_confidence_diff,12,0.21099999999999997,0.18040533478052231,0.4167304141983022,0.40286425102117546
random_forest,data_confidence_diff,13,0.21099999999999997,0.21979666571444514,0.5481386604416423,0.23206467384391252
random_forest,data_confidence_diff,14,0.21099999999999997,0.7846592399948894,0.030040833674430552,0.18529992633067996
random_forest,data_confidence_diff,15,0.21099999999999997,0.4070881690503659,0.1830832747847577,0.4098285561648765
random_forest,data_confidence_diff,16,0.21099999999999997,0.7562869687834074,0.02743750862438778,0.21627552259220473
random_forest,data_confidence_diff,17,0.21099999999999997,0.737366906238684,0.07311407113335966,0.18951902262795636
random_forest,data_confidence_diff,18,0.21099999999999997,0.7588056418332526,0.03672382182137627,0.20447053634537138
random_forest,data_confidence_diff,19,0.21099999999999997,0.08744633041072086,0.5746128425941396,0.33794082699513955
random_forest,data_confidence_diff,20,0.21099999999999997,0.6134555169372586,0.07646049957205166,0.31008398349068983
random_forest,data_confidence_diff,21,0.21099999999999997,0.040496696985630846,0.6887740000454662,0.2707293029689027
random_forest,data_confidence_diff,22,0.21099999999999997,0.03711344605133343,0.8347835617195724,0.1281029922290946
random_forest,data_confidence_diff,23,0.21099999999999997,0.6719308048201147,0.0858855543780534,0.24218364080183172
random_forest,data_confidence_diff,24,0.21099999999999997,0.12780465871402377,0.6623247430519184,0.2098705982340581
random_forest,data_confidence_diff,25,0.21099999999999997,0.6196399292288636,0.10402445252972224,0.2763356182414141
random_forest,data_confidence_diff,26,0.21099999999999997,0.6613401062189174,0.022029957901554407,0.3166299358795285
random_forest,data_confidence_diff,27,0.21099999999999997,0.1565908595031886,0.39530325600144584,0.44810588449536554
random_forest,data_confidence_diff,28,0.21099999999999997,0.6728407256396317,0.11786492578371505,0.2092943485766532
random_forest,data_confidence_diff,29,0.21099999999999997,0.43115585384499105,0.3080358271598758,0.26080831899513324
random_forest,data_confidence_diff,30,0.21099999999999997,0.04991615314472248,0.5444329813238221,0.40565086553145546
random_forest,data_confidence_diff,31,0.21099999999999997,0.0166872021411067,0.7481701901550216,0.23514260770387152
random_forest,data_confidence_diff,32,0.21099999999999997,0.45904295822731145,0.31086453342572723,0.2300925083469616
random_forest,data_confidence_diff,33,0.21099999999999997,0.6261803189116825,0.1650023058428122,0.20881737524550495
random_forest,data_confidence_diff,34,0.21099999999999997,0.41819333850643914,0.346391589652667,0.23541507184089383
random_forest,data_confidence_diff,35,0.21099999999999997,0.8096081058549843,0.06654090536679544,0.12385098877822022
random_forest,data_confidence_diff,36,0.21099999999999997,0.4374458857832795,0.2772465133651006,0.28530760085162027
random_forest,data_confidence_diff,37,0.21099999999999997,0.02426093067632665,0.7817647749124442,0.19397429441122918
random_forest,data_confidence_diff,38,0.21099999999999997,0.4194441404192108,0.214410396435997,0.36614546314479224
random_forest,data_confidence_diff,39,0.21099999999999997,0.8597056827257337,0.024647638311709703,0.11564667896255665
random_forest,data_confidence_diff,40,0.21099999999999997,0.3659297415108705,0.3410111954727109,0.2930590630164186
random_forest,data_confidence_diff,41,0.21099999999999997,0.015823405174168397,0.8076393246300576,0.17653727019577392
random_forest,data_confidence_diff,42,0.21099999999999997,0.664431414314687,0.020048195097934807,0.3155203905873781
random_forest,data_confidence_diff,43,0.21099999999999997,0.233892324214474,0.3894484503074354,0.3766592254780905
random_forest,data_confidence_diff,44,0.21099999999999997,0.08052590621114171,0.7128324732373329,0.20664162055152532
random_forest,data_confidence_diff,45,0.21099999999999997,0.4449367909583113,0.18001973441695507,0.3750434746247337
random_forest,data_confidence_diff,46,0.21099999999999997,0.05228488545494477,0.7011811890265952,0.24653392551845965
random_forest,data_confidence_diff,47,0.21099999999999997,0.14846777065149494,0.49550250585761796,0.3560297234908871
random_forest,data_confidence_diff,48,0.21099999999999997,0.7808335706303234,0.09759657017465297,0.12156985919502346
random_forest,data_confidence_diff,49,0.21099999999999997,0.4530152169397598,0.21194317558202322,0.3350416074782167
random_forest,data_confidence_diff,0,0.26389999999999963,0.21804934115450592,0.41687941257725963,0.36507124626823445
random_forest,data_confidence_diff,1,0.26389999999999963,0.11019433846490458,0.5266944581419333,0.36311120339316266
random_forest,data_confidence_diff,2,0.26389999999999963,0.24801422487220948,0.4879351483193946,0.2640506268083959
random_forest,data_confidence_diff,3,0.26389999999999963,0.19161091512378034,0.4268847086364465,0.38150437623977296
random_forest,data_confidence_diff,4,0.26389999999999963,0.0251112209515665,0.7143382209091426,0.2605505581392909
random_forest,data_confidence_diff,5,0.26389999999999963,0.05786198148994593,0.6840099803406073,0.2581280381694465
random_forest,data_confidence_diff,6,0.26389999999999963,0.05980128221798476,0.6762098306061208,0.2639888871758943
random_forest,data_confidence_diff,7,0.26389999999999963,0.08254152526805533,0.7396372970673166,0.1778211776646276
random_forest,data_confidence_diff,8,0.26389999999999963,0.21666822923421533,0.5016745178344268,0.28165725293135774
random_forest,data_confidence_diff,9,0.26389999999999963,0.6956554235972074,0.11469027476898914,0.18965430163380367
random_forest,data_confidence_diff,10,0.26389999999999963,0.6525451675403278,0.16371162580002727,0.18374320665964475
random_forest,data_confidence_diff,11,0.26389999999999963,0.12186092714531267,0.4837989795643744,0.3943400932903131
random_forest,data_confidence_diff,12,0.26389999999999963,0.1819718875796358,0.4128020244028176,0.4052260880175466
random_forest,data_confidence_diff,13,0.26389999999999963,0.21986183885962182,0.5423213365380042,0.23781682460237394
random_forest,data_confidence_diff,14,0.26389999999999963,0.7864012019308481,0.030119756345634453,0.18347904172351767
random_forest,data_confidence_diff,15,0.26389999999999963,0.4070881690503659,0.1830832747847577,0.4098285561648765
random_forest,data_confidence_diff,16,0.26389999999999963,0.7519290725779834,0.02743750862438778,0.22063341879762868
random_forest,data_confidence_diff,17,0.26389999999999963,0.7377731977901457,0.0733965968926304,0.18883020531722394
random_forest,data_confidence_diff,18,0.26389999999999963,0.7649570179523469,0.03987644871669791,0.19516653333095543
random_forest,data_confidence_diff,19,0.26389999999999963,0.08744633041072086,0.5746128425941396,0.33794082699513955
random_forest,data_confidence_diff,20,0.26389999999999963,0.6068378803803264,0.07228373444572614,0.32087838517394757
random_forest,data_confidence_diff,21,0.26389999999999963,0.04047729811256864,0.6914989352784094,0.26802376660902166
random_forest,data_confidence_diff,22,0.26389999999999963,0.03618128683080848,0.8348695669055171,0.12894914626367474
random_forest,data_confidence_diff,23,0.26389999999999963,0.6719308048201147,0.0858855543780534,0.24218364080183172
random_forest,data_confidence_diff,24,0.26389999999999963,0.12737814086250468,0.6532438302931928,0.2193780288443027
random_forest,data_confidence_diff,25,0.26389999999999963,0.6196399292288636,0.10402445252972224,0.2763356182414141
random_forest,data_confidence_diff,26,0.26389999999999963,0.6474475259187605,0.021207522163822753,0.3313449519174169
random_forest,data_confidence_diff,27,0.26389999999999963,0.15605047943507036,0.3907661911562145,0.4531833294087151
random_forest,data_confidence_diff,28,0.26389999999999963,0.6759909751298627,0.11633490663655467,0.20767411823358253
random_forest,data_confidence_diff,29,0.26389999999999963,0.43115585384499105,0.3080358271598758,0.26080831899513324
random_forest,data_confidence_diff,30,0.26389999999999963,0.04991615314472248,0.5444329813238221,0.40565086553145546
random_forest,data_confidence_diff,31,0.26389999999999963,0.016195511144410948,0.744906601299934,0.23889788755565478
random_forest,data_confidence_diff,32,0.26389999999999963,0.45904295822731145,0.31086453342572723,0.2300925083469616
random_forest,data_confidence_diff,33,0.26389999999999963,0.6261803189116825,0.1650023058428122,0.20881737524550495
random_forest,data_confidence_diff,34,0.26389999999999963,0.4102371096904433,0.35059398302810396,0.23916890728145268
random_forest,data_confidence_diff,35,0.26389999999999963,0.8127583553452155,0.06501088621963508,0.12223075843514956
random_forest,data_confidence_diff,36,0.26389999999999963,0.43374211084672726,0.2738081091065124,0.2924497800467607
random_forest,data_confidence_diff,37,0.26389999999999963,0.02426093067632665,0.7817647749124442,0.19397429441122918
random_forest,data_confidence_diff,38,0.26389999999999963,0.4194441404192108,0.214410396435997,0.36614546314479224
random_forest,data_confidence_diff,39,0.26389999999999963,0.8638815388924614,0.024726560982913606,0.11139190012462508
random_forest,data_confidence_diff,40,0.26389999999999963,0.3659949146560471,0.33519387156907277,0.29881121377488007
random_forest,data_confidence_diff,41,0.26389999999999963,0.015331714177472646,0.8043757357749701,0.18029255004755718
random_forest,data_confidence_diff,42,0.26389999999999963,0.6648377058661488,0.020330720857205543,0.3148315732766456
random_forest,data_confidence_diff,43,0.26389999999999963,0.23599284317165004,0.38543110796728525,0.3785760488610648
random_forest,data_confidence_diff,44,0.26389999999999963,0.08009938835962262,0.7037515604786072,0.21614905116177005
random_forest,data_confidence_diff,45,0.26389999999999963,0.4449367909583113,0.18001973441695507,0.3750434746247337
random_forest,data_confidence_diff,46,0.26389999999999963,0.05326666410924288,0.7031085361895002,0.2436247997012565
random_forest,data_confidence_diff,47,0.26389999999999963,0.14996915030543176,0.49739143996577145,0.35263940972879687
random_forest,data_confidence_diff,48,0.26389999999999963,0.7760275913045587,0.10026894440292962,0.12370346429251163
random_forest,data_confidence_diff,49,0.26389999999999963,0.4583185966753005,0.2112620115510702,0.33041939177362906
